user_id,age,gender,height,start_weight,goal,activity_level,gym_days_target,tdee,calorie_target,protein_target,base_adherence,week,weight,avg_daily_calories,avg_daily_protein,gym_days,adherence_score,weight_change,end_weight
user_01,46,M,179,72,weight_loss,sedentary,0,1936.5,1549.5,129.6,0.65,1,71.7,1573.5,106.4,0,0.7,-0.31,71.7
user_01,46,M,179,72,weight_loss,sedentary,0,1936.5,1549.5,129.6,0.65,2,71.5,1668.5,118.9,0,0.76,-0.24,71.5
user_01,46,M,179,72,weight_loss,sedentary,0,1936.5,1549.5,129.6,0.65,3,71.1,1607.5,79.8,0,0.62,-0.4,71.1
user_01,46,M,179,72,weight_loss,sedentary,0,1936.5,1549.5,129.6,0.65,4,70.8,1520.5,85.6,0,0.49,-0.27,70.8
user_01,46,M,179,72,weight_loss,sedentary,0,1936.5,1549.5,129.6,0.65,5,70.7,1667.5,104.3,0,0.48,-0.09,70.7
user_01,46,M,179,72,weight_loss,sedentary,0,1936.5,1549.5,129.6,0.65,6,70.6,1898.5,93.8,0,0.57,-0.13,70.6
user_01,46,M,179,72,weight_loss,sedentary,0,1936.5,1549.5,129.6,0.65,7,70.3,1666.5,106.8,0,0.73,-0.3,70.3
user_01,46,M,179,72,weight_loss,sedentary,0,1936.5,1549.5,129.6,0.65,8,70.0,1807.5,114.2,0,0.73,-0.31,70.0
user_01,46,M,179,72,weight_loss,sedentary,0,1936.5,1549.5,129.6,0.65,9,69.5,1644.5,105.8,0,0.57,-0.54,69.5
user_01,46,M,179,72,weight_loss,sedentary,0,1936.5,1549.5,129.6,0.65,10,69.0,1577.5,85.6,0,0.7,-0.53,69.0
user_01,46,M,179,72,weight_loss,sedentary,0,1936.5,1549.5,129.6,0.65,11,69.1,1727.5,102.4,0,0.47,0.05,69.1
user_01,46,M,179,72,weight_loss,sedentary,0,1936.5,1549.5,129.6,0.65,12,68.6,1437.5,104.3,0,0.58,-0.48,68.6
user_01,46,M,179,72,weight_loss,sedentary,0,1936.5,1549.5,129.6,0.65,13,68.4,1770.5,98.7,0,0.66,-0.19,68.4
user_01,46,M,179,72,weight_loss,sedentary,0,1936.5,1549.5,129.6,0.65,14,68.1,1573.5,93.0,0,0.48,-0.31,68.1
user_01,46,M,179,72,weight_loss,sedentary,0,1936.5,1549.5,129.6,0.65,15,67.9,1387.5,82.3,0,0.58,-0.24,67.9
user_02,41,F,154,71,weight_loss,light,3,1796.4,1305.4,127.8,0.95,1,70.6,1404.4,132.8,3,1.0,-0.44,70.6
user_02,41,F,154,71,weight_loss,light,3,1796.4,1305.4,127.8,0.95,2,70.4,1237.4,128.7,3,1.0,-0.15,70.4
user_02,41,F,154,71,weight_loss,light,3,1796.4,1305.4,127.8,0.95,3,70.1,1242.4,134.3,2,0.88,-0.3,70.1
user_02,41,F,154,71,weight_loss,light,3,1796.4,1305.4,127.8,0.95,4,69.7,1237.4,115.9,2,0.87,-0.39,69.7
user_02,41,F,154,71,weight_loss,light,3,1796.4,1305.4,127.8,0.95,5,69.1,1327.4,134.3,2,0.87,-0.59,69.1
user_02,41,F,154,71,weight_loss,light,3,1796.4,1305.4,127.8,0.95,6,68.5,1251.4,136.7,2,0.82,-0.64,68.5
user_02,41,F,154,71,weight_loss,light,3,1796.4,1305.4,127.8,0.95,7,68.2,1361.4,128.8,2,0.92,-0.33,68.2
user_02,41,F,154,71,weight_loss,light,3,1796.4,1305.4,127.8,0.95,8,68.0,1377.4,133.4,2,0.92,-0.22,68.0
user_02,41,F,154,71,weight_loss,light,3,1796.4,1305.4,127.8,0.95,9,67.7,1240.4,133.3,3,1.0,-0.33,67.7
user_02,41,F,154,71,weight_loss,light,3,1796.4,1305.4,127.8,0.95,10,67.2,1278.4,123.8,3,1.0,-0.52,67.2
user_02,41,F,154,71,weight_loss,light,3,1796.4,1305.4,127.8,0.95,11,67.2,1406.4,130.7,2,0.75,-0.03,67.2
user_02,41,F,154,71,weight_loss,light,3,1796.4,1305.4,127.8,0.95,12,66.9,1315.4,133.6,2,1.0,-0.3,66.9
user_02,41,F,154,71,weight_loss,light,3,1796.4,1305.4,127.8,0.95,13,66.3,1272.4,135.2,3,1.0,-0.65,66.3
user_02,41,F,154,71,weight_loss,light,3,1796.4,1305.4,127.8,0.95,14,65.8,1482.4,79.3,2,0.68,-0.46,65.8
user_02,41,F,154,71,weight_loss,light,3,1796.4,1305.4,127.8,0.95,15,65.2,1215.4,126.5,3,1.0,-0.64,65.2
user_03,29,M,176,89,weight_loss,moderate,4,2867.5,2380.5,160.2,0.66,1,88.9,2389.5,150.1,3,0.83,-0.12,88.9
user_03,29,M,176,89,weight_loss,moderate,4,2867.5,2380.5,160.2,0.66,2,88.9,2746.5,107.0,2,0.69,0.03,88.9
user_03,29,M,176,89,weight_loss,moderate,4,2867.5,2380.5,160.2,0.66,3,88.8,2488.5,112.2,2,0.54,-0.08,88.8
user_03,29,M,176,89,weight_loss,moderate,4,2867.5,2380.5,160.2,0.66,4,89.0,2754.5,116.0,1,0.48,0.15,89.0
user_03,29,M,176,89,weight_loss,moderate,4,2867.5,2380.5,160.2,0.66,5,88.9,2389.5,119.2,2,0.63,-0.11,88.9
user_03,29,M,176,89,weight_loss,moderate,4,2867.5,2380.5,160.2,0.66,6,88.6,2358.5,108.0,2,0.58,-0.34,88.6
user_03,29,M,176,89,weight_loss,moderate,4,2867.5,2380.5,160.2,0.66,7,88.4,2680.5,140.1,2,0.59,-0.17,88.4
user_03,29,M,176,89,weight_loss,moderate,4,2867.5,2380.5,160.2,0.66,8,88.0,2335.5,106.3,2,0.68,-0.4,88.0
user_03,29,M,176,89,weight_loss,moderate,4,2867.5,2380.5,160.2,0.66,9,87.8,2540.5,148.9,3,0.75,-0.23,87.8
user_03,29,M,176,89,weight_loss,moderate,4,2867.5,2380.5,160.2,0.66,10,87.6,2539.5,120.3,2,0.58,-0.16,87.6
user_03,29,M,176,89,weight_loss,moderate,4,2867.5,2380.5,160.2,0.66,11,87.7,2614.5,106.2,2,0.51,0.09,87.7
user_03,29,M,176,89,weight_loss,moderate,4,2867.5,2380.5,160.2,0.66,12,87.4,2484.5,97.9,2,0.69,-0.29,87.4
user_03,29,M,176,89,weight_loss,moderate,4,2867.5,2380.5,160.2,0.66,13,87.4,2769.5,130.4,2,0.71,0.01,87.4
user_03,29,M,176,89,weight_loss,moderate,4,2867.5,2380.5,160.2,0.66,14,87.1,2293.5,120.0,2,0.68,-0.28,87.1
user_03,29,M,176,89,weight_loss,moderate,4,2867.5,2380.5,160.2,0.66,15,86.5,2234.5,141.6,2,0.63,-0.57,86.5
user_04,20,F,156,56,weight_loss,sedentary,0,1528.8,1215.8,100.8,0.86,1,55.9,1224.8,101.3,0,0.88,-0.1,55.9
user_04,20,F,156,56,weight_loss,sedentary,0,1528.8,1215.8,100.8,0.86,2,55.6,1146.8,105.2,0,1.0,-0.25,55.6
user_04,20,F,156,56,weight_loss,sedentary,0,1528.8,1215.8,100.8,0.86,3,55.6,1457.8,75.8,0,0.63,-0.01,55.6
user_04,20,F,156,56,weight_loss,sedentary,0,1528.8,1215.8,100.8,0.86,4,55.4,1243.8,65.9,0,0.7,-0.17,55.4
user_04,20,F,156,56,weight_loss,sedentary,0,1528.8,1215.8,100.8,0.86,5,55.6,1432.8,84.8,0,0.67,0.21,55.6
user_04,20,F,156,56,weight_loss,sedentary,0,1528.8,1215.8,100.8,0.86,6,55.8,1505.8,110.1,0,0.75,0.25,55.8
user_04,20,F,156,56,weight_loss,sedentary,0,1528.8,1215.8,100.8,0.86,7,55.5,1021.8,103.5,0,0.77,-0.32,55.5
user_04,20,F,156,56,weight_loss,sedentary,0,1528.8,1215.8,100.8,0.86,8,55.3,1226.8,94.4,0,0.95,-0.22,55.3
user_04,20,F,156,56,weight_loss,sedentary,0,1528.8,1215.8,100.8,0.86,9,55.0,1116.8,109.1,0,0.84,-0.3,55.0
user_04,20,F,156,56,weight_loss,sedentary,0,1528.8,1215.8,100.8,0.86,10,54.5,1244.8,98.0,0,0.82,-0.54,54.5
user_04,20,F,156,56,weight_loss,sedentary,0,1528.8,1215.8,100.8,0.86,11,54.2,1280.8,106.3,0,0.94,-0.31,54.2
user_04,20,F,156,56,weight_loss,sedentary,0,1528.8,1215.8,100.8,0.86,12,54.4,1514.8,90.0,0,0.65,0.16,54.4
user_04,20,F,156,56,weight_loss,sedentary,0,1528.8,1215.8,100.8,0.86,13,54.2,1073.8,108.8,0,0.76,-0.23,54.2
user_04,20,F,156,56,weight_loss,sedentary,0,1528.8,1215.8,100.8,0.86,14,53.9,1223.8,68.6,0,0.68,-0.25,53.9
user_04,20,F,156,56,weight_loss,sedentary,0,1528.8,1215.8,100.8,0.86,15,53.8,1215.8,64.7,0,0.67,-0.08,53.8
user_05,43,M,166,84,maintenance,active,5,2876.4,2876.4,117.6,0.52,1,84.5,3117.4,102.3,3,0.66,0.45,84.5
user_05,43,M,166,84,maintenance,active,5,2876.4,2876.4,117.6,0.52,2,84.8,2821.4,89.2,3,0.6,0.26,84.8
user_05,43,M,166,84,maintenance,active,5,2876.4,2876.4,117.6,0.52,3,84.8,2709.4,90.1,2,0.44,0.02,84.8
user_05,43,M,166,84,maintenance,active,5,2876.4,2876.4,117.6,0.52,4,85.0,3274.4,74.3,2,0.49,0.22,85.0
user_05,43,M,166,84,maintenance,active,5,2876.4,2876.4,117.6,0.52,5,85.2,2962.4,101.4,2,0.41,0.21,85.2
user_05,43,M,166,84,maintenance,active,5,2876.4,2876.4,117.6,0.52,6,85.7,3130.4,90.8,2,0.46,0.51,85.7
user_05,43,M,166,84,maintenance,active,5,2876.4,2876.4,117.6,0.52,7,85.9,3233.4,72.2,2,0.51,0.2,85.9
user_05,43,M,166,84,maintenance,active,5,2876.4,2876.4,117.6,0.52,8,85.8,2967.4,97.8,2,0.56,-0.1,85.8
user_05,43,M,166,84,maintenance,active,5,2876.4,2876.4,117.6,0.52,9,85.8,2686.4,83.1,2,0.57,0.04,85.8
user_05,43,M,166,84,maintenance,active,5,2876.4,2876.4,117.6,0.52,10,85.8,2902.4,104.1,2,0.49,0.04,85.8
user_05,43,M,166,84,maintenance,active,5,2876.4,2876.4,117.6,0.52,11,85.7,2744.4,87.6,3,0.62,-0.14,85.7
user_05,43,M,166,84,maintenance,active,5,2876.4,2876.4,117.6,0.52,12,85.8,2919.4,72.4,1,0.39,0.08,85.8
user_05,43,M,166,84,maintenance,active,5,2876.4,2876.4,117.6,0.52,13,85.6,2876.4,97.8,1,0.37,-0.2,85.6
user_05,43,M,166,84,maintenance,active,5,2876.4,2876.4,117.6,0.52,14,85.7,2892.4,95.4,1,0.4,0.11,85.7
user_05,43,M,166,84,maintenance,active,5,2876.4,2876.4,117.6,0.52,15,85.4,2806.4,73.3,1,0.38,-0.32,85.4
user_06,34,F,155,53,muscle_gain,light,3,1605.7,1858.7,116.6,0.51,1,53.1,1759.7,90.6,1,0.64,0.1,53.1
user_06,34,F,155,53,muscle_gain,light,3,1605.7,1858.7,116.6,0.51,2,53.3,1674.7,103.2,1,0.49,0.07,53.3
user_06,34,F,155,53,muscle_gain,light,3,1605.7,1858.7,116.6,0.51,3,53.9,1975.7,103.5,1,0.39,0.53,53.9
user_06,34,F,155,53,muscle_gain,light,3,1605.7,1858.7,116.6,0.51,4,54.2,1738.7,93.0,1,0.45,0.28,54.2
user_06,34,F,155,53,muscle_gain,light,3,1605.7,1858.7,116.6,0.51,5,55.0,2194.7,101.6,1,0.48,0.66,55.0
user_06,34,F,155,53,muscle_gain,light,3,1605.7,1858.7,116.6,0.51,6,55.4,2146.7,103.0,1,0.46,0.25,55.4
user_06,34,F,155,53,muscle_gain,light,3,1605.7,1858.7,116.6,0.51,7,55.9,2058.7,76.3,1,0.54,0.49,55.9
user_06,34,F,155,53,muscle_gain,light,3,1605.7,1858.7,116.6,0.51,8,56.3,1992.7,94.4,1,0.57,0.27,56.3
user_06,34,F,155,53,muscle_gain,light,3,1605.7,1858.7,116.6,0.51,9,57.0,2155.7,84.7,1,0.57,0.72,57.0
user_06,34,F,155,53,muscle_gain,light,3,1605.7,1858.7,116.6,0.51,10,57.4,2029.7,99.5,1,0.55,0.32,57.4
user_06,34,F,155,53,muscle_gain,light,3,1605.7,1858.7,116.6,0.51,11,57.8,2183.7,90.8,1,0.56,0.4,57.8
user_06,34,F,155,53,muscle_gain,light,3,1605.7,1858.7,116.6,0.51,12,58.0,1788.7,94.3,1,0.53,0.11,58.0
user_06,34,F,155,53,muscle_gain,light,3,1605.7,1858.7,116.6,0.51,13,58.1,1696.7,81.0,1,0.4,0.15,58.1
user_06,34,F,155,53,muscle_gain,light,3,1605.7,1858.7,116.6,0.51,14,58.8,2054.7,91.9,1,0.43,0.68,58.8
user_06,34,F,155,53,muscle_gain,light,3,1605.7,1858.7,116.6,0.51,15,59.5,2107.7,70.8,1,0.6,0.72,59.5
user_07,43,F,163,83,muscle_gain,light,3,2025.0,2239.0,182.6,0.54,1,83.4,2179.0,130.6,1,0.51,0.44,83.4
user_07,43,F,163,83,muscle_gain,light,3,2025.0,2239.0,182.6,0.54,2,83.5,2067.0,151.6,1,0.52,0.02,83.5
user_07,43,F,163,83,muscle_gain,light,3,2025.0,2239.0,182.6,0.54,3,84.2,2310.0,157.4,1,0.46,0.59,84.2
user_07,43,F,163,83,muscle_gain,light,3,2025.0,2239.0,182.6,0.54,4,84.7,2397.0,138.2,1,0.5,0.52,84.7
user_07,43,F,163,83,muscle_gain,light,3,2025.0,2239.0,182.6,0.54,5,85.0,2467.0,129.0,1,0.39,0.31,85.0
user_07,43,F,163,83,muscle_gain,light,3,2025.0,2239.0,182.6,0.54,6,85.0,2331.0,111.9,1,0.43,0.03,85.0
user_07,43,F,163,83,muscle_gain,light,3,2025.0,2239.0,182.6,0.54,7,85.5,2623.0,115.6,1,0.62,0.52,85.5
user_07,43,F,163,83,muscle_gain,light,3,2025.0,2239.0,182.6,0.54,8,86.0,2225.0,161.6,1,0.48,0.39,86.0
user_07,43,F,163,83,muscle_gain,light,3,2025.0,2239.0,182.6,0.54,9,86.6,2478.0,158.0,1,0.47,0.51,86.6
user_07,43,F,163,83,muscle_gain,light,3,2025.0,2239.0,182.6,0.54,10,87.2,2264.0,118.7,1,0.61,0.55,87.2
user_07,43,F,163,83,muscle_gain,light,3,2025.0,2239.0,182.6,0.54,11,88.0,2613.0,122.2,1,0.42,0.77,88.0
user_07,43,F,163,83,muscle_gain,light,3,2025.0,2239.0,182.6,0.54,12,88.0,2264.0,130.6,1,0.52,-0.02,88.0
user_07,43,F,163,83,muscle_gain,light,3,2025.0,2239.0,182.6,0.54,13,88.8,2555.0,112.7,1,0.61,0.8,88.8
user_07,43,F,163,83,muscle_gain,light,3,2025.0,2239.0,182.6,0.54,14,88.8,2058.0,164.1,1,0.43,-0.13,88.8
user_07,43,F,163,83,muscle_gain,light,3,2025.0,2239.0,182.6,0.54,15,89.2,2100.0,164.1,1,0.57,0.35,89.2
user_08,38,M,180,82,maintenance,sedentary,1,2112.0,2112.0,114.8,0.77,1,81.9,2024.0,108.5,0,0.84,-0.06,81.9
user_08,38,M,180,82,maintenance,sedentary,1,2112.0,2112.0,114.8,0.77,2,81.9,2153.0,123.1,0,0.87,0.01,81.9
user_08,38,M,180,82,maintenance,sedentary,1,2112.0,2112.0,114.8,0.77,3,82.5,2452.0,99.5,0,0.63,0.58,82.5
user_08,38,M,180,82,maintenance,sedentary,1,2112.0,2112.0,114.8,0.77,4,83.0,2432.0,80.2,0,0.73,0.55,83.0
user_08,38,M,180,82,maintenance,sedentary,1,2112.0,2112.0,114.8,0.77,5,82.9,2137.0,82.9,0,0.7,-0.05,82.9
user_08,38,M,180,82,maintenance,sedentary,1,2112.0,2112.0,114.8,0.77,6,82.6,2087.0,86.0,0,0.61,-0.27,82.6
user_08,38,M,180,82,maintenance,sedentary,1,2112.0,2112.0,114.8,0.77,7,83.2,2504.0,71.0,0,0.71,0.59,83.2
user_08,38,M,180,82,maintenance,sedentary,1,2112.0,2112.0,114.8,0.77,8,83.0,2026.0,122.3,0,0.77,-0.17,83.0
user_08,38,M,180,82,maintenance,sedentary,1,2112.0,2112.0,114.8,0.77,9,83.1,2102.0,123.2,0,0.81,0.13,83.1
user_08,38,M,180,82,maintenance,sedentary,1,2112.0,2112.0,114.8,0.77,10,83.4,2247.0,118.4,0,0.77,0.33,83.4
user_08,38,M,180,82,maintenance,sedentary,1,2112.0,2112.0,114.8,0.77,11,83.8,2274.0,77.1,0,0.55,0.41,83.8
user_08,38,M,180,82,maintenance,sedentary,1,2112.0,2112.0,114.8,0.77,12,84.1,2177.0,107.7,0,0.84,0.29,84.1
user_08,38,M,180,82,maintenance,sedentary,1,2112.0,2112.0,114.8,0.77,13,83.7,1942.0,97.3,0,0.68,-0.38,83.7
user_08,38,M,180,82,maintenance,sedentary,1,2112.0,2112.0,114.8,0.77,14,84.2,2462.0,74.4,0,0.57,0.51,84.2
user_08,38,M,180,82,maintenance,sedentary,1,2112.0,2112.0,114.8,0.77,15,84.0,2023.0,103.5,0,0.87,-0.21,84.0
user_09,46,M,179,65,weight_loss,moderate,3,2392.8,1957.8,117.0,0.5,1,64.3,1869.8,89.9,1,0.57,-0.67,64.3
user_09,46,M,179,65,weight_loss,moderate,3,2392.8,1957.8,117.0,0.5,2,64.3,2204.8,89.2,1,0.53,0.04,64.3
user_09,46,M,179,65,weight_loss,moderate,3,2392.8,1957.8,117.0,0.5,3,64.1,2170.8,70.8,1,0.37,-0.2,64.1
user_09,46,M,179,65,weight_loss,moderate,3,2392.8,1957.8,117.0,0.5,4,64.2,2168.8,92.4,1,0.47,0.09,64.2
user_09,46,M,179,65,weight_loss,moderate,3,2392.8,1957.8,117.0,0.5,5,64.0,1952.8,76.3,1,0.37,-0.2,64.0
user_09,46,M,179,65,weight_loss,moderate,3,2392.8,1957.8,117.0,0.5,6,63.4,1948.8,95.1,1,0.48,-0.62,63.4
user_09,46,M,179,65,weight_loss,moderate,3,2392.8,1957.8,117.0,0.5,7,62.6,1778.8,92.0,1,0.51,-0.79,62.6
user_09,46,M,179,65,weight_loss,moderate,3,2392.8,1957.8,117.0,0.5,8,62.4,2041.8,85.9,1,0.56,-0.19,62.4
user_09,46,M,179,65,weight_loss,moderate,3,2392.8,1957.8,117.0,0.5,9,62.0,2216.8,71.1,1,0.51,-0.41,62.0
user_09,46,M,179,65,weight_loss,moderate,3,2392.8,1957.8,117.0,0.5,10,61.4,1835.8,98.9,1,0.47,-0.62,61.4
user_09,46,M,179,65,weight_loss,moderate,3,2392.8,1957.8,117.0,0.5,11,61.5,2186.8,86.6,1,0.39,0.12,61.5
user_09,46,M,179,65,weight_loss,moderate,3,2392.8,1957.8,117.0,0.5,12,61.2,1795.8,88.7,1,0.39,-0.31,61.2
user_09,46,M,179,65,weight_loss,moderate,3,2392.8,1957.8,117.0,0.5,13,60.6,1886.8,97.3,1,0.37,-0.58,60.6
user_09,46,M,179,65,weight_loss,moderate,3,2392.8,1957.8,117.0,0.5,14,60.4,2138.8,75.5,1,0.37,-0.23,60.4
user_09,46,M,179,65,weight_loss,moderate,3,2392.8,1957.8,117.0,0.5,15,59.8,1840.8,84.2,1,0.45,-0.6,59.8
user_10,34,M,172,99,maintenance,sedentary,0,2280.0,2280.0,138.6,0.79,1,99.0,2180.0,133.6,0,1.0,0.04,99.0
user_10,34,M,172,99,maintenance,sedentary,0,2280.0,2280.0,138.6,0.79,2,99.1,2342.0,125.6,0,0.93,0.15,99.1
user_10,34,M,172,99,maintenance,sedentary,0,2280.0,2280.0,138.6,0.79,3,99.2,2350.0,102.8,0,0.65,0.09,99.2
user_10,34,M,172,99,maintenance,sedentary,0,2280.0,2280.0,138.6,0.79,4,99.3,2388.0,89.5,0,0.6,0.07,99.3
user_10,34,M,172,99,maintenance,sedentary,0,2280.0,2280.0,138.6,0.79,5,99.1,2278.0,109.2,0,0.68,-0.22,99.1
user_10,34,M,172,99,maintenance,sedentary,0,2280.0,2280.0,138.6,0.79,6,99.4,2457.0,108.8,0,0.58,0.34,99.4
user_10,34,M,172,99,maintenance,sedentary,0,2280.0,2280.0,138.6,0.79,7,99.5,2285.0,141.3,0,0.79,0.07,99.5
user_10,34,M,172,99,maintenance,sedentary,0,2280.0,2280.0,138.6,0.79,8,99.8,2600.0,91.5,0,0.73,0.29,99.8
user_10,34,M,172,99,maintenance,sedentary,0,2280.0,2280.0,138.6,0.79,9,100.3,2580.0,94.3,0,0.69,0.45,100.3
user_10,34,M,172,99,maintenance,sedentary,0,2280.0,2280.0,138.6,0.79,10,100.3,2151.0,102.5,0,0.75,-0.01,100.3
user_10,34,M,172,99,maintenance,sedentary,0,2280.0,2280.0,138.6,0.79,11,100.4,2274.0,144.8,0,0.82,0.09,100.4
user_10,34,M,172,99,maintenance,sedentary,0,2280.0,2280.0,138.6,0.79,12,100.4,2181.0,120.9,0,0.7,0.04,100.4
user_10,34,M,172,99,maintenance,sedentary,0,2280.0,2280.0,138.6,0.79,13,100.6,2480.0,87.4,0,0.56,0.22,100.6
user_10,34,M,172,99,maintenance,sedentary,0,2280.0,2280.0,138.6,0.79,14,100.4,2165.0,91.9,0,0.63,-0.2,100.4
user_10,34,M,172,99,maintenance,sedentary,0,2280.0,2280.0,138.6,0.79,15,100.4,2081.0,105.4,0,0.71,0.05,100.4
user_11,24,F,160,57,muscle_gain,sedentary,1,1546.8,1782.8,125.4,0.83,1,57.6,2170.8,114.8,0,0.8,0.51,57.6
user_11,24,F,160,57,muscle_gain,sedentary,1,1546.8,1782.8,125.4,0.83,2,58.0,1784.8,117.9,0,0.81,0.33,58.0
user_11,24,F,160,57,muscle_gain,sedentary,1,1546.8,1782.8,125.4,0.83,3,58.0,1687.8,117.1,0,0.77,-0.11,58.0
user_11,24,F,160,57,muscle_gain,sedentary,1,1546.8,1782.8,125.4,0.83,4,57.9,1590.8,110.5,0,0.73,-0.23,57.9
user_11,24,F,160,57,muscle_gain,sedentary,1,1546.8,1782.8,125.4,0.83,5,58.6,1951.8,110.4,0,0.71,0.64,58.6
user_11,24,F,160,57,muscle_gain,sedentary,1,1546.8,1782.8,125.4,0.83,6,58.9,1665.8,88.0,0,0.73,0.3,58.9
user_11,24,F,160,57,muscle_gain,sedentary,1,1546.8,1782.8,125.4,0.83,7,59.1,1665.8,96.0,0,0.73,0.17,59.1
user_11,24,F,160,57,muscle_gain,sedentary,1,1546.8,1782.8,125.4,0.83,8,59.5,1808.8,129.0,0,0.9,0.25,59.5
user_11,24,F,160,57,muscle_gain,sedentary,1,1546.8,1782.8,125.4,0.83,9,59.5,1693.8,119.1,0,0.89,-0.07,59.5
user_11,24,F,160,57,muscle_gain,sedentary,1,1546.8,1782.8,125.4,0.83,10,59.8,1803.8,121.1,0,0.92,0.22,59.8
user_11,24,F,160,57,muscle_gain,sedentary,1,1546.8,1782.8,125.4,0.83,11,60.1,1890.8,100.0,0,0.6,0.31,60.1
user_11,24,F,160,57,muscle_gain,sedentary,1,1546.8,1782.8,125.4,0.83,12,61.0,2130.8,112.7,0,0.75,0.82,61.0
user_11,24,F,160,57,muscle_gain,sedentary,1,1546.8,1782.8,125.4,0.83,13,61.0,1616.8,83.5,0,0.58,0.01,61.0
user_11,24,F,160,57,muscle_gain,sedentary,1,1546.8,1782.8,125.4,0.83,14,61.6,1913.8,81.8,0,0.62,0.61,61.6
user_11,24,F,160,57,muscle_gain,sedentary,1,1546.8,1782.8,125.4,0.83,15,62.1,1829.8,128.6,0,0.93,0.4,62.1
user_12,39,F,154,50,maintenance,sedentary,0,1327.8,1327.8,70.0,0.82,1,50.3,1414.8,63.6,0,0.97,0.3,50.3
user_12,39,F,154,50,maintenance,sedentary,0,1327.8,1327.8,70.0,0.82,2,50.3,1390.8,63.4,0,0.92,-0.01,50.3
user_12,39,F,154,50,maintenance,sedentary,0,1327.8,1327.8,70.0,0.82,3,50.4,1461.8,60.9,0,0.72,0.07,50.4
user_12,39,F,154,50,maintenance,sedentary,0,1327.8,1327.8,70.0,0.82,4,50.5,1497.8,48.0,0,0.65,0.07,50.5
user_12,39,F,154,50,maintenance,sedentary,0,1327.8,1327.8,70.0,0.82,5,50.9,1656.8,55.3,0,0.67,0.44,50.9
user_12,39,F,154,50,maintenance,sedentary,0,1327.8,1327.8,70.0,0.82,6,51.3,1646.8,50.5,0,0.62,0.35,51.3
user_12,39,F,154,50,maintenance,sedentary,0,1327.8,1327.8,70.0,0.82,7,51.0,1240.8,76.6,0,0.85,-0.27,51.0
user_12,39,F,154,50,maintenance,sedentary,0,1327.8,1327.8,70.0,0.82,8,51.2,1267.8,66.5,0,0.91,0.17,51.2
user_12,39,F,154,50,maintenance,sedentary,0,1327.8,1327.8,70.0,0.82,9,51.0,1310.8,71.3,0,0.81,-0.22,51.0
user_12,39,F,154,50,maintenance,sedentary,0,1327.8,1327.8,70.0,0.82,10,50.9,1154.8,66.6,0,0.79,-0.06,50.9
user_12,39,F,154,50,maintenance,sedentary,0,1327.8,1327.8,70.0,0.82,11,51.4,1586.8,44.7,0,0.67,0.52,51.4
user_12,39,F,154,50,maintenance,sedentary,0,1327.8,1327.8,70.0,0.82,12,51.0,1136.8,43.5,0,0.6,-0.37,51.0
user_12,39,F,154,50,maintenance,sedentary,0,1327.8,1327.8,70.0,0.82,13,50.9,1302.8,74.6,0,0.85,-0.06,50.9
user_12,39,F,154,50,maintenance,sedentary,0,1327.8,1327.8,70.0,0.82,14,50.7,1227.8,66.5,0,0.88,-0.18,50.7
user_12,39,F,154,50,maintenance,sedentary,0,1327.8,1327.8,70.0,0.82,15,50.9,1330.8,52.0,0,0.74,0.21,50.9
user_13,31,M,171,91,weight_loss,moderate,4,2834.6,2356.6,163.8,0.51,1,90.6,2311.6,140.7,2,0.61,-0.36,90.6
user_13,31,M,171,91,weight_loss,moderate,4,2834.6,2356.6,163.8,0.51,2,90.4,2489.6,101.1,2,0.57,-0.22,90.4
user_13,31,M,171,91,weight_loss,moderate,4,2834.6,2356.6,163.8,0.51,3,89.8,2156.6,104.3,1,0.49,-0.61,89.8
user_13,31,M,171,91,weight_loss,moderate,4,2834.6,2356.6,163.8,0.51,4,89.1,2316.6,123.2,1,0.49,-0.71,89.1
user_13,31,M,171,91,weight_loss,moderate,4,2834.6,2356.6,163.8,0.51,5,88.4,2397.6,145.7,1,0.39,-0.66,88.4
user_13,31,M,171,91,weight_loss,moderate,4,2834.6,2356.6,163.8,0.51,6,88.1,2461.6,146.1,1,0.49,-0.25,88.1
user_13,31,M,171,91,weight_loss,moderate,4,2834.6,2356.6,163.8,0.51,7,88.0,2582.6,122.3,1,0.47,-0.09,88.0
user_13,31,M,171,91,weight_loss,moderate,4,2834.6,2356.6,163.8,0.51,8,87.6,2539.6,104.8,1,0.45,-0.44,87.6
user_13,31,M,171,91,weight_loss,moderate,4,2834.6,2356.6,163.8,0.51,9,87.2,2530.6,106.3,2,0.58,-0.39,87.2
user_13,31,M,171,91,weight_loss,moderate,4,2834.6,2356.6,163.8,0.51,10,87.3,2507.6,109.8,2,0.55,0.06,87.3
user_13,31,M,171,91,weight_loss,moderate,4,2834.6,2356.6,163.8,0.51,11,86.9,2466.6,146.4,1,0.43,-0.37,86.9
user_13,31,M,171,91,weight_loss,moderate,4,2834.6,2356.6,163.8,0.51,12,86.7,2300.6,139.1,2,0.54,-0.19,86.7
user_13,31,M,171,91,weight_loss,moderate,4,2834.6,2356.6,163.8,0.51,13,86.5,2500.6,132.2,1,0.35,-0.16,86.5
user_13,31,M,171,91,weight_loss,moderate,4,2834.6,2356.6,163.8,0.51,14,86.0,2208.6,131.1,1,0.46,-0.48,86.0
user_13,31,M,171,91,weight_loss,moderate,4,2834.6,2356.6,163.8,0.51,15,85.9,2730.6,146.3,2,0.56,-0.07,85.9
user_14,49,M,168,94,weight_loss,moderate,3,2712.5,2384.5,169.2,0.6,1,94.0,2768.5,106.1,2,0.73,0.0,94.0
user_14,49,M,168,94,weight_loss,moderate,3,2712.5,2384.5,169.2,0.6,2,94.2,2564.5,140.4,1,0.58,0.16,94.2
user_14,49,M,168,94,weight_loss,moderate,3,2712.5,2384.5,169.2,0.6,3,94.4,2665.5,140.2,1,0.5,0.17,94.4
user_14,49,M,168,94,weight_loss,moderate,3,2712.5,2384.5,169.2,0.6,4,94.1,2514.5,120.6,1,0.5,-0.26,94.1
user_14,49,M,168,94,weight_loss,moderate,3,2712.5,2384.5,169.2,0.6,5,93.7,2248.5,120.1,1,0.53,-0.45,93.7
user_14,49,M,168,94,weight_loss,moderate,3,2712.5,2384.5,169.2,0.6,6,93.7,2656.5,131.8,1,0.54,0.02,93.7
user_14,49,M,168,94,weight_loss,moderate,3,2712.5,2384.5,169.2,0.6,7,93.4,2285.5,105.2,1,0.59,-0.29,93.4
user_14,49,M,168,94,weight_loss,moderate,3,2712.5,2384.5,169.2,0.6,8,93.2,2186.5,129.1,1,0.63,-0.17,93.2
user_14,49,M,168,94,weight_loss,moderate,3,2712.5,2384.5,169.2,0.6,9,92.9,2404.5,118.8,1,0.66,-0.31,92.9
user_14,49,M,168,94,weight_loss,moderate,3,2712.5,2384.5,169.2,0.6,10,92.7,2476.5,114.0,1,0.58,-0.19,92.7
user_14,49,M,168,94,weight_loss,moderate,3,2712.5,2384.5,169.2,0.6,11,92.7,2509.5,139.4,1,0.52,-0.02,92.7
user_14,49,M,168,94,weight_loss,moderate,3,2712.5,2384.5,169.2,0.6,12,92.9,2590.5,123.4,1,0.41,0.17,92.9
user_14,49,M,168,94,weight_loss,moderate,3,2712.5,2384.5,169.2,0.6,13,92.8,2234.5,104.6,1,0.54,-0.13,92.8
user_14,49,M,168,94,weight_loss,moderate,3,2712.5,2384.5,169.2,0.6,14,92.5,2517.5,126.2,1,0.57,-0.28,92.5
user_14,49,M,168,94,weight_loss,moderate,3,2712.5,2384.5,169.2,0.6,15,92.1,2339.5,128.9,1,0.66,-0.41,92.1
user_15,24,F,170,71,muscle_gain,light,3,2050.8,2383.8,156.2,0.71,1,71.8,2428.8,153.1,2,0.81,0.71,71.8
user_15,24,F,170,71,muscle_gain,light,3,2050.8,2383.8,156.2,0.71,2,72.4,2376.8,146.2,2,0.86,0.48,72.4
user_15,24,F,170,71,muscle_gain,light,3,2050.8,2383.8,156.2,0.71,3,72.6,2341.8,126.9,1,0.55,0.07,72.6
user_15,24,F,170,71,muscle_gain,light,3,2050.8,2383.8,156.2,0.71,4,73.1,2480.8,136.7,1,0.62,0.38,73.1
user_15,24,F,170,71,muscle_gain,light,3,2050.8,2383.8,156.2,0.71,5,73.6,2567.8,111.2,1,0.53,0.52,73.6
user_15,24,F,170,71,muscle_gain,light,3,2050.8,2383.8,156.2,0.71,6,74.1,2323.8,121.9,1,0.53,0.48,74.1
user_15,24,F,170,71,muscle_gain,light,3,2050.8,2383.8,156.2,0.71,7,74.5,2208.8,147.2,2,0.79,0.29,74.5
user_15,24,F,170,71,muscle_gain,light,3,2050.8,2383.8,156.2,0.71,8,75.4,2766.8,129.8,2,0.69,0.76,75.4
user_15,24,F,170,71,muscle_gain,light,3,2050.8,2383.8,156.2,0.71,9,76.3,2762.8,106.6,1,0.66,0.88,76.3
user_15,24,F,170,71,muscle_gain,light,3,2050.8,2383.8,156.2,0.71,10,76.9,2384.8,131.7,2,0.69,0.54,76.9
user_15,24,F,170,71,muscle_gain,light,3,2050.8,2383.8,156.2,0.71,11,77.2,2424.8,100.9,2,0.73,0.26,77.2
user_15,24,F,170,71,muscle_gain,light,3,2050.8,2383.8,156.2,0.71,12,77.5,2401.8,157.3,2,0.83,0.2,77.5
user_15,24,F,170,71,muscle_gain,light,3,2050.8,2383.8,156.2,0.71,13,77.9,2637.8,119.3,1,0.59,0.41,77.9
user_15,24,F,170,71,muscle_gain,light,3,2050.8,2383.8,156.2,0.71,14,78.9,2623.8,156.1,2,0.78,0.89,78.9
user_15,24,F,170,71,muscle_gain,light,3,2050.8,2383.8,156.2,0.71,15,79.7,2736.8,113.8,1,0.58,0.79,79.7
user_16,37,F,162,77,weight_loss,moderate,3,2226.6,1644.6,138.6,0.69,1,76.2,1567.6,128.3,2,0.8,-0.76,76.2
user_16,37,F,162,77,weight_loss,moderate,3,2226.6,1644.6,138.6,0.69,2,75.9,1585.6,149.8,2,0.81,-0.34,75.9
user_16,37,F,162,77,weight_loss,moderate,3,2226.6,1644.6,138.6,0.69,3,75.5,1796.6,107.9,1,0.55,-0.41,75.5
user_16,37,F,162,77,weight_loss,moderate,3,2226.6,1644.6,138.6,0.69,4,74.6,1513.6,97.9,1,0.56,-0.87,74.6
user_16,37,F,162,77,weight_loss,moderate,3,2226.6,1644.6,138.6,0.69,5,74.5,1960.6,86.1,1,0.59,-0.12,74.5
user_16,37,F,162,77,weight_loss,moderate,3,2226.6,1644.6,138.6,0.69,6,74.2,2005.6,111.4,1,0.55,-0.32,74.2
user_16,37,F,162,77,weight_loss,moderate,3,2226.6,1644.6,138.6,0.69,7,74.2,1785.6,111.0,2,0.68,-0.03,74.2
user_16,37,F,162,77,weight_loss,moderate,3,2226.6,1644.6,138.6,0.69,8,73.7,1652.6,124.6,2,0.72,-0.48,73.7
user_16,37,F,162,77,weight_loss,moderate,3,2226.6,1644.6,138.6,0.69,9,73.2,1885.6,123.0,1,0.66,-0.47,73.2
user_16,37,F,162,77,weight_loss,moderate,3,2226.6,1644.6,138.6,0.69,10,72.6,1754.6,105.4,2,0.73,-0.59,72.6
user_16,37,F,162,77,weight_loss,moderate,3,2226.6,1644.6,138.6,0.69,11,72.0,1455.6,97.6,1,0.61,-0.56,72.0
user_16,37,F,162,77,weight_loss,moderate,3,2226.6,1644.6,138.6,0.69,12,71.8,1985.6,92.9,2,0.72,-0.2,71.8
user_16,37,F,162,77,weight_loss,moderate,3,2226.6,1644.6,138.6,0.69,13,71.6,1691.6,105.6,1,0.62,-0.24,71.6
user_16,37,F,162,77,weight_loss,moderate,3,2226.6,1644.6,138.6,0.69,14,71.4,1849.6,86.9,1,0.48,-0.15,71.4
user_16,37,F,162,77,weight_loss,moderate,3,2226.6,1644.6,138.6,0.69,15,71.3,1903.6,115.7,1,0.57,-0.13,71.3
user_17,30,F,160,52,maintenance,light,2,1662.4,1662.4,72.8,0.6,1,52.2,1942.4,48.6,1,0.57,0.2,52.2
user_17,30,F,160,52,maintenance,light,2,1662.4,1662.4,72.8,0.6,2,52.4,1910.4,50.4,1,0.64,0.2,52.4
user_17,30,F,160,52,maintenance,light,2,1662.4,1662.4,72.8,0.6,3,52.2,1657.4,62.8,1,0.5,-0.17,52.2
user_17,30,F,160,52,maintenance,light,2,1662.4,1662.4,72.8,0.6,4,52.4,1604.4,65.3,1,0.55,0.2,52.4
user_17,30,F,160,52,maintenance,light,2,1662.4,1662.4,72.8,0.6,5,52.5,1700.4,52.4,0,0.47,0.06,52.5
user_17,30,F,160,52,maintenance,light,2,1662.4,1662.4,72.8,0.6,6,52.7,1619.4,62.9,1,0.53,0.22,52.7
user_17,30,F,160,52,maintenance,light,2,1662.4,1662.4,72.8,0.6,7,52.3,1468.4,50.3,1,0.66,-0.39,52.3
user_17,30,F,160,52,maintenance,light,2,1662.4,1662.4,72.8,0.6,8,52.5,2039.4,47.0,1,0.58,0.22,52.5
user_17,30,F,160,52,maintenance,light,2,1662.4,1662.4,72.8,0.6,9,52.4,1727.4,61.6,1,0.68,-0.12,52.4
user_17,30,F,160,52,maintenance,light,2,1662.4,1662.4,72.8,0.6,10,52.2,1625.4,56.9,1,0.67,-0.21,52.2
user_17,30,F,160,52,maintenance,light,2,1662.4,1662.4,72.8,0.6,11,52.7,1842.4,50.6,1,0.68,0.47,52.7
user_17,30,F,160,52,maintenance,light,2,1662.4,1662.4,72.8,0.6,12,52.6,1578.4,46.3,1,0.56,-0.05,52.6
user_17,30,F,160,52,maintenance,light,2,1662.4,1662.4,72.8,0.6,13,53.1,2041.4,45.4,1,0.56,0.55,53.1
user_17,30,F,160,52,maintenance,light,2,1662.4,1662.4,72.8,0.6,14,53.4,2004.4,54.7,1,0.62,0.31,53.4
user_17,30,F,160,52,maintenance,light,2,1662.4,1662.4,72.8,0.6,15,53.4,1504.4,57.2,1,0.7,-0.01,53.4
user_18,41,M,179,96,weight_loss,active,5,3240.8,2889.8,172.8,0.61,1,96.1,3205.8,144.2,3,0.6,0.06,96.1
user_18,41,M,179,96,weight_loss,active,5,3240.8,2889.8,172.8,0.61,2,95.8,2941.8,135.8,2,0.58,-0.32,95.8
user_18,41,M,179,96,weight_loss,active,5,3240.8,2889.8,172.8,0.61,3,95.6,2787.8,107.5,2,0.51,-0.16,95.6
user_18,41,M,179,96,weight_loss,active,5,3240.8,2889.8,172.8,0.61,4,95.2,2951.8,139.6,2,0.48,-0.45,95.2
user_18,41,M,179,96,weight_loss,active,5,3240.8,2889.8,172.8,0.61,5,95.3,3240.8,145.9,2,0.52,0.15,95.3
user_18,41,M,179,96,weight_loss,active,5,3240.8,2889.8,172.8,0.61,6,95.2,3108.8,131.0,2,0.49,-0.09,95.2
user_18,41,M,179,96,weight_loss,active,5,3240.8,2889.8,172.8,0.61,7,95.2,3262.8,137.6,2,0.54,0.01,95.2
user_18,41,M,179,96,weight_loss,active,5,3240.8,2889.8,172.8,0.61,8,95.2,3214.8,112.8,3,0.61,0.03,95.2
user_18,41,M,179,96,weight_loss,active,5,3240.8,2889.8,172.8,0.61,9,95.0,2871.8,125.3,3,0.69,-0.23,95.0
user_18,41,M,179,96,weight_loss,active,5,3240.8,2889.8,172.8,0.61,10,95.2,3279.8,133.9,2,0.52,0.22,95.2
user_18,41,M,179,96,weight_loss,active,5,3240.8,2889.8,172.8,0.61,11,95.1,2753.8,120.5,3,0.65,-0.13,95.1
user_18,41,M,179,96,weight_loss,active,5,3240.8,2889.8,172.8,0.61,12,94.7,3026.8,107.0,2,0.56,-0.39,94.7
user_18,41,M,179,96,weight_loss,active,5,3240.8,2889.8,172.8,0.61,13,94.8,3083.8,127.2,2,0.43,0.14,94.8
user_18,41,M,179,96,weight_loss,active,5,3240.8,2889.8,172.8,0.61,14,94.7,3198.8,111.5,2,0.44,-0.07,94.7
user_18,41,M,179,96,weight_loss,active,5,3240.8,2889.8,172.8,0.61,15,94.5,2915.8,123.2,3,0.67,-0.24,94.5
user_19,19,M,167,101,weight_loss,active,5,3387.5,2958.5,181.8,0.68,1,100.3,2778.5,161.2,3,0.74,-0.66,100.3
user_19,19,M,167,101,weight_loss,active,5,3387.5,2958.5,181.8,0.68,2,100.1,2877.5,126.3,3,0.66,-0.23,100.1
user_19,19,M,167,101,weight_loss,active,5,3387.5,2958.5,181.8,0.68,3,99.9,2786.5,124.3,2,0.57,-0.21,99.9
user_19,19,M,167,101,weight_loss,active,5,3387.5,2958.5,181.8,0.68,4,99.7,2989.5,134.2,2,0.54,-0.2,99.7
user_19,19,M,167,101,weight_loss,active,5,3387.5,2958.5,181.8,0.68,5,99.7,2957.5,121.5,3,0.61,-0.04,99.7
user_19,19,M,167,101,weight_loss,active,5,3387.5,2958.5,181.8,0.68,6,99.5,2930.5,117.3,2,0.57,-0.2,99.5
user_19,19,M,167,101,weight_loss,active,5,3387.5,2958.5,181.8,0.68,7,98.9,2858.5,111.7,3,0.68,-0.64,98.9
user_19,19,M,167,101,weight_loss,active,5,3387.5,2958.5,181.8,0.68,8,98.5,3142.5,113.0,3,0.73,-0.36,98.5
user_19,19,M,167,101,weight_loss,active,5,3387.5,2958.5,181.8,0.68,9,98.1,2905.5,149.3,2,0.58,-0.45,98.1
user_19,19,M,167,101,weight_loss,active,5,3387.5,2958.5,181.8,0.68,10,98.1,3193.5,151.3,3,0.64,0.04,98.1
user_19,19,M,167,101,weight_loss,active,5,3387.5,2958.5,181.8,0.68,11,98.1,3199.5,114.4,3,0.68,0.04,98.1
user_19,19,M,167,101,weight_loss,active,5,3387.5,2958.5,181.8,0.68,12,97.5,2895.5,110.2,3,0.62,-0.58,97.5
user_19,19,M,167,101,weight_loss,active,5,3387.5,2958.5,181.8,0.68,13,97.3,3117.5,186.3,3,0.8,-0.2,97.3
user_19,19,M,167,101,weight_loss,active,5,3387.5,2958.5,181.8,0.68,14,96.9,3139.5,123.3,3,0.61,-0.37,96.9
user_19,19,M,167,101,weight_loss,active,5,3387.5,2958.5,181.8,0.68,15,96.5,2947.5,157.9,2,0.55,-0.43,96.5
user_20,54,M,165,65,maintenance,light,2,1947.3,1947.3,91.0,0.94,1,65.1,1937.3,99.7,1,0.92,0.09,65.1
user_20,54,M,165,65,maintenance,light,2,1947.3,1947.3,91.0,0.94,2,65.2,1941.3,91.4,2,1.0,0.14,65.2
user_20,54,M,165,65,maintenance,light,2,1947.3,1947.3,91.0,0.94,3,65.8,2268.3,63.8,1,0.72,0.59,65.8
user_20,54,M,165,65,maintenance,light,2,1947.3,1947.3,91.0,0.94,4,66.1,2234.3,66.4,1,0.73,0.26,66.1
user_20,54,M,165,65,maintenance,light,2,1947.3,1947.3,91.0,0.94,5,66.3,1868.3,86.9,1,0.83,0.22,66.3
user_20,54,M,165,65,maintenance,light,2,1947.3,1947.3,91.0,0.94,6,66.5,2025.3,98.0,1,0.84,0.2,66.5
user_20,54,M,165,65,maintenance,light,2,1947.3,1947.3,91.0,0.94,7,66.7,1878.3,87.7,1,0.88,0.2,66.7
user_20,54,M,165,65,maintenance,light,2,1947.3,1947.3,91.0,0.94,8,67.0,2021.3,86.5,1,0.87,0.26,67.0
user_20,54,M,165,65,maintenance,light,2,1947.3,1947.3,91.0,0.94,9,67.1,1982.3,95.5,1,0.93,0.11,67.1
user_20,54,M,165,65,maintenance,light,2,1947.3,1947.3,91.0,0.94,10,67.0,1932.3,95.6,1,0.85,-0.11,67.0
user_20,54,M,165,65,maintenance,light,2,1947.3,1947.3,91.0,0.94,11,67.1,1848.3,84.3,1,0.85,0.08,67.1
user_20,54,M,165,65,maintenance,light,2,1947.3,1947.3,91.0,0.94,12,67.3,1997.3,97.2,1,0.86,0.22,67.3
user_20,54,M,165,65,maintenance,light,2,1947.3,1947.3,91.0,0.94,13,67.2,1943.3,91.2,1,0.81,-0.09,67.2
user_20,54,M,165,65,maintenance,light,2,1947.3,1947.3,91.0,0.94,14,67.2,1776.3,78.4,1,0.67,-0.03,67.2
user_20,54,M,165,65,maintenance,light,2,1947.3,1947.3,91.0,0.94,15,67.0,1982.3,90.3,1,0.97,-0.22,67.0
user_21,21,F,162,66,maintenance,light,2,1933.9,1933.9,92.4,0.79,1,65.8,1837.9,99.4,1,0.8,-0.18,65.8
user_21,21,F,162,66,maintenance,light,2,1933.9,1933.9,92.4,0.79,2,66.2,2223.9,88.9,1,0.79,0.45,66.2
user_21,21,F,162,66,maintenance,light,2,1933.9,1933.9,92.4,0.79,3,66.3,1798.9,65.3,1,0.73,0.09,66.3
user_21,21,F,162,66,maintenance,light,2,1933.9,1933.9,92.4,0.79,4,66.9,2330.9,78.9,1,0.68,0.6,66.9
user_21,21,F,162,66,maintenance,light,2,1933.9,1933.9,92.4,0.79,5,66.9,1746.9,76.2,1,0.74,0.02,66.9
user_21,21,F,162,66,maintenance,light,2,1933.9,1933.9,92.4,0.79,6,67.1,1802.9,79.7,1,0.71,0.22,67.1
user_21,21,F,162,66,maintenance,light,2,1933.9,1933.9,92.4,0.79,7,67.5,2113.9,95.0,1,0.76,0.37,67.5
user_21,21,F,162,66,maintenance,light,2,1933.9,1933.9,92.4,0.79,8,67.4,1886.9,66.3,1,0.72,-0.06,67.4
user_21,21,F,162,66,maintenance,light,2,1933.9,1933.9,92.4,0.79,9,67.3,1981.9,83.7,1,0.84,-0.12,67.3
user_21,21,F,162,66,maintenance,light,2,1933.9,1933.9,92.4,0.79,10,67.4,1752.9,66.6,1,0.71,0.1,67.4
user_21,21,F,162,66,maintenance,light,2,1933.9,1933.9,92.4,0.79,11,67.7,2068.9,61.7,1,0.66,0.28,67.7
user_21,21,F,162,66,maintenance,light,2,1933.9,1933.9,92.4,0.79,12,67.9,1994.9,94.2,1,0.86,0.16,67.9
user_21,21,F,162,66,maintenance,light,2,1933.9,1933.9,92.4,0.79,13,67.7,1881.9,94.9,1,0.91,-0.22,67.7
user_21,21,F,162,66,maintenance,light,2,1933.9,1933.9,92.4,0.79,14,67.9,2274.9,101.3,1,0.79,0.17,67.9
user_21,21,F,162,66,maintenance,light,2,1933.9,1933.9,92.4,0.79,15,67.8,2008.9,90.1,1,0.83,-0.12,67.8
user_22,33,M,165,73,maintenance,light,2,2201.7,2201.7,102.2,0.65,1,73.1,2481.7,93.8,1,0.77,0.13,73.1
user_22,33,M,165,73,maintenance,light,2,2201.7,2201.7,102.2,0.65,2,73.5,2303.7,91.9,1,0.74,0.39,73.5
user_22,33,M,165,73,maintenance,light,2,2201.7,2201.7,102.2,0.65,3,73.7,2401.7,80.9,1,0.58,0.22,73.7
user_22,33,M,165,73,maintenance,light,2,2201.7,2201.7,102.2,0.65,4,74.1,2399.7,73.9,0,0.5,0.38,74.1
user_22,33,M,165,73,maintenance,light,2,2201.7,2201.7,102.2,0.65,5,73.9,2137.7,90.5,1,0.53,-0.2,73.9
user_22,33,M,165,73,maintenance,light,2,2201.7,2201.7,102.2,0.65,6,73.6,2138.7,71.6,1,0.56,-0.3,73.6
user_22,33,M,165,73,maintenance,light,2,2201.7,2201.7,102.2,0.65,7,73.8,2254.7,79.3,1,0.56,0.21,73.8
user_22,33,M,165,73,maintenance,light,2,2201.7,2201.7,102.2,0.65,8,74.0,2563.7,90.2,1,0.73,0.22,74.0
user_22,33,M,165,73,maintenance,light,2,2201.7,2201.7,102.2,0.65,9,74.2,2581.7,87.1,1,0.64,0.2,74.2
user_22,33,M,165,73,maintenance,light,2,2201.7,2201.7,102.2,0.65,10,74.2,2074.7,90.1,1,0.71,0.05,74.2
user_22,33,M,165,73,maintenance,light,2,2201.7,2201.7,102.2,0.65,11,74.3,2295.7,76.5,1,0.6,0.09,74.3
user_22,33,M,165,73,maintenance,light,2,2201.7,2201.7,102.2,0.65,12,74.1,2182.7,68.2,0,0.44,-0.24,74.1
user_22,33,M,165,73,maintenance,light,2,2201.7,2201.7,102.2,0.65,13,74.3,2548.7,61.7,1,0.56,0.22,74.3
user_22,33,M,165,73,maintenance,light,2,2201.7,2201.7,102.2,0.65,14,74.2,2220.7,69.8,1,0.64,-0.08,74.2
user_22,33,M,165,73,maintenance,light,2,2201.7,2201.7,102.2,0.65,15,74.4,2400.7,84.6,1,0.63,0.19,74.4
user_23,36,F,154,68,maintenance,active,5,2245.1,2245.1,95.2,0.73,1,68.3,2188.1,88.7,4,0.87,0.32,68.3
user_23,36,F,154,68,maintenance,active,5,2245.1,2245.1,95.2,0.73,2,68.4,2294.1,73.2,3,0.69,0.07,68.4
user_23,36,F,154,68,maintenance,active,5,2245.1,2245.1,95.2,0.73,3,68.6,2563.1,59.6,2,0.59,0.21,68.6
user_23,36,F,154,68,maintenance,active,5,2245.1,2245.1,95.2,0.73,4,68.8,2247.1,84.6,3,0.66,0.15,68.8
user_23,36,F,154,68,maintenance,active,5,2245.1,2245.1,95.2,0.73,5,69.3,2470.1,80.8,3,0.7,0.49,69.3
user_23,36,F,154,68,maintenance,active,5,2245.1,2245.1,95.2,0.73,6,69.2,2209.1,85.1,3,0.64,-0.06,69.2
user_23,36,F,154,68,maintenance,active,5,2245.1,2245.1,95.2,0.73,7,69.7,2349.1,94.5,3,0.76,0.49,69.7
user_23,36,F,154,68,maintenance,active,5,2245.1,2245.1,95.2,0.73,8,69.8,2489.1,87.9,3,0.75,0.13,69.8
user_23,36,F,154,68,maintenance,active,5,2245.1,2245.1,95.2,0.73,9,70.3,2534.1,59.7,3,0.67,0.49,70.3
user_23,36,F,154,68,maintenance,active,5,2245.1,2245.1,95.2,0.73,10,70.7,2617.1,63.6,3,0.74,0.4,70.7
user_23,36,F,154,68,maintenance,active,5,2245.1,2245.1,95.2,0.73,11,71.2,2642.1,72.8,2,0.51,0.51,71.2
user_23,36,F,154,68,maintenance,active,5,2245.1,2245.1,95.2,0.73,12,71.4,2621.1,93.8,3,0.76,0.24,71.4
user_23,36,F,154,68,maintenance,active,5,2245.1,2245.1,95.2,0.73,13,71.7,2210.1,87.5,4,0.85,0.34,71.7
user_23,36,F,154,68,maintenance,active,5,2245.1,2245.1,95.2,0.73,14,71.9,2130.1,65.4,3,0.61,0.18,71.9
user_23,36,F,154,68,maintenance,active,5,2245.1,2245.1,95.2,0.73,15,72.3,2282.1,104.3,4,0.84,0.37,72.3
user_24,18,F,162,77,weight_loss,sedentary,1,1837.8,1240.8,138.6,0.62,1,76.1,1071.8,93.9,0,0.68,-0.9,76.1
user_24,18,F,162,77,weight_loss,sedentary,1,1837.8,1240.8,138.6,0.62,2,75.3,1253.8,83.9,0,0.65,-0.76,75.3
user_24,18,F,162,77,weight_loss,sedentary,1,1837.8,1240.8,138.6,0.62,3,75.2,1420.8,101.9,0,0.55,-0.09,75.2
user_24,18,F,162,77,weight_loss,sedentary,1,1837.8,1240.8,138.6,0.62,4,74.6,1486.8,106.1,0,0.57,-0.56,74.6
user_24,18,F,162,77,weight_loss,sedentary,1,1837.8,1240.8,138.6,0.62,5,73.9,1083.8,105.6,0,0.5,-0.69,73.9
user_24,18,F,162,77,weight_loss,sedentary,1,1837.8,1240.8,138.6,0.62,6,73.5,1475.8,101.9,0,0.46,-0.39,73.5
user_24,18,F,162,77,weight_loss,sedentary,1,1837.8,1240.8,138.6,0.62,7,72.9,1346.8,91.3,0,0.54,-0.63,72.9
user_24,18,F,162,77,weight_loss,sedentary,1,1837.8,1240.8,138.6,0.62,8,72.7,1547.8,116.1,0,0.54,-0.22,72.7
user_24,18,F,162,77,weight_loss,sedentary,1,1837.8,1240.8,138.6,0.62,9,72.3,1606.8,109.9,0,0.65,-0.39,72.3
user_24,18,F,162,77,weight_loss,sedentary,1,1837.8,1240.8,138.6,0.62,10,71.9,1249.8,89.7,0,0.69,-0.42,71.9
user_24,18,F,162,77,weight_loss,sedentary,1,1837.8,1240.8,138.6,0.62,11,71.8,1426.8,98.3,0,0.59,-0.14,71.8
user_24,18,F,162,77,weight_loss,sedentary,1,1837.8,1240.8,138.6,0.62,12,71.1,1259.8,91.6,0,0.57,-0.71,71.1
user_24,18,F,162,77,weight_loss,sedentary,1,1837.8,1240.8,138.6,0.62,13,70.9,1299.8,116.4,0,0.53,-0.21,70.9
user_24,18,F,162,77,weight_loss,sedentary,1,1837.8,1240.8,138.6,0.62,14,70.5,1563.8,113.9,0,0.55,-0.36,70.5
user_24,18,F,162,77,weight_loss,sedentary,1,1837.8,1240.8,138.6,0.62,15,70.2,1572.8,113.3,0,0.48,-0.35,70.2
user_25,33,F,167,51,weight_loss,active,4,2117.9,1658.9,91.8,0.78,1,50.4,1616.9,85.6,3,0.99,-0.63,50.4
user_25,33,F,167,51,weight_loss,active,4,2117.9,1658.9,91.8,0.78,2,50.3,1654.9,83.2,3,0.87,-0.11,50.3
user_25,33,F,167,51,weight_loss,active,4,2117.9,1658.9,91.8,0.78,3,50.2,1684.9,60.2,2,0.61,-0.1,50.2
user_25,33,F,167,51,weight_loss,active,4,2117.9,1658.9,91.8,0.78,4,50.2,1891.9,58.1,2,0.73,0.03,50.2
user_25,33,F,167,51,weight_loss,active,4,2117.9,1658.9,91.8,0.78,5,50.1,1907.9,97.7,3,0.76,-0.1,50.1
user_25,33,F,167,51,weight_loss,active,4,2117.9,1658.9,91.8,0.78,6,50.0,1683.9,77.6,2,0.63,-0.09,50.0
user_25,33,F,167,51,weight_loss,active,4,2117.9,1658.9,91.8,0.78,7,49.5,1734.9,84.7,3,0.79,-0.48,49.5
user_25,33,F,167,51,weight_loss,active,4,2117.9,1658.9,91.8,0.78,8,49.2,1720.9,85.2,3,0.83,-0.34,49.2
user_25,33,F,167,51,weight_loss,active,4,2117.9,1658.9,91.8,0.78,9,49.0,1771.9,93.9,3,0.77,-0.24,49.0
user_25,33,F,167,51,weight_loss,active,4,2117.9,1658.9,91.8,0.78,10,48.7,1730.9,98.1,3,0.8,-0.25,48.7
user_25,33,F,167,51,weight_loss,active,4,2117.9,1658.9,91.8,0.78,11,48.5,1746.9,58.6,2,0.58,-0.15,48.5
user_25,33,F,167,51,weight_loss,active,4,2117.9,1658.9,91.8,0.78,12,48.0,1705.9,83.9,3,0.77,-0.45,48.0
user_25,33,F,167,51,weight_loss,active,4,2117.9,1658.9,91.8,0.78,13,47.3,1458.9,78.1,2,0.65,-0.65,47.3
user_25,33,F,167,51,weight_loss,active,4,2117.9,1658.9,91.8,0.78,14,47.1,1899.9,69.2,2,0.59,-0.24,47.1
user_25,33,F,167,51,weight_loss,active,4,2117.9,1658.9,91.8,0.78,15,47.0,1770.9,63.5,2,0.54,-0.15,47.0
user_26,52,M,183,80,maintenance,active,4,2913.1,2913.1,112.0,0.79,1,80.3,2957.1,118.0,3,0.98,0.33,80.3
user_26,52,M,183,80,maintenance,active,4,2913.1,2913.1,112.0,0.79,2,80.5,2927.1,121.1,3,0.91,0.23,80.5
user_26,52,M,183,80,maintenance,active,4,2913.1,2913.1,112.0,0.79,3,80.7,3066.1,82.2,2,0.68,0.19,80.7
user_26,52,M,183,80,maintenance,active,4,2913.1,2913.1,112.0,0.79,4,81.3,3259.1,81.1,2,0.74,0.57,81.3
user_26,52,M,183,80,maintenance,active,4,2913.1,2913.1,112.0,0.79,5,81.2,2993.1,81.4,2,0.67,-0.13,81.2
user_26,52,M,183,80,maintenance,active,4,2913.1,2913.1,112.0,0.79,6,81.4,2795.1,122.6,3,0.77,0.21,81.4
user_26,52,M,183,80,maintenance,active,4,2913.1,2913.1,112.0,0.79,7,81.7,2840.1,101.2,3,0.84,0.33,81.7
user_26,52,M,183,80,maintenance,active,4,2913.1,2913.1,112.0,0.79,8,81.7,2936.1,119.4,3,0.84,0.01,81.7
user_26,52,M,183,80,maintenance,active,4,2913.1,2913.1,112.0,0.79,9,81.6,2954.1,105.7,3,0.88,-0.07,81.6
user_26,52,M,183,80,maintenance,active,4,2913.1,2913.1,112.0,0.79,10,81.6,3177.1,75.3,2,0.69,0.03,81.6
user_26,52,M,183,80,maintenance,active,4,2913.1,2913.1,112.0,0.79,11,81.6,2915.1,102.5,3,0.78,-0.05,81.6
user_26,52,M,183,80,maintenance,active,4,2913.1,2913.1,112.0,0.79,12,82.0,3008.1,102.2,3,0.89,0.43,82.0
user_26,52,M,183,80,maintenance,active,4,2913.1,2913.1,112.0,0.79,13,82.4,2922.1,108.4,3,0.87,0.42,82.4
user_26,52,M,183,80,maintenance,active,4,2913.1,2913.1,112.0,0.79,14,82.6,3189.1,95.4,2,0.55,0.2,82.6
user_26,52,M,183,80,maintenance,active,4,2913.1,2913.1,112.0,0.79,15,82.7,2876.1,118.5,3,0.85,0.13,82.7
user_27,25,M,168,102,muscle_gain,moderate,3,3022.5,3374.5,224.4,0.5,1,102.6,3477.5,190.6,1,0.58,0.51,102.6
user_27,25,M,168,102,muscle_gain,moderate,3,3022.5,3374.5,224.4,0.5,2,103.2,3374.5,195.9,1,0.49,0.46,103.2
user_27,25,M,168,102,muscle_gain,moderate,3,3022.5,3374.5,224.4,0.5,3,103.8,3653.5,173.1,1,0.47,0.62,103.8
user_27,25,M,168,102,muscle_gain,moderate,3,3022.5,3374.5,224.4,0.5,4,104.4,3505.5,195.9,1,0.42,0.46,104.4
user_27,25,M,168,102,muscle_gain,moderate,3,3022.5,3374.5,224.4,0.5,5,104.4,3199.5,145.7,1,0.38,0.0,104.4
user_27,25,M,168,102,muscle_gain,moderate,3,3022.5,3374.5,224.4,0.5,6,105.2,3723.5,174.5,1,0.48,0.8,105.2
user_27,25,M,168,102,muscle_gain,moderate,3,3022.5,3374.5,224.4,0.5,7,105.6,3628.5,143.5,1,0.46,0.43,105.6
user_27,25,M,168,102,muscle_gain,moderate,3,3022.5,3374.5,224.4,0.5,8,106.6,3752.5,178.5,1,0.54,0.97,106.6
user_27,25,M,168,102,muscle_gain,moderate,3,3022.5,3374.5,224.4,0.5,9,107.2,3534.5,168.7,1,0.52,0.58,107.2
user_27,25,M,168,102,muscle_gain,moderate,3,3022.5,3374.5,224.4,0.5,10,107.6,3746.5,166.4,1,0.44,0.42,107.6
user_27,25,M,168,102,muscle_gain,moderate,3,3022.5,3374.5,224.4,0.5,11,108.1,3535.5,200.0,1,0.48,0.4,108.1
user_27,25,M,168,102,muscle_gain,moderate,3,3022.5,3374.5,224.4,0.5,12,108.3,3315.5,175.8,1,0.41,0.17,108.3
user_27,25,M,168,102,muscle_gain,moderate,3,3022.5,3374.5,224.4,0.5,13,108.4,3222.5,135.2,1,0.54,0.05,108.4
user_27,25,M,168,102,muscle_gain,moderate,3,3022.5,3374.5,224.4,0.5,14,108.7,3514.5,164.2,1,0.44,0.32,108.7
user_27,25,M,168,102,muscle_gain,moderate,3,3022.5,3374.5,224.4,0.5,15,109.4,3555.5,153.3,1,0.49,0.71,109.4
user_28,35,F,153,84,weight_loss,sedentary,1,1752.3,1176.3,151.2,0.58,1,83.7,1504.3,95.9,0,0.6,-0.32,83.7
user_28,35,F,153,84,weight_loss,sedentary,1,1752.3,1176.3,151.2,0.58,2,83.1,1016.3,92.1,0,0.64,-0.56,83.1
user_28,35,F,153,84,weight_loss,sedentary,1,1752.3,1176.3,151.2,0.58,3,82.5,1308.3,132.9,0,0.43,-0.6,82.5
user_28,35,F,153,84,weight_loss,sedentary,1,1752.3,1176.3,151.2,0.58,4,82.1,994.3,109.4,0,0.48,-0.44,82.1
user_28,35,F,153,84,weight_loss,sedentary,1,1752.3,1176.3,151.2,0.58,5,81.5,1243.3,121.3,0,0.52,-0.58,81.5
user_28,35,F,153,84,weight_loss,sedentary,1,1752.3,1176.3,151.2,0.58,6,81.2,1225.3,123.4,0,0.53,-0.26,81.2
user_28,35,F,153,84,weight_loss,sedentary,1,1752.3,1176.3,151.2,0.58,7,80.9,1406.3,93.4,0,0.49,-0.25,80.9
user_28,35,F,153,84,weight_loss,sedentary,1,1752.3,1176.3,151.2,0.58,8,80.5,1299.3,108.1,0,0.61,-0.44,80.5
user_28,35,F,153,84,weight_loss,sedentary,1,1752.3,1176.3,151.2,0.58,9,80.4,1387.3,115.6,0,0.56,-0.09,80.4
user_28,35,F,153,84,weight_loss,sedentary,1,1752.3,1176.3,151.2,0.58,10,79.8,1016.3,133.4,0,0.56,-0.57,79.8
user_28,35,F,153,84,weight_loss,sedentary,1,1752.3,1176.3,151.2,0.58,11,79.1,1241.3,113.5,0,0.48,-0.68,79.1
user_28,35,F,153,84,weight_loss,sedentary,1,1752.3,1176.3,151.2,0.58,12,79.0,1515.3,98.5,0,0.48,-0.13,79.0
user_28,35,F,153,84,weight_loss,sedentary,1,1752.3,1176.3,151.2,0.58,13,78.4,1362.3,114.9,0,0.52,-0.57,78.4
user_28,35,F,153,84,weight_loss,sedentary,1,1752.3,1176.3,151.2,0.58,14,77.9,1243.3,104.1,0,0.49,-0.47,77.9
user_28,35,F,153,84,weight_loss,sedentary,1,1752.3,1176.3,151.2,0.58,15,77.6,1332.3,96.3,0,0.45,-0.35,77.6
user_29,25,F,158,52,weight_loss,active,4,2107.1,1786.1,93.6,0.61,1,51.6,1864.1,79.1,2,0.64,-0.4,51.6
user_29,25,F,158,52,weight_loss,active,4,2107.1,1786.1,93.6,0.61,2,51.4,1692.1,68.2,2,0.65,-0.2,51.4
user_29,25,F,158,52,weight_loss,active,4,2107.1,1786.1,93.6,0.61,3,51.2,1615.1,68.7,1,0.48,-0.23,51.2
user_29,25,F,158,52,weight_loss,active,4,2107.1,1786.1,93.6,0.61,4,51.1,1741.1,72.4,2,0.57,-0.1,51.1
user_29,25,F,158,52,weight_loss,active,4,2107.1,1786.1,93.6,0.61,5,50.7,1660.1,72.5,1,0.46,-0.44,50.7
user_29,25,F,158,52,weight_loss,active,4,2107.1,1786.1,93.6,0.61,6,50.6,1965.1,75.5,2,0.53,-0.13,50.6
user_29,25,F,158,52,weight_loss,active,4,2107.1,1786.1,93.6,0.61,7,50.4,1592.1,60.2,2,0.55,-0.16,50.4
user_29,25,F,158,52,weight_loss,active,4,2107.1,1786.1,93.6,0.61,8,50.1,1733.1,65.7,2,0.58,-0.25,50.1
user_29,25,F,158,52,weight_loss,active,4,2107.1,1786.1,93.6,0.61,9,49.8,2004.1,65.7,2,0.59,-0.27,49.8
user_29,25,F,158,52,weight_loss,active,4,2107.1,1786.1,93.6,0.61,10,49.8,2161.1,73.2,2,0.59,0.05,49.8
user_29,25,F,158,52,weight_loss,active,4,2107.1,1786.1,93.6,0.61,11,50.0,2071.1,68.9,2,0.66,0.16,50.0
user_29,25,F,158,52,weight_loss,active,4,2107.1,1786.1,93.6,0.61,12,50.0,1961.1,83.6,2,0.56,-0.04,50.0
user_29,25,F,158,52,weight_loss,active,4,2107.1,1786.1,93.6,0.61,13,50.0,1740.1,62.0,1,0.47,-0.04,50.0
user_29,25,F,158,52,weight_loss,active,4,2107.1,1786.1,93.6,0.61,14,49.8,1847.1,77.4,1,0.44,-0.22,49.8
user_29,25,F,158,52,weight_loss,active,4,2107.1,1786.1,93.6,0.61,15,49.8,1707.1,59.4,2,0.57,-0.01,49.8
user_30,25,F,153,70,muscle_gain,sedentary,1,1644.3,2040.3,154.0,0.6,1,70.6,1926.3,112.9,0,0.62,0.55,70.6
user_30,25,F,153,70,muscle_gain,sedentary,1,1644.3,2040.3,154.0,0.6,2,70.6,1916.3,120.4,0,0.67,0.04,70.6
user_30,25,F,153,70,muscle_gain,sedentary,1,1644.3,2040.3,154.0,0.6,3,70.8,2117.3,117.4,0,0.44,0.22,70.8
user_30,25,F,153,70,muscle_gain,sedentary,1,1644.3,2040.3,154.0,0.6,4,71.6,2204.3,127.6,0,0.52,0.71,71.6
user_30,25,F,153,70,muscle_gain,sedentary,1,1644.3,2040.3,154.0,0.6,5,72.5,2393.3,130.6,0,0.5,0.81,72.5
user_30,25,F,153,70,muscle_gain,sedentary,1,1644.3,2040.3,154.0,0.6,6,72.8,2180.3,108.2,0,0.46,0.35,72.8
user_30,25,F,153,70,muscle_gain,sedentary,1,1644.3,2040.3,154.0,0.6,7,73.1,2198.3,117.6,0,0.68,0.3,73.1
user_30,25,F,153,70,muscle_gain,sedentary,1,1644.3,2040.3,154.0,0.6,8,73.9,2322.3,99.4,0,0.61,0.81,73.9
user_30,25,F,153,70,muscle_gain,sedentary,1,1644.3,2040.3,154.0,0.6,9,74.9,2348.3,138.3,0,0.55,0.87,74.9
user_30,25,F,153,70,muscle_gain,sedentary,1,1644.3,2040.3,154.0,0.6,10,75.1,2004.3,126.2,0,0.62,0.12,75.1
user_30,25,F,153,70,muscle_gain,sedentary,1,1644.3,2040.3,154.0,0.6,11,75.3,2003.3,134.3,0,0.48,0.11,75.3
user_30,25,F,153,70,muscle_gain,sedentary,1,1644.3,2040.3,154.0,0.6,12,75.7,2106.3,108.7,0,0.54,0.4,75.7
user_30,25,F,153,70,muscle_gain,sedentary,1,1644.3,2040.3,154.0,0.6,13,76.0,2234.3,117.8,0,0.56,0.27,76.0
user_30,25,F,153,70,muscle_gain,sedentary,1,1644.3,2040.3,154.0,0.6,14,77.0,2397.3,94.0,0,0.59,0.97,77.0
user_30,25,F,153,70,muscle_gain,sedentary,1,1644.3,2040.3,154.0,0.6,15,77.6,2143.3,96.7,0,0.47,0.61,77.6
user_31,36,F,155,84,weight_loss,active,5,2531.9,2186.9,151.2,0.91,1,83.8,2268.9,147.4,4,1.0,-0.21,83.8
user_31,36,F,155,84,weight_loss,active,5,2531.9,2186.9,151.2,0.91,2,83.7,2236.9,147.8,4,0.91,-0.11,83.7
user_31,36,F,155,84,weight_loss,active,5,2531.9,2186.9,151.2,0.91,3,84.0,2450.9,162.3,3,0.77,0.33,84.0
user_31,36,F,155,84,weight_loss,active,5,2531.9,2186.9,151.2,0.91,4,84.3,2350.9,150.5,3,0.75,0.25,84.3
user_31,36,F,155,84,weight_loss,active,5,2531.9,2186.9,151.2,0.91,5,84.5,2322.9,129.1,3,0.67,0.16,84.5
user_31,36,F,155,84,weight_loss,active,5,2531.9,2186.9,151.2,0.91,6,84.4,2308.9,111.1,3,0.67,-0.08,84.4
user_31,36,F,155,84,weight_loss,active,5,2531.9,2186.9,151.2,0.91,7,84.3,2116.9,158.3,4,0.94,-0.06,84.3
user_31,36,F,155,84,weight_loss,active,5,2531.9,2186.9,151.2,0.91,8,84.3,2256.9,162.5,5,1.0,-0.04,84.3
user_31,36,F,155,84,weight_loss,active,5,2531.9,2186.9,151.2,0.91,9,84.3,2106.9,146.9,4,0.95,-0.05,84.3
user_31,36,F,155,84,weight_loss,active,5,2531.9,2186.9,151.2,0.91,10,84.4,2269.9,152.1,4,0.85,0.09,84.4
user_31,36,F,155,84,weight_loss,active,5,2531.9,2186.9,151.2,0.91,11,83.9,2093.9,166.2,4,0.84,-0.49,83.9
user_31,36,F,155,84,weight_loss,active,5,2531.9,2186.9,151.2,0.91,12,83.8,2150.9,146.4,4,0.82,-0.11,83.8
user_31,36,F,155,84,weight_loss,active,5,2531.9,2186.9,151.2,0.91,13,83.8,2173.9,120.6,3,0.65,-0.05,83.8
user_31,36,F,155,84,weight_loss,active,5,2531.9,2186.9,151.2,0.91,14,83.8,2276.9,138.8,5,1.0,-0.04,83.8
user_31,36,F,155,84,weight_loss,active,5,2531.9,2186.9,151.2,0.91,15,83.3,2089.9,148.4,4,0.89,-0.51,83.3
user_32,54,M,181,95,maintenance,active,4,3133.0,3133.0,133.0,0.67,1,95.2,3120.0,102.8,2,0.7,0.18,95.2
user_32,54,M,181,95,maintenance,active,4,3133.0,3133.0,133.0,0.67,2,95.1,3015.0,100.7,2,0.63,-0.15,95.1
user_32,54,M,181,95,maintenance,active,4,3133.0,3133.0,133.0,0.67,3,95.1,3307.0,113.4,1,0.5,0.04,95.1
user_32,54,M,181,95,maintenance,active,4,3133.0,3133.0,133.0,0.67,4,95.2,3254.0,82.7,2,0.57,0.13,95.2
user_32,54,M,181,95,maintenance,active,4,3133.0,3133.0,133.0,0.67,5,95.5,3440.0,114.2,2,0.53,0.3,95.5
user_32,54,M,181,95,maintenance,active,4,3133.0,3133.0,133.0,0.67,6,95.8,3499.0,116.0,2,0.53,0.3,95.8
user_32,54,M,181,95,maintenance,active,4,3133.0,3133.0,133.0,0.67,7,95.8,3253.0,101.7,2,0.67,0.02,95.8
user_32,54,M,181,95,maintenance,active,4,3133.0,3133.0,133.0,0.67,8,96.2,3335.0,94.1,2,0.58,0.35,96.2
user_32,54,M,181,95,maintenance,active,4,3133.0,3133.0,133.0,0.67,9,96.6,3269.0,108.5,2,0.59,0.42,96.6
user_32,54,M,181,95,maintenance,active,4,3133.0,3133.0,133.0,0.67,10,96.7,3416.0,104.7,2,0.66,0.08,96.7
user_32,54,M,181,95,maintenance,active,4,3133.0,3133.0,133.0,0.67,11,97.0,3110.0,108.3,2,0.71,0.25,97.0
user_32,54,M,181,95,maintenance,active,4,3133.0,3133.0,133.0,0.67,12,96.7,2962.0,100.6,2,0.66,-0.29,96.7
user_32,54,M,181,95,maintenance,active,4,3133.0,3133.0,133.0,0.67,13,96.5,2944.0,99.6,2,0.57,-0.22,96.5
user_32,54,M,181,95,maintenance,active,4,3133.0,3133.0,133.0,0.67,14,96.4,3007.0,126.9,3,0.77,-0.06,96.4
user_32,54,M,181,95,maintenance,active,4,3133.0,3133.0,133.0,0.67,15,96.5,3086.0,108.3,1,0.46,0.05,96.5
user_33,50,M,167,82,weight_loss,light,3,2225.8,1752.8,147.6,0.54,1,81.2,1639.8,125.7,1,0.66,-0.79,81.2
user_33,50,M,167,82,weight_loss,light,3,2225.8,1752.8,147.6,0.54,2,81.0,1708.8,129.8,1,0.55,-0.24,81.0
user_33,50,M,167,82,weight_loss,light,3,2225.8,1752.8,147.6,0.54,3,80.4,1688.8,125.9,1,0.41,-0.56,80.4
user_33,50,M,167,82,weight_loss,light,3,2225.8,1752.8,147.6,0.54,4,79.9,1692.8,107.3,1,0.5,-0.52,79.9
user_33,50,M,167,82,weight_loss,light,3,2225.8,1752.8,147.6,0.54,5,79.4,1972.8,93.7,1,0.52,-0.47,79.4
user_33,50,M,167,82,weight_loss,light,3,2225.8,1752.8,147.6,0.54,6,79.1,1726.8,96.0,1,0.47,-0.29,79.1
user_33,50,M,167,82,weight_loss,light,3,2225.8,1752.8,147.6,0.54,7,79.3,2087.8,122.3,1,0.57,0.18,79.3
user_33,50,M,167,82,weight_loss,light,3,2225.8,1752.8,147.6,0.54,8,79.3,2084.8,109.6,1,0.57,-0.01,79.3
user_33,50,M,167,82,weight_loss,light,3,2225.8,1752.8,147.6,0.54,9,78.7,1652.8,110.6,1,0.62,-0.55,78.7
user_33,50,M,167,82,weight_loss,light,3,2225.8,1752.8,147.6,0.54,10,78.3,1906.8,108.8,1,0.6,-0.43,78.3
user_33,50,M,167,82,weight_loss,light,3,2225.8,1752.8,147.6,0.54,11,78.1,2006.8,122.5,1,0.61,-0.21,78.1
user_33,50,M,167,82,weight_loss,light,3,2225.8,1752.8,147.6,0.54,12,78.2,2079.8,105.0,1,0.42,0.13,78.2
user_33,50,M,167,82,weight_loss,light,3,2225.8,1752.8,147.6,0.54,13,77.8,1651.8,118.6,1,0.63,-0.42,77.8
user_33,50,M,167,82,weight_loss,light,3,2225.8,1752.8,147.6,0.54,14,77.6,1814.8,94.1,1,0.55,-0.19,77.6
user_33,50,M,167,82,weight_loss,light,3,2225.8,1752.8,147.6,0.54,15,77.1,1700.8,118.8,1,0.59,-0.46,77.1
user_34,39,F,153,76,muscle_gain,light,2,1870.3,2206.3,167.2,0.82,1,76.3,2126.3,160.1,1,0.92,0.19,76.3
user_34,39,F,153,76,muscle_gain,light,2,1870.3,2206.3,167.2,0.82,2,76.7,2123.3,176.6,1,0.78,0.3,76.7
user_34,39,F,153,76,muscle_gain,light,2,1870.3,2206.3,167.2,0.82,3,77.3,2591.3,101.1,1,0.61,0.62,77.3
user_34,39,F,153,76,muscle_gain,light,2,1870.3,2206.3,167.2,0.82,4,77.8,2403.3,121.1,1,0.66,0.52,77.8
user_34,39,F,153,76,muscle_gain,light,2,1870.3,2206.3,167.2,0.82,5,77.9,2022.3,145.8,1,0.68,0.04,77.9
user_34,39,F,153,76,muscle_gain,light,2,1870.3,2206.3,167.2,0.82,6,78.5,2414.3,148.6,1,0.74,0.54,78.5
user_34,39,F,153,76,muscle_gain,light,2,1870.3,2206.3,167.2,0.82,7,78.8,2189.3,165.7,1,0.86,0.19,78.8
user_34,39,F,153,76,muscle_gain,light,2,1870.3,2206.3,167.2,0.82,8,79.7,2507.3,151.0,1,0.75,0.78,79.7
user_34,39,F,153,76,muscle_gain,light,2,1870.3,2206.3,167.2,0.82,9,80.2,2267.3,156.6,1,0.9,0.36,80.2
user_34,39,F,153,76,muscle_gain,light,2,1870.3,2206.3,167.2,0.82,10,80.3,2038.3,175.2,1,0.78,0.03,80.3
user_34,39,F,153,76,muscle_gain,light,2,1870.3,2206.3,167.2,0.82,11,81.0,2533.3,128.8,1,0.63,0.74,81.0
user_34,39,F,153,76,muscle_gain,light,2,1870.3,2206.3,167.2,0.82,12,81.7,2312.3,101.5,1,0.75,0.68,81.7
user_34,39,F,153,76,muscle_gain,light,2,1870.3,2206.3,167.2,0.82,13,82.3,2509.3,123.3,1,0.68,0.56,82.3
user_34,39,F,153,76,muscle_gain,light,2,1870.3,2206.3,167.2,0.82,14,82.6,2262.3,158.1,1,0.96,0.24,82.6
user_34,39,F,153,76,muscle_gain,light,2,1870.3,2206.3,167.2,0.82,15,82.8,2229.3,166.3,1,0.85,0.1,82.8
user_35,46,F,161,75,maintenance,light,3,1877.2,1877.2,105.0,0.73,1,75.1,1913.2,99.5,2,0.91,0.13,75.1
user_35,46,F,161,75,maintenance,light,3,1877.2,1877.2,105.0,0.73,2,74.9,1851.2,114.7,2,0.84,-0.2,74.9
user_35,46,F,161,75,maintenance,light,3,1877.2,1877.2,105.0,0.73,3,75.3,2247.2,85.9,1,0.6,0.45,75.3
user_35,46,F,161,75,maintenance,light,3,1877.2,1877.2,105.0,0.73,4,75.3,1701.2,87.6,2,0.69,-0.04,75.3
user_35,46,F,161,75,maintenance,light,3,1877.2,1877.2,105.0,0.73,5,75.5,2132.2,83.0,1,0.55,0.2,75.5
user_35,46,F,161,75,maintenance,light,3,1877.2,1877.2,105.0,0.73,6,76.1,2167.2,88.5,1,0.65,0.57,76.1
user_35,46,F,161,75,maintenance,light,3,1877.2,1877.2,105.0,0.73,7,76.6,2114.2,77.8,2,0.69,0.53,76.6
user_35,46,F,161,75,maintenance,light,3,1877.2,1877.2,105.0,0.73,8,77.0,1918.2,109.0,2,0.78,0.37,77.0
user_35,46,F,161,75,maintenance,light,3,1877.2,1877.2,105.0,0.73,9,77.0,2037.2,77.1,2,0.73,0.0,77.0
user_35,46,F,161,75,maintenance,light,3,1877.2,1877.2,105.0,0.73,10,77.0,1931.2,110.5,2,0.83,0.04,77.0
user_35,46,F,161,75,maintenance,light,3,1877.2,1877.2,105.0,0.73,11,77.4,1973.2,107.5,2,0.81,0.42,77.4
user_35,46,F,161,75,maintenance,light,3,1877.2,1877.2,105.0,0.73,12,77.3,1978.2,103.6,2,0.76,-0.1,77.3
user_35,46,F,161,75,maintenance,light,3,1877.2,1877.2,105.0,0.73,13,77.0,1784.2,98.9,2,0.85,-0.28,77.0
user_35,46,F,161,75,maintenance,light,3,1877.2,1877.2,105.0,0.73,14,77.4,2007.2,88.0,1,0.52,0.37,77.4
user_35,46,F,161,75,maintenance,light,3,1877.2,1877.2,105.0,0.73,15,77.8,1945.2,98.6,2,0.8,0.41,77.8
user_36,53,M,177,84,weight_loss,active,5,2908.8,2466.8,151.2,0.67,1,83.7,2429.8,164.9,4,0.85,-0.27,83.7
user_36,53,M,177,84,weight_loss,active,5,2908.8,2466.8,151.2,0.67,2,83.6,2622.8,110.5,3,0.67,-0.09,83.6
user_36,53,M,177,84,weight_loss,active,5,2908.8,2466.8,151.2,0.67,3,83.4,2419.8,91.4,2,0.5,-0.17,83.4
user_36,53,M,177,84,weight_loss,active,5,2908.8,2466.8,151.2,0.67,4,83.3,2390.8,133.5,3,0.61,-0.08,83.3
user_36,53,M,177,84,weight_loss,active,5,2908.8,2466.8,151.2,0.67,5,83.1,2715.8,134.6,2,0.57,-0.16,83.1
user_36,53,M,177,84,weight_loss,active,5,2908.8,2466.8,151.2,0.67,6,82.9,2743.8,123.3,3,0.63,-0.18,82.9
user_36,53,M,177,84,weight_loss,active,5,2908.8,2466.8,151.2,0.67,7,82.7,2304.8,126.2,3,0.7,-0.16,82.7
user_36,53,M,177,84,weight_loss,active,5,2908.8,2466.8,151.2,0.67,8,82.0,2358.8,113.3,3,0.72,-0.68,82.0
user_36,53,M,177,84,weight_loss,active,5,2908.8,2466.8,151.2,0.67,9,82.1,2777.8,115.8,2,0.57,0.14,82.1
user_36,53,M,177,84,weight_loss,active,5,2908.8,2466.8,151.2,0.67,10,82.0,2435.8,105.3,2,0.58,-0.14,82.0
user_36,53,M,177,84,weight_loss,active,5,2908.8,2466.8,151.2,0.67,11,81.7,2420.8,137.0,3,0.77,-0.34,81.7
user_36,53,M,177,84,weight_loss,active,5,2908.8,2466.8,151.2,0.67,12,81.7,2530.8,97.7,2,0.46,0.03,81.7
user_36,53,M,177,84,weight_loss,active,5,2908.8,2466.8,151.2,0.67,13,81.5,2525.8,151.6,4,0.81,-0.2,81.5
user_36,53,M,177,84,weight_loss,active,5,2908.8,2466.8,151.2,0.67,14,81.2,2624.8,116.9,2,0.52,-0.27,81.2
user_36,53,M,177,84,weight_loss,active,5,2908.8,2466.8,151.2,0.67,15,80.9,2458.8,153.1,4,0.81,-0.34,80.9
user_37,49,F,170,74,muscle_gain,moderate,4,2164.6,2421.6,162.8,0.51,1,74.6,2334.6,141.7,2,0.59,0.46,74.6
user_37,49,F,170,74,muscle_gain,moderate,4,2164.6,2421.6,162.8,0.51,2,75.2,2486.6,138.7,2,0.64,0.52,75.2
user_37,49,F,170,74,muscle_gain,moderate,4,2164.6,2421.6,162.8,0.51,3,75.7,2413.6,106.2,1,0.4,0.49,75.7
user_37,49,F,170,74,muscle_gain,moderate,4,2164.6,2421.6,162.8,0.51,4,76.3,2800.6,126.1,1,0.41,0.58,76.3
user_37,49,F,170,74,muscle_gain,moderate,4,2164.6,2421.6,162.8,0.51,5,76.7,2319.6,113.6,1,0.44,0.38,76.7
user_37,49,F,170,74,muscle_gain,moderate,4,2164.6,2421.6,162.8,0.51,6,77.3,2419.6,141.3,1,0.39,0.54,77.3
user_37,49,F,170,74,muscle_gain,moderate,4,2164.6,2421.6,162.8,0.51,7,78.1,2625.6,135.0,2,0.57,0.69,78.1
user_37,49,F,170,74,muscle_gain,moderate,4,2164.6,2421.6,162.8,0.51,8,78.1,2329.6,126.6,2,0.57,0.04,78.1
user_37,49,F,170,74,muscle_gain,moderate,4,2164.6,2421.6,162.8,0.51,9,78.4,2778.6,107.8,1,0.48,0.34,78.4
user_37,49,F,170,74,muscle_gain,moderate,4,2164.6,2421.6,162.8,0.51,10,78.8,2491.6,140.6,1,0.44,0.31,78.8
user_37,49,F,170,74,muscle_gain,moderate,4,2164.6,2421.6,162.8,0.51,11,79.1,2260.6,100.0,1,0.45,0.26,79.1
user_37,49,F,170,74,muscle_gain,moderate,4,2164.6,2421.6,162.8,0.51,12,79.4,2224.6,105.1,1,0.44,0.32,79.4
user_37,49,F,170,74,muscle_gain,moderate,4,2164.6,2421.6,162.8,0.51,13,79.8,2499.6,143.2,1,0.35,0.28,79.8
user_37,49,F,170,74,muscle_gain,moderate,4,2164.6,2421.6,162.8,0.51,14,80.4,2729.6,118.0,1,0.44,0.57,80.4
user_37,49,F,170,74,muscle_gain,moderate,4,2164.6,2421.6,162.8,0.51,15,80.6,2611.6,107.6,1,0.44,0.15,80.6
user_38,23,F,166,82,weight_loss,active,4,2728.1,2233.1,147.6,0.88,1,81.8,2260.1,132.9,3,0.95,-0.17,81.8
user_38,23,F,166,82,weight_loss,active,4,2728.1,2233.1,147.6,0.88,2,81.5,2170.1,154.4,4,1.0,-0.27,81.5
user_38,23,F,166,82,weight_loss,active,4,2728.1,2233.1,147.6,0.88,3,81.5,2375.1,115.6,2,0.73,-0.01,81.5
user_38,23,F,166,82,weight_loss,active,4,2728.1,2233.1,147.6,0.88,4,81.0,2244.1,157.0,3,0.82,-0.51,81.0
user_38,23,F,166,82,weight_loss,active,4,2728.1,2233.1,147.6,0.88,5,80.7,2411.1,132.8,2,0.72,-0.27,80.7
user_38,23,F,166,82,weight_loss,active,4,2728.1,2233.1,147.6,0.88,6,80.2,2054.1,106.0,2,0.69,-0.48,80.2
user_38,23,F,166,82,weight_loss,active,4,2728.1,2233.1,147.6,0.88,7,80.0,2191.1,145.1,3,0.92,-0.22,80.0
user_38,23,F,166,82,weight_loss,active,4,2728.1,2233.1,147.6,0.88,8,79.7,2194.1,155.9,3,0.75,-0.32,79.7
user_38,23,F,166,82,weight_loss,active,4,2728.1,2233.1,147.6,0.88,9,79.2,2142.1,147.1,3,1.0,-0.5,79.2
user_38,23,F,166,82,weight_loss,active,4,2728.1,2233.1,147.6,0.88,10,79.0,2243.1,153.9,3,1.0,-0.17,79.0
user_38,23,F,166,82,weight_loss,active,4,2728.1,2233.1,147.6,0.88,11,78.7,2323.1,147.9,4,1.0,-0.29,78.7
user_38,23,F,166,82,weight_loss,active,4,2728.1,2233.1,147.6,0.88,12,78.5,2226.1,119.4,2,0.69,-0.25,78.5
user_38,23,F,166,82,weight_loss,active,4,2728.1,2233.1,147.6,0.88,13,78.6,2439.1,136.5,3,0.77,0.06,78.6
user_38,23,F,166,82,weight_loss,active,4,2728.1,2233.1,147.6,0.88,14,78.3,2509.1,94.9,2,0.66,-0.29,78.3
user_38,23,F,166,82,weight_loss,active,4,2728.1,2233.1,147.6,0.88,15,78.1,2135.1,136.3,4,1.0,-0.22,78.1
user_39,47,F,166,84,maintenance,active,5,2555.6,2555.6,117.6,0.73,1,84.2,2563.6,128.1,4,0.84,0.16,84.2
user_39,47,F,166,84,maintenance,active,5,2555.6,2555.6,117.6,0.73,2,84.4,2454.6,124.3,3,0.77,0.17,84.4
user_39,47,F,166,84,maintenance,active,5,2555.6,2555.6,117.6,0.73,3,84.0,2397.6,100.2,2,0.6,-0.36,84.0
user_39,47,F,166,84,maintenance,active,5,2555.6,2555.6,117.6,0.73,4,83.9,2624.6,100.3,3,0.66,-0.06,83.9
user_39,47,F,166,84,maintenance,active,5,2555.6,2555.6,117.6,0.73,5,84.0,2522.6,72.4,3,0.63,0.09,84.0
user_39,47,F,166,84,maintenance,active,5,2555.6,2555.6,117.6,0.73,6,84.6,2744.6,74.7,3,0.66,0.57,84.6
user_39,47,F,166,84,maintenance,active,5,2555.6,2555.6,117.6,0.73,7,85.3,2946.6,108.9,3,0.78,0.69,85.3
user_39,47,F,166,84,maintenance,active,5,2555.6,2555.6,117.6,0.73,8,85.5,2806.6,92.6,3,0.65,0.23,85.5
user_39,47,F,166,84,maintenance,active,5,2555.6,2555.6,117.6,0.73,9,85.6,2667.6,124.6,3,0.8,0.07,85.6
user_39,47,F,166,84,maintenance,active,5,2555.6,2555.6,117.6,0.73,10,86.2,2805.6,125.8,3,0.76,0.63,86.2
user_39,47,F,166,84,maintenance,active,5,2555.6,2555.6,117.6,0.73,11,86.3,2818.6,76.3,2,0.5,0.13,86.3
user_39,47,F,166,84,maintenance,active,5,2555.6,2555.6,117.6,0.73,12,86.5,2685.6,77.3,3,0.72,0.18,86.5
user_39,47,F,166,84,maintenance,active,5,2555.6,2555.6,117.6,0.73,13,87.0,2923.6,101.5,3,0.73,0.51,87.0
user_39,47,F,166,84,maintenance,active,5,2555.6,2555.6,117.6,0.73,14,87.0,2516.6,107.8,4,0.83,0.02,87.0
user_39,47,F,166,84,maintenance,active,5,2555.6,2555.6,117.6,0.73,15,87.3,2804.6,77.8,3,0.73,0.27,87.3
user_40,36,F,168,68,muscle_gain,moderate,4,2153.0,2414.0,149.6,0.88,1,68.6,2397.0,154.7,4,1.0,0.46,68.6
user_40,36,F,168,68,muscle_gain,moderate,4,2153.0,2414.0,149.6,0.88,2,69.2,2460.0,158.1,3,0.88,0.46,69.2
user_40,36,F,168,68,muscle_gain,moderate,4,2153.0,2414.0,149.6,0.88,3,69.5,2337.0,142.9,3,0.86,0.24,69.5
user_40,36,F,168,68,muscle_gain,moderate,4,2153.0,2414.0,149.6,0.88,4,69.7,2375.0,150.2,3,0.86,0.13,69.7
user_40,36,F,168,68,muscle_gain,moderate,4,2153.0,2414.0,149.6,0.88,5,70.2,2382.0,163.9,3,0.85,0.36,70.2
user_40,36,F,168,68,muscle_gain,moderate,4,2153.0,2414.0,149.6,0.88,6,70.7,2681.0,108.7,2,0.68,0.47,70.7
user_40,36,F,168,68,muscle_gain,moderate,4,2153.0,2414.0,149.6,0.88,7,71.2,2444.0,140.8,3,0.85,0.37,71.2
user_40,36,F,168,68,muscle_gain,moderate,4,2153.0,2414.0,149.6,0.88,8,71.8,2437.0,151.1,3,0.82,0.49,71.8
user_40,36,F,168,68,muscle_gain,moderate,4,2153.0,2414.0,149.6,0.88,9,72.2,2652.0,136.9,3,0.79,0.32,72.2
user_40,36,F,168,68,muscle_gain,moderate,4,2153.0,2414.0,149.6,0.88,10,72.7,2354.0,137.4,3,1.0,0.36,72.7
user_40,36,F,168,68,muscle_gain,moderate,4,2153.0,2414.0,149.6,0.88,11,72.8,2379.0,142.6,3,0.81,0.03,72.8
user_40,36,F,168,68,muscle_gain,moderate,4,2153.0,2414.0,149.6,0.88,12,73.4,2496.0,120.1,2,0.68,0.51,73.4
user_40,36,F,168,68,muscle_gain,moderate,4,2153.0,2414.0,149.6,0.88,13,74.0,2500.0,142.8,3,0.95,0.49,74.0
user_40,36,F,168,68,muscle_gain,moderate,4,2153.0,2414.0,149.6,0.88,14,74.5,2808.0,94.5,2,0.64,0.47,74.5
user_40,36,F,168,68,muscle_gain,moderate,4,2153.0,2414.0,149.6,0.88,15,75.3,2773.0,90.1,2,0.64,0.8,75.3
user_41,29,M,165,65,maintenance,light,3,2119.2,2119.2,91.0,0.58,1,65.2,2332.2,73.2,1,0.66,0.18,65.2
user_41,29,M,165,65,maintenance,light,3,2119.2,2119.2,91.0,0.58,2,65.1,1986.2,80.2,1,0.55,-0.06,65.1
user_41,29,M,165,65,maintenance,light,3,2119.2,2119.2,91.0,0.58,3,65.4,2338.2,74.4,1,0.56,0.31,65.4
user_41,29,M,165,65,maintenance,light,3,2119.2,2119.2,91.0,0.58,4,65.3,2180.2,81.3,1,0.53,-0.14,65.3
user_41,29,M,165,65,maintenance,light,3,2119.2,2119.2,91.0,0.58,5,65.4,1972.2,63.5,1,0.42,0.14,65.4
user_41,29,M,165,65,maintenance,light,3,2119.2,2119.2,91.0,0.58,6,65.5,2327.2,66.4,1,0.43,0.08,65.5
user_41,29,M,165,65,maintenance,light,3,2119.2,2119.2,91.0,0.58,7,65.7,1991.2,66.6,1,0.57,0.22,65.7
user_41,29,M,165,65,maintenance,light,3,2119.2,2119.2,91.0,0.58,8,65.4,1961.2,72.0,1,0.53,-0.26,65.4
user_41,29,M,165,65,maintenance,light,3,2119.2,2119.2,91.0,0.58,9,65.5,1957.2,60.0,1,0.62,0.12,65.5
user_41,29,M,165,65,maintenance,light,3,2119.2,2119.2,91.0,0.58,10,65.3,1965.2,55.4,1,0.62,-0.19,65.3
user_41,29,M,165,65,maintenance,light,3,2119.2,2119.2,91.0,0.58,11,65.4,2214.2,64.3,1,0.57,0.08,65.4
user_41,29,M,165,65,maintenance,light,3,2119.2,2119.2,91.0,0.58,12,65.5,2249.2,70.8,1,0.63,0.08,65.5
user_41,29,M,165,65,maintenance,light,3,2119.2,2119.2,91.0,0.58,13,65.9,2468.2,65.1,1,0.51,0.35,65.9
user_41,29,M,165,65,maintenance,light,3,2119.2,2119.2,91.0,0.58,14,66.3,2305.2,71.4,1,0.47,0.35,66.3
user_41,29,M,165,65,maintenance,light,3,2119.2,2119.2,91.0,0.58,15,66.9,2412.2,64.7,2,0.7,0.6,66.9
user_42,18,M,180,103,maintenance,sedentary,1,2484.0,2484.0,144.2,0.61,1,103.0,2578.0,98.2,0,0.69,0.01,103.0
user_42,18,M,180,103,maintenance,sedentary,1,2484.0,2484.0,144.2,0.61,2,103.3,2851.0,152.5,0,0.75,0.28,103.3
user_42,18,M,180,103,maintenance,sedentary,1,2484.0,2484.0,144.2,0.61,3,103.2,2406.0,117.0,0,0.58,-0.11,103.2
user_42,18,M,180,103,maintenance,sedentary,1,2484.0,2484.0,144.2,0.61,4,103.4,2535.0,92.8,0,0.51,0.22,103.4
user_42,18,M,180,103,maintenance,sedentary,1,2484.0,2484.0,144.2,0.61,5,103.2,2346.0,99.2,0,0.51,-0.16,103.2
user_42,18,M,180,103,maintenance,sedentary,1,2484.0,2484.0,144.2,0.61,6,102.9,2497.0,108.3,0,0.44,-0.25,102.9
user_42,18,M,180,103,maintenance,sedentary,1,2484.0,2484.0,144.2,0.61,7,103.0,2490.0,98.7,0,0.61,0.13,103.0
user_42,18,M,180,103,maintenance,sedentary,1,2484.0,2484.0,144.2,0.61,8,102.7,2404.0,97.8,0,0.52,-0.28,102.7
user_42,18,M,180,103,maintenance,sedentary,1,2484.0,2484.0,144.2,0.61,9,102.7,2304.0,118.8,0,0.55,-0.03,102.7
user_42,18,M,180,103,maintenance,sedentary,1,2484.0,2484.0,144.2,0.61,10,102.9,2878.0,91.3,0,0.67,0.23,102.9
user_42,18,M,180,103,maintenance,sedentary,1,2484.0,2484.0,144.2,0.61,11,103.0,2566.0,108.8,0,0.72,0.1,103.0
user_42,18,M,180,103,maintenance,sedentary,1,2484.0,2484.0,144.2,0.61,12,103.1,2335.0,124.3,0,0.52,0.06,103.1
user_42,18,M,180,103,maintenance,sedentary,1,2484.0,2484.0,144.2,0.61,13,103.2,2672.0,100.7,0,0.72,0.08,103.2
user_42,18,M,180,103,maintenance,sedentary,1,2484.0,2484.0,144.2,0.61,14,103.3,2380.0,100.3,0,0.6,0.15,103.3
user_42,18,M,180,103,maintenance,sedentary,1,2484.0,2484.0,144.2,0.61,15,103.6,2830.0,101.6,0,0.65,0.33,103.6
user_43,54,F,165,77,weight_loss,moderate,4,2123.9,1620.9,138.6,0.51,1,76.7,1506.9,118.0,2,0.61,-0.27,76.7
user_43,54,F,165,77,weight_loss,moderate,4,2123.9,1620.9,138.6,0.51,2,76.7,1876.9,89.8,2,0.6,-0.04,76.7
user_43,54,F,165,77,weight_loss,moderate,4,2123.9,1620.9,138.6,0.51,3,76.6,1977.9,99.2,1,0.39,-0.1,76.6
user_43,54,F,165,77,weight_loss,moderate,4,2123.9,1620.9,138.6,0.51,4,76.4,1666.9,83.2,1,0.42,-0.25,76.4
user_43,54,F,165,77,weight_loss,moderate,4,2123.9,1620.9,138.6,0.51,5,75.8,1437.9,95.5,1,0.46,-0.56,75.8
user_43,54,F,165,77,weight_loss,moderate,4,2123.9,1620.9,138.6,0.51,6,75.6,1654.9,113.6,1,0.41,-0.16,75.6
user_43,54,F,165,77,weight_loss,moderate,4,2123.9,1620.9,138.6,0.51,7,75.1,1534.9,92.4,1,0.45,-0.48,75.1
user_43,54,F,165,77,weight_loss,moderate,4,2123.9,1620.9,138.6,0.51,8,74.6,1625.9,90.1,2,0.53,-0.53,74.6
user_43,54,F,165,77,weight_loss,moderate,4,2123.9,1620.9,138.6,0.51,9,74.4,1537.9,92.3,1,0.47,-0.22,74.4
user_43,54,F,165,77,weight_loss,moderate,4,2123.9,1620.9,138.6,0.51,10,74.5,1928.9,100.4,2,0.53,0.05,74.5
user_43,54,F,165,77,weight_loss,moderate,4,2123.9,1620.9,138.6,0.51,11,74.4,1749.9,100.3,1,0.41,-0.15,74.4
user_43,54,F,165,77,weight_loss,moderate,4,2123.9,1620.9,138.6,0.51,12,74.3,1918.9,105.9,1,0.41,-0.1,74.3
user_43,54,F,165,77,weight_loss,moderate,4,2123.9,1620.9,138.6,0.51,13,73.9,1624.9,112.1,1,0.41,-0.42,73.9
user_43,54,F,165,77,weight_loss,moderate,4,2123.9,1620.9,138.6,0.51,14,73.3,1701.9,104.5,1,0.39,-0.58,73.3
user_43,54,F,165,77,weight_loss,moderate,4,2123.9,1620.9,138.6,0.51,15,73.0,1426.9,115.3,2,0.6,-0.28,73.0
user_44,38,F,158,82,muscle_gain,light,2,2002.7,2270.7,180.4,0.9,1,82.1,2231.7,191.0,2,1.0,0.03,82.1
user_44,38,F,158,82,muscle_gain,light,2,2002.7,2270.7,180.4,0.9,2,82.5,2198.7,185.0,1,0.98,0.33,82.5
user_44,38,F,158,82,muscle_gain,light,2,2002.7,2270.7,180.4,0.9,3,82.8,2094.7,147.8,1,0.71,0.24,82.8
user_44,38,F,158,82,muscle_gain,light,2,2002.7,2270.7,180.4,0.9,4,83.4,2262.7,192.0,1,0.82,0.48,83.4
user_44,38,F,158,82,muscle_gain,light,2,2002.7,2270.7,180.4,0.9,5,83.6,2268.7,178.6,1,0.76,0.09,83.6
user_44,38,F,158,82,muscle_gain,light,2,2002.7,2270.7,180.4,0.9,6,83.8,2342.7,179.8,1,0.85,0.06,83.8
user_44,38,F,158,82,muscle_gain,light,2,2002.7,2270.7,180.4,0.9,7,84.4,2226.7,191.4,1,0.88,0.48,84.4
user_44,38,F,158,82,muscle_gain,light,2,2002.7,2270.7,180.4,0.9,8,84.7,2305.7,194.0,1,0.82,0.25,84.7
user_44,38,F,158,82,muscle_gain,light,2,2002.7,2270.7,180.4,0.9,9,85.1,2205.7,193.0,1,0.91,0.25,85.1
user_44,38,F,158,82,muscle_gain,light,2,2002.7,2270.7,180.4,0.9,10,85.7,2251.7,175.9,2,1.0,0.49,85.7
user_44,38,F,158,82,muscle_gain,light,2,2002.7,2270.7,180.4,0.9,11,85.9,2290.7,138.5,1,0.66,0.19,85.9
user_44,38,F,158,82,muscle_gain,light,2,2002.7,2270.7,180.4,0.9,12,85.9,2275.7,128.4,1,0.63,0.03,85.9
user_44,38,F,158,82,muscle_gain,light,2,2002.7,2270.7,180.4,0.9,13,86.3,2229.7,188.4,1,0.91,0.34,86.3
user_44,38,F,158,82,muscle_gain,light,2,2002.7,2270.7,180.4,0.9,14,86.8,2327.7,170.2,1,0.81,0.43,86.8
user_44,38,F,158,82,muscle_gain,light,2,2002.7,2270.7,180.4,0.9,15,86.8,2193.7,113.4,1,0.69,-0.03,86.8
user_45,48,F,161,68,muscle_gain,active,4,2217.1,2420.1,149.6,0.78,1,68.2,2355.1,108.9,2,0.74,0.23,68.2
user_45,48,F,161,68,muscle_gain,active,4,2217.1,2420.1,149.6,0.78,2,68.6,2381.1,158.7,3,0.86,0.28,68.6
user_45,48,F,161,68,muscle_gain,active,4,2217.1,2420.1,149.6,0.78,3,69.2,2704.1,99.1,2,0.59,0.65,69.2
user_45,48,F,161,68,muscle_gain,active,4,2217.1,2420.1,149.6,0.78,4,69.6,2311.1,98.5,2,0.64,0.4,69.6
user_45,48,F,161,68,muscle_gain,active,4,2217.1,2420.1,149.6,0.78,5,70.1,2620.1,101.3,2,0.71,0.51,70.1
user_45,48,F,161,68,muscle_gain,active,4,2217.1,2420.1,149.6,0.78,6,70.7,2709.1,115.7,2,0.65,0.6,70.7
user_45,48,F,161,68,muscle_gain,active,4,2217.1,2420.1,149.6,0.78,7,71.1,2664.1,121.9,2,0.7,0.35,71.1
user_45,48,F,161,68,muscle_gain,active,4,2217.1,2420.1,149.6,0.78,8,71.3,2278.1,98.1,2,0.71,0.19,71.3
user_45,48,F,161,68,muscle_gain,active,4,2217.1,2420.1,149.6,0.78,9,71.5,2457.1,149.8,3,0.86,0.15,71.5
user_45,48,F,161,68,muscle_gain,active,4,2217.1,2420.1,149.6,0.78,10,72.0,2733.1,95.8,2,0.68,0.51,72.0
user_45,48,F,161,68,muscle_gain,active,4,2217.1,2420.1,149.6,0.78,11,72.5,2588.1,102.0,2,0.65,0.53,72.5
user_45,48,F,161,68,muscle_gain,active,4,2217.1,2420.1,149.6,0.78,12,72.8,2441.1,99.9,2,0.65,0.3,72.8
user_45,48,F,161,68,muscle_gain,active,4,2217.1,2420.1,149.6,0.78,13,73.3,2597.1,102.3,2,0.74,0.52,73.3
user_45,48,F,161,68,muscle_gain,active,4,2217.1,2420.1,149.6,0.78,14,74.0,2656.1,126.3,2,0.58,0.64,74.0
user_45,48,F,161,68,muscle_gain,active,4,2217.1,2420.1,149.6,0.78,15,74.6,2559.1,124.5,2,0.71,0.54,74.6
user_46,19,F,168,77,maintenance,active,4,2697.9,2697.9,107.8,0.79,1,77.1,2888.9,97.7,3,0.78,0.15,77.1
user_46,19,F,168,77,maintenance,active,4,2697.9,2697.9,107.8,0.79,2,77.6,2901.9,93.4,2,0.75,0.46,77.6
user_46,19,F,168,77,maintenance,active,4,2697.9,2697.9,107.8,0.79,3,77.9,2713.9,93.7,2,0.7,0.33,77.9
user_46,19,F,168,77,maintenance,active,4,2697.9,2697.9,107.8,0.79,4,78.4,2951.9,96.9,2,0.64,0.5,78.4
user_46,19,F,168,77,maintenance,active,4,2697.9,2697.9,107.8,0.79,5,78.7,2827.9,91.0,2,0.74,0.32,78.7
user_46,19,F,168,77,maintenance,active,4,2697.9,2697.9,107.8,0.79,6,78.6,2523.9,118.6,3,0.77,-0.15,78.6
user_46,19,F,168,77,maintenance,active,4,2697.9,2697.9,107.8,0.79,7,79.0,2657.9,115.5,3,0.85,0.38,79.0
user_46,19,F,168,77,maintenance,active,4,2697.9,2697.9,107.8,0.79,8,79.0,2896.9,78.0,2,0.73,0.04,79.0
user_46,19,F,168,77,maintenance,active,4,2697.9,2697.9,107.8,0.79,9,79.1,2995.9,77.8,2,0.68,0.06,79.1
user_46,19,F,168,77,maintenance,active,4,2697.9,2697.9,107.8,0.79,10,79.2,2997.9,72.2,2,0.69,0.06,79.2
user_46,19,F,168,77,maintenance,active,4,2697.9,2697.9,107.8,0.79,11,79.1,2773.9,113.5,3,0.93,-0.09,79.1
user_46,19,F,168,77,maintenance,active,4,2697.9,2697.9,107.8,0.79,12,79.5,2938.9,82.9,2,0.63,0.37,79.5
user_46,19,F,168,77,maintenance,active,4,2697.9,2697.9,107.8,0.79,13,80.0,2835.9,83.5,2,0.61,0.5,80.0
user_46,19,F,168,77,maintenance,active,4,2697.9,2697.9,107.8,0.79,14,80.2,2946.9,87.6,2,0.68,0.24,80.2
user_46,19,F,168,77,maintenance,active,4,2697.9,2697.9,107.8,0.79,15,80.6,2683.9,117.0,3,0.85,0.36,80.6
user_47,54,M,176,67,weight_loss,sedentary,1,1806.0,1222.0,120.6,0.53,1,66.8,1212.0,80.0,0,0.56,-0.24,66.8
user_47,54,M,176,67,weight_loss,sedentary,1,1806.0,1222.0,120.6,0.53,2,66.5,1134.0,89.0,0,0.67,-0.35,66.5
user_47,54,M,176,67,weight_loss,sedentary,1,1806.0,1222.0,120.6,0.53,3,66.2,1309.0,88.8,0,0.45,-0.35,66.2
user_47,54,M,176,67,weight_loss,sedentary,1,1806.0,1222.0,120.6,0.53,4,66.0,1492.0,105.8,0,0.47,-0.21,66.0
user_47,54,M,176,67,weight_loss,sedentary,1,1806.0,1222.0,120.6,0.53,5,65.9,1592.0,97.6,0,0.39,-0.11,65.9
user_47,54,M,176,67,weight_loss,sedentary,1,1806.0,1222.0,120.6,0.53,6,65.2,1085.0,101.7,0,0.42,-0.71,65.2
user_47,54,M,176,67,weight_loss,sedentary,1,1806.0,1222.0,120.6,0.53,7,65.0,1427.0,88.8,0,0.48,-0.24,65.0
user_47,54,M,176,67,weight_loss,sedentary,1,1806.0,1222.0,120.6,0.53,8,64.8,1455.0,73.1,0,0.58,-0.15,64.8
user_47,54,M,176,67,weight_loss,sedentary,1,1806.0,1222.0,120.6,0.53,9,64.1,1064.0,88.8,0,0.55,-0.7,64.1
user_47,54,M,176,67,weight_loss,sedentary,1,1806.0,1222.0,120.6,0.53,10,63.5,1187.0,91.8,0,0.56,-0.57,63.5
user_47,54,M,176,67,weight_loss,sedentary,1,1806.0,1222.0,120.6,0.53,11,63.2,1459.0,93.5,0,0.62,-0.26,63.2
user_47,54,M,176,67,weight_loss,sedentary,1,1806.0,1222.0,120.6,0.53,12,62.3,1029.0,74.8,0,0.57,-0.87,62.3
user_47,54,M,176,67,weight_loss,sedentary,1,1806.0,1222.0,120.6,0.53,13,62.1,1460.0,104.3,0,0.44,-0.22,62.1
user_47,54,M,176,67,weight_loss,sedentary,1,1806.0,1222.0,120.6,0.53,14,61.5,1260.0,97.1,0,0.42,-0.57,61.5
user_47,54,M,176,67,weight_loss,sedentary,1,1806.0,1222.0,120.6,0.53,15,61.1,1532.0,76.9,0,0.4,-0.43,61.1
user_48,19,M,183,99,maintenance,sedentary,1,2452.5,2452.5,138.6,0.81,1,99.3,2470.5,141.9,0,0.82,0.28,99.3
user_48,19,M,183,99,maintenance,sedentary,1,2452.5,2452.5,138.6,0.81,2,99.0,2461.5,134.0,0,0.96,-0.25,99.0
user_48,19,M,183,99,maintenance,sedentary,1,2452.5,2452.5,138.6,0.81,3,98.8,2315.5,149.5,0,0.79,-0.24,98.8
user_48,19,M,183,99,maintenance,sedentary,1,2452.5,2452.5,138.6,0.81,4,98.5,2349.5,86.1,0,0.7,-0.27,98.5
user_48,19,M,183,99,maintenance,sedentary,1,2452.5,2452.5,138.6,0.81,5,98.8,2527.5,85.5,0,0.63,0.33,98.8
user_48,19,M,183,99,maintenance,sedentary,1,2452.5,2452.5,138.6,0.81,6,99.3,2736.5,105.2,0,0.6,0.55,99.3
user_48,19,M,183,99,maintenance,sedentary,1,2452.5,2452.5,138.6,0.81,7,99.5,2835.5,101.4,0,0.73,0.22,99.5
user_48,19,M,183,99,maintenance,sedentary,1,2452.5,2452.5,138.6,0.81,8,99.3,2461.5,142.2,0,0.88,-0.16,99.3
user_48,19,M,183,99,maintenance,sedentary,1,2452.5,2452.5,138.6,0.81,9,99.1,2290.5,98.4,0,0.69,-0.24,99.1
user_48,19,M,183,99,maintenance,sedentary,1,2452.5,2452.5,138.6,0.81,10,99.1,2287.5,130.6,0,0.76,0.04,99.1
user_48,19,M,183,99,maintenance,sedentary,1,2452.5,2452.5,138.6,0.81,11,98.9,2417.5,119.1,0,0.7,-0.24,98.9
user_48,19,M,183,99,maintenance,sedentary,1,2452.5,2452.5,138.6,0.81,12,98.8,2282.5,95.7,0,0.57,-0.12,98.8
user_48,19,M,183,99,maintenance,sedentary,1,2452.5,2452.5,138.6,0.81,13,98.8,2443.5,140.8,0,0.76,-0.0,98.8
user_48,19,M,183,99,maintenance,sedentary,1,2452.5,2452.5,138.6,0.81,14,98.9,2523.5,132.3,0,0.8,0.06,98.9
user_48,19,M,183,99,maintenance,sedentary,1,2452.5,2452.5,138.6,0.81,15,98.9,2741.5,117.4,0,0.64,-0.0,98.9
user_49,51,F,170,56,muscle_gain,sedentary,1,1447.8,1766.8,123.2,0.83,1,56.2,1674.8,115.6,0,0.89,0.11,56.2
user_49,51,F,170,56,muscle_gain,sedentary,1,1447.8,1766.8,123.2,0.83,2,56.5,1833.8,127.2,0,0.93,0.17,56.5
user_49,51,F,170,56,muscle_gain,sedentary,1,1447.8,1766.8,123.2,0.83,3,57.5,2068.8,105.0,0,0.61,0.86,57.5
user_49,51,F,170,56,muscle_gain,sedentary,1,1447.8,1766.8,123.2,0.83,4,57.9,1783.8,115.7,0,0.79,0.3,57.9
user_49,51,F,170,56,muscle_gain,sedentary,1,1447.8,1766.8,123.2,0.83,5,58.6,2012.8,124.7,0,0.76,0.63,58.6
user_49,51,F,170,56,muscle_gain,sedentary,1,1447.8,1766.8,123.2,0.83,6,58.8,1792.8,103.5,0,0.74,0.09,58.8
user_49,51,F,170,56,muscle_gain,sedentary,1,1447.8,1766.8,123.2,0.83,7,59.0,1852.8,129.7,0,0.88,0.14,59.0
user_49,51,F,170,56,muscle_gain,sedentary,1,1447.8,1766.8,123.2,0.83,8,59.6,1794.8,123.5,0,0.75,0.46,59.6
user_49,51,F,170,56,muscle_gain,sedentary,1,1447.8,1766.8,123.2,0.83,9,59.7,1679.8,126.8,0,0.83,0.05,59.7
user_49,51,F,170,56,muscle_gain,sedentary,1,1447.8,1766.8,123.2,0.83,10,59.9,1690.8,129.2,0,0.84,0.09,59.9
user_49,51,F,170,56,muscle_gain,sedentary,1,1447.8,1766.8,123.2,0.83,11,60.4,1785.8,80.0,0,0.68,0.52,60.4
user_49,51,F,170,56,muscle_gain,sedentary,1,1447.8,1766.8,123.2,0.83,12,60.9,1971.8,96.2,0,0.6,0.52,60.9
user_49,51,F,170,56,muscle_gain,sedentary,1,1447.8,1766.8,123.2,0.83,13,61.1,1750.8,103.0,0,0.68,0.13,61.1
user_49,51,F,170,56,muscle_gain,sedentary,1,1447.8,1766.8,123.2,0.83,14,61.7,1852.8,119.2,0,0.84,0.51,61.7
user_49,51,F,170,56,muscle_gain,sedentary,1,1447.8,1766.8,123.2,0.83,15,62.0,1873.8,98.8,0,0.72,0.22,62.0
user_50,53,M,174,101,weight_loss,active,4,3169.7,2834.7,181.8,0.67,1,101.0,3229.7,122.7,2,0.67,-0.01,101.0
user_50,53,M,174,101,weight_loss,active,4,3169.7,2834.7,181.8,0.67,2,100.7,2909.7,129.6,2,0.63,-0.32,100.7
user_50,53,M,174,101,weight_loss,active,4,3169.7,2834.7,181.8,0.67,3,100.4,2906.7,125.1,2,0.53,-0.32,100.4
user_50,53,M,174,101,weight_loss,active,4,3169.7,2834.7,181.8,0.67,4,100.1,2912.7,125.0,2,0.65,-0.33,100.1
user_50,53,M,174,101,weight_loss,active,4,3169.7,2834.7,181.8,0.67,5,100.1,2862.7,134.5,2,0.52,-0.04,100.1
user_50,53,M,174,101,weight_loss,active,4,3169.7,2834.7,181.8,0.67,6,99.7,2635.7,150.6,2,0.51,-0.4,99.7
user_50,53,M,174,101,weight_loss,active,4,3169.7,2834.7,181.8,0.67,7,99.2,2646.7,151.0,2,0.71,-0.46,99.2
user_50,53,M,174,101,weight_loss,active,4,3169.7,2834.7,181.8,0.67,8,98.8,2804.7,110.7,2,0.74,-0.43,98.8
user_50,53,M,174,101,weight_loss,active,4,3169.7,2834.7,181.8,0.67,9,99.1,3100.7,142.6,2,0.64,0.26,99.1
user_50,53,M,174,101,weight_loss,active,4,3169.7,2834.7,181.8,0.67,10,99.2,3112.7,115.8,2,0.67,0.1,99.2
user_50,53,M,174,101,weight_loss,active,4,3169.7,2834.7,181.8,0.67,11,99.4,2941.7,159.7,2,0.71,0.17,99.4
user_50,53,M,174,101,weight_loss,active,4,3169.7,2834.7,181.8,0.67,12,99.0,2731.7,120.8,2,0.6,-0.42,99.0
user_50,53,M,174,101,weight_loss,active,4,3169.7,2834.7,181.8,0.67,13,98.8,2705.7,197.2,3,0.75,-0.19,98.8
user_50,53,M,174,101,weight_loss,active,4,3169.7,2834.7,181.8,0.67,14,98.6,2772.7,140.1,2,0.58,-0.19,98.6
user_50,53,M,174,101,weight_loss,active,4,3169.7,2834.7,181.8,0.67,15,98.5,3057.7,159.8,1,0.49,-0.13,98.5
user_51,49,M,169,76,weight_loss,moderate,3,2443.2,1858.2,136.8,0.91,1,75.6,1922.2,143.6,2,0.87,-0.44,75.6
user_51,49,M,169,76,weight_loss,moderate,3,2443.2,1858.2,136.8,0.91,2,75.1,1934.2,129.5,2,0.88,-0.48,75.1
user_51,49,M,169,76,weight_loss,moderate,3,2443.2,1858.2,136.8,0.91,3,74.3,1772.2,94.1,1,0.66,-0.85,74.3
user_51,49,M,169,76,weight_loss,moderate,3,2443.2,1858.2,136.8,0.91,4,73.6,1774.2,141.0,2,0.81,-0.71,73.6
user_51,49,M,169,76,weight_loss,moderate,3,2443.2,1858.2,136.8,0.91,5,73.7,2207.2,121.0,2,0.73,0.09,73.7
user_51,49,M,169,76,weight_loss,moderate,3,2443.2,1858.2,136.8,0.91,6,73.6,1934.2,130.8,2,0.83,-0.11,73.6
user_51,49,M,169,76,weight_loss,moderate,3,2443.2,1858.2,136.8,0.91,7,73.1,1945.2,138.0,2,0.78,-0.47,73.1
user_51,49,M,169,76,weight_loss,moderate,3,2443.2,1858.2,136.8,0.91,8,72.5,1840.2,131.7,2,0.89,-0.57,72.5
user_51,49,M,169,76,weight_loss,moderate,3,2443.2,1858.2,136.8,0.91,9,72.1,1867.2,150.3,2,0.8,-0.42,72.1
user_51,49,M,169,76,weight_loss,moderate,3,2443.2,1858.2,136.8,0.91,10,71.4,1871.2,148.5,3,1.0,-0.67,71.4
user_51,49,M,169,76,weight_loss,moderate,3,2443.2,1858.2,136.8,0.91,11,70.7,1841.2,106.5,2,0.67,-0.68,70.7
user_51,49,M,169,76,weight_loss,moderate,3,2443.2,1858.2,136.8,0.91,12,69.9,1791.2,128.3,2,0.94,-0.81,69.9
user_51,49,M,169,76,weight_loss,moderate,3,2443.2,1858.2,136.8,0.91,13,69.3,1783.2,140.8,3,1.0,-0.62,69.3
user_51,49,M,169,76,weight_loss,moderate,3,2443.2,1858.2,136.8,0.91,14,69.0,1762.2,126.3,2,0.82,-0.28,69.0
user_51,49,M,169,76,weight_loss,moderate,3,2443.2,1858.2,136.8,0.91,15,68.6,2117.2,117.6,1,0.62,-0.41,68.6
user_52,37,F,167,74,muscle_gain,sedentary,0,1725.3,2064.3,162.8,0.93,1,74.6,2058.3,158.1,0,1.0,0.46,74.6
user_52,37,F,167,74,muscle_gain,sedentary,0,1725.3,2064.3,162.8,0.93,2,74.9,2139.3,169.0,0,0.96,0.24,74.9
user_52,37,F,167,74,muscle_gain,sedentary,0,1725.3,2064.3,162.8,0.93,3,75.6,2241.3,127.2,0,0.72,0.69,75.6
user_52,37,F,167,74,muscle_gain,sedentary,0,1725.3,2064.3,162.8,0.93,4,75.9,2153.3,162.3,0,0.87,0.16,75.9
user_52,37,F,167,74,muscle_gain,sedentary,0,1725.3,2064.3,162.8,0.93,5,76.3,2073.3,165.9,0,0.83,0.28,76.3
user_52,37,F,167,74,muscle_gain,sedentary,0,1725.3,2064.3,162.8,0.93,6,76.5,1933.3,141.8,0,0.71,0.1,76.5
user_52,37,F,167,74,muscle_gain,sedentary,0,1725.3,2064.3,162.8,0.93,7,76.8,2159.3,165.5,0,1.0,0.16,76.8
user_52,37,F,167,74,muscle_gain,sedentary,0,1725.3,2064.3,162.8,0.93,8,77.4,2067.3,167.9,0,1.0,0.55,77.4
user_52,37,F,167,74,muscle_gain,sedentary,0,1725.3,2064.3,162.8,0.93,9,77.5,2052.3,177.2,0,0.9,0.05,77.5
user_52,37,F,167,74,muscle_gain,sedentary,0,1725.3,2064.3,162.8,0.93,10,78.0,2155.3,149.9,0,0.86,0.44,78.0
user_52,37,F,167,74,muscle_gain,sedentary,0,1725.3,2064.3,162.8,0.93,11,78.5,2306.3,145.6,0,0.71,0.36,78.5
user_52,37,F,167,74,muscle_gain,sedentary,0,1725.3,2064.3,162.8,0.93,12,78.5,1965.3,170.6,0,0.83,-0.06,78.5
user_52,37,F,167,74,muscle_gain,sedentary,0,1725.3,2064.3,162.8,0.93,13,78.7,2071.3,149.9,0,1.0,0.12,78.7
user_52,37,F,167,74,muscle_gain,sedentary,0,1725.3,2064.3,162.8,0.93,14,79.3,2308.3,154.5,0,0.8,0.48,79.3
user_52,37,F,167,74,muscle_gain,sedentary,0,1725.3,2064.3,162.8,0.93,15,79.7,2149.3,160.6,0,0.91,0.29,79.7
user_53,29,M,173,71,muscle_gain,moderate,3,2559.4,2869.4,156.2,0.54,1,71.7,3232.4,95.0,1,0.51,0.66,71.7
user_53,29,M,173,71,muscle_gain,moderate,3,2559.4,2869.4,156.2,0.54,2,71.7,2779.4,120.6,1,0.54,0.02,71.7
user_53,29,M,173,71,muscle_gain,moderate,3,2559.4,2869.4,156.2,0.54,3,72.5,3094.4,132.3,1,0.48,0.72,72.5
user_53,29,M,173,71,muscle_gain,moderate,3,2559.4,2869.4,156.2,0.54,4,73.0,2876.4,110.7,1,0.46,0.51,73.0
user_53,29,M,173,71,muscle_gain,moderate,3,2559.4,2869.4,156.2,0.54,5,73.3,2834.4,115.6,1,0.44,0.28,73.3
user_53,29,M,173,71,muscle_gain,moderate,3,2559.4,2869.4,156.2,0.54,6,73.6,3034.4,102.3,1,0.51,0.25,73.6
user_53,29,M,173,71,muscle_gain,moderate,3,2559.4,2869.4,156.2,0.54,7,74.2,3177.4,111.7,1,0.55,0.58,74.2
user_53,29,M,173,71,muscle_gain,moderate,3,2559.4,2869.4,156.2,0.54,8,74.7,2728.4,99.3,1,0.51,0.45,74.7
user_53,29,M,173,71,muscle_gain,moderate,3,2559.4,2869.4,156.2,0.54,9,75.3,2885.4,121.9,1,0.57,0.6,75.3
user_53,29,M,173,71,muscle_gain,moderate,3,2559.4,2869.4,156.2,0.54,10,75.9,3058.4,101.3,1,0.51,0.59,75.9
user_53,29,M,173,71,muscle_gain,moderate,3,2559.4,2869.4,156.2,0.54,11,76.1,2917.4,127.2,1,0.54,0.11,76.1
user_53,29,M,173,71,muscle_gain,moderate,3,2559.4,2869.4,156.2,0.54,12,76.9,3067.4,122.4,1,0.52,0.76,76.9
user_53,29,M,173,71,muscle_gain,moderate,3,2559.4,2869.4,156.2,0.54,13,77.4,3087.4,110.3,1,0.6,0.55,77.4
user_53,29,M,173,71,muscle_gain,moderate,3,2559.4,2869.4,156.2,0.54,14,77.7,2712.4,131.9,1,0.64,0.25,77.7
user_53,29,M,173,71,muscle_gain,moderate,3,2559.4,2869.4,156.2,0.54,15,77.8,2718.4,98.7,1,0.48,0.1,77.8
user_54,52,M,176,89,maintenance,sedentary,1,2082.0,2082.0,124.6,0.86,1,88.8,2039.0,125.5,0,0.92,-0.17,88.8
user_54,52,M,176,89,maintenance,sedentary,1,2082.0,2082.0,124.6,0.86,2,88.5,2049.0,126.0,0,0.87,-0.31,88.5
user_54,52,M,176,89,maintenance,sedentary,1,2082.0,2082.0,124.6,0.86,3,88.3,2113.0,122.6,0,0.82,-0.17,88.3
user_54,52,M,176,89,maintenance,sedentary,1,2082.0,2082.0,124.6,0.86,4,88.1,2012.0,114.5,0,0.81,-0.17,88.1
user_54,52,M,176,89,maintenance,sedentary,1,2082.0,2082.0,124.6,0.86,5,88.0,2140.0,136.0,0,0.83,-0.12,88.0
user_54,52,M,176,89,maintenance,sedentary,1,2082.0,2082.0,124.6,0.86,6,88.1,2089.0,135.0,0,0.82,0.09,88.1
user_54,52,M,176,89,maintenance,sedentary,1,2082.0,2082.0,124.6,0.86,7,88.1,2011.0,130.9,0,0.89,-0.05,88.1
user_54,52,M,176,89,maintenance,sedentary,1,2082.0,2082.0,124.6,0.86,8,88.4,2148.0,130.4,0,0.91,0.25,88.4
user_54,52,M,176,89,maintenance,sedentary,1,2082.0,2082.0,124.6,0.86,9,88.9,2334.0,112.3,0,0.77,0.49,88.9
user_54,52,M,176,89,maintenance,sedentary,1,2082.0,2082.0,124.6,0.86,10,88.7,1885.0,131.3,0,0.79,-0.18,88.7
user_54,52,M,176,89,maintenance,sedentary,1,2082.0,2082.0,124.6,0.86,11,88.6,2149.0,125.8,0,1.0,-0.07,88.6
user_54,52,M,176,89,maintenance,sedentary,1,2082.0,2082.0,124.6,0.86,12,88.6,2093.0,134.2,0,0.92,0.05,88.6
user_54,52,M,176,89,maintenance,sedentary,1,2082.0,2082.0,124.6,0.86,13,88.7,2282.0,129.5,0,0.77,0.08,88.7
user_54,52,M,176,89,maintenance,sedentary,1,2082.0,2082.0,124.6,0.86,14,89.1,2297.0,99.8,0,0.74,0.38,89.1
user_54,52,M,176,89,maintenance,sedentary,1,2082.0,2082.0,124.6,0.86,15,89.0,2131.0,131.7,0,0.8,-0.1,89.0
user_55,31,M,169,99,maintenance,sedentary,0,2275.5,2275.5,138.6,0.56,1,99.1,2589.5,124.6,0,0.71,0.1,99.1
user_55,31,M,169,99,maintenance,sedentary,0,2275.5,2275.5,138.6,0.56,2,99.7,2604.5,88.2,0,0.61,0.56,99.7
user_55,31,M,169,99,maintenance,sedentary,0,2275.5,2275.5,138.6,0.56,3,99.5,2157.5,120.0,0,0.43,-0.16,99.5
user_55,31,M,169,99,maintenance,sedentary,0,2275.5,2275.5,138.6,0.56,4,99.1,2104.5,115.4,0,0.48,-0.38,99.1
user_55,31,M,169,99,maintenance,sedentary,0,2275.5,2275.5,138.6,0.56,5,99.6,2569.5,114.6,0,0.49,0.51,99.6
user_55,31,M,169,99,maintenance,sedentary,0,2275.5,2275.5,138.6,0.56,6,99.9,2388.5,97.3,0,0.42,0.29,99.9
user_55,31,M,169,99,maintenance,sedentary,0,2275.5,2275.5,138.6,0.56,7,99.8,2429.5,108.2,0,0.48,-0.06,99.8
user_55,31,M,169,99,maintenance,sedentary,0,2275.5,2275.5,138.6,0.56,8,100.4,2597.5,117.7,0,0.52,0.56,100.4
user_55,31,M,169,99,maintenance,sedentary,0,2275.5,2275.5,138.6,0.56,9,100.5,2522.5,94.8,0,0.53,0.09,100.5
user_55,31,M,169,99,maintenance,sedentary,0,2275.5,2275.5,138.6,0.56,10,100.3,2128.5,92.0,0,0.48,-0.18,100.3
user_55,31,M,169,99,maintenance,sedentary,0,2275.5,2275.5,138.6,0.56,11,100.0,2261.5,107.4,0,0.43,-0.31,100.0
user_55,31,M,169,99,maintenance,sedentary,0,2275.5,2275.5,138.6,0.56,12,100.1,2313.5,84.8,0,0.56,0.09,100.1
user_55,31,M,169,99,maintenance,sedentary,0,2275.5,2275.5,138.6,0.56,13,100.5,2548.5,94.6,0,0.46,0.37,100.5
user_55,31,M,169,99,maintenance,sedentary,0,2275.5,2275.5,138.6,0.56,14,100.8,2649.5,85.3,0,0.48,0.3,100.8
user_55,31,M,169,99,maintenance,sedentary,0,2275.5,2275.5,138.6,0.56,15,100.5,2137.5,92.5,0,0.53,-0.29,100.5
user_56,34,F,157,56,muscle_gain,sedentary,1,1452.3,1678.3,123.2,0.82,1,56.1,1646.3,113.1,0,0.99,-0.01,56.1
user_56,34,F,157,56,muscle_gain,sedentary,1,1452.3,1678.3,123.2,0.82,2,56.1,1652.3,132.3,0,0.78,-0.07,56.1
user_56,34,F,157,56,muscle_gain,sedentary,1,1452.3,1678.3,123.2,0.82,3,56.2,1548.3,75.8,0,0.64,0.08,56.2
user_56,34,F,157,56,muscle_gain,sedentary,1,1452.3,1678.3,123.2,0.82,4,56.5,1672.3,91.8,0,0.68,0.32,56.5
user_56,34,F,157,56,muscle_gain,sedentary,1,1452.3,1678.3,123.2,0.82,5,57.1,1938.3,95.1,0,0.71,0.63,57.1
user_56,34,F,157,56,muscle_gain,sedentary,1,1452.3,1678.3,123.2,0.82,6,57.3,1762.3,114.6,0,0.75,0.14,57.3
user_56,34,F,157,56,muscle_gain,sedentary,1,1452.3,1678.3,123.2,0.82,7,57.4,1701.3,127.6,0,0.79,-0.04,57.4
user_56,34,F,157,56,muscle_gain,sedentary,1,1452.3,1678.3,123.2,0.82,8,57.6,1522.3,86.4,0,0.71,0.25,57.6
user_56,34,F,157,56,muscle_gain,sedentary,1,1452.3,1678.3,123.2,0.82,9,57.8,1698.3,119.4,0,0.76,0.13,57.8
user_56,34,F,157,56,muscle_gain,sedentary,1,1452.3,1678.3,123.2,0.82,10,58.5,2027.3,116.8,0,0.77,0.63,58.5
user_56,34,F,157,56,muscle_gain,sedentary,1,1452.3,1678.3,123.2,0.82,11,58.8,1765.3,104.4,0,0.59,0.22,58.8
user_56,34,F,157,56,muscle_gain,sedentary,1,1452.3,1678.3,123.2,0.82,12,59.2,1652.3,119.8,0,0.9,0.28,59.2
user_56,34,F,157,56,muscle_gain,sedentary,1,1452.3,1678.3,123.2,0.82,13,59.7,2066.3,135.3,0,0.75,0.35,59.7
user_56,34,F,157,56,muscle_gain,sedentary,1,1452.3,1678.3,123.2,0.82,14,60.4,1967.3,103.3,0,0.58,0.56,60.4
user_56,34,F,157,56,muscle_gain,sedentary,1,1452.3,1678.3,123.2,0.82,15,60.8,1892.3,84.6,0,0.66,0.38,60.8
user_57,46,M,169,102,maintenance,active,5,3193.4,3193.4,142.8,0.87,1,102.2,3208.4,141.3,4,0.99,0.24,102.2
user_57,46,M,169,102,maintenance,active,5,3193.4,3193.4,142.8,0.87,2,102.2,3188.4,152.8,5,1.0,0.01,102.2
user_57,46,M,169,102,maintenance,active,5,3193.4,3193.4,142.8,0.87,3,102.1,3199.4,136.5,4,0.84,-0.06,102.1
user_57,46,M,169,102,maintenance,active,5,3193.4,3193.4,142.8,0.87,4,102.5,3319.4,86.4,3,0.65,0.42,102.5
user_57,46,M,169,102,maintenance,active,5,3193.4,3193.4,142.8,0.87,5,102.5,3217.4,106.8,3,0.64,-0.04,102.5
user_57,46,M,169,102,maintenance,active,5,3193.4,3193.4,142.8,0.87,6,102.5,3173.4,150.4,3,0.77,-0.05,102.5
user_57,46,M,169,102,maintenance,active,5,3193.4,3193.4,142.8,0.87,7,102.5,3200.4,130.3,4,0.97,0.03,102.5
user_57,46,M,169,102,maintenance,active,5,3193.4,3193.4,142.8,0.87,8,102.6,3323.4,152.7,3,0.76,0.13,102.6
user_57,46,M,169,102,maintenance,active,5,3193.4,3193.4,142.8,0.87,9,102.9,3205.4,155.5,4,0.92,0.33,102.9
user_57,46,M,169,102,maintenance,active,5,3193.4,3193.4,142.8,0.87,10,102.6,3022.4,101.9,3,0.74,-0.25,102.6
user_57,46,M,169,102,maintenance,active,5,3193.4,3193.4,142.8,0.87,11,102.7,3280.4,155.5,4,0.84,0.13,102.7
user_57,46,M,169,102,maintenance,active,5,3193.4,3193.4,142.8,0.87,12,102.9,3134.4,135.7,4,0.98,0.19,102.9
user_57,46,M,169,102,maintenance,active,5,3193.4,3193.4,142.8,0.87,13,103.0,3460.4,115.7,3,0.72,0.13,103.0
user_57,46,M,169,102,maintenance,active,5,3193.4,3193.4,142.8,0.87,14,103.0,3181.4,155.0,4,0.87,0.04,103.0
user_57,46,M,169,102,maintenance,active,5,3193.4,3193.4,142.8,0.87,15,103.3,3514.4,130.9,3,0.78,0.26,103.3
user_58,24,M,177,68,muscle_gain,active,5,2882.9,3263.9,149.6,0.82,1,68.5,3122.9,157.9,3,0.77,0.44,68.5
user_58,24,M,177,68,muscle_gain,active,5,2882.9,3263.9,149.6,0.82,2,69.3,3317.9,153.6,4,0.96,0.73,69.3
user_58,24,M,177,68,muscle_gain,active,5,2882.9,3263.9,149.6,0.82,3,70.2,3589.9,129.7,3,0.68,0.81,70.2
user_58,24,M,177,68,muscle_gain,active,5,2882.9,3263.9,149.6,0.82,4,70.8,3342.9,106.0,3,0.71,0.56,70.8
user_58,24,M,177,68,muscle_gain,active,5,2882.9,3263.9,149.6,0.82,5,71.1,3190.9,160.5,3,0.77,0.19,71.1
user_58,24,M,177,68,muscle_gain,active,5,2882.9,3263.9,149.6,0.82,6,72.0,3482.9,156.4,3,0.77,0.83,72.0
user_58,24,M,177,68,muscle_gain,active,5,2882.9,3263.9,149.6,0.82,7,72.8,3346.9,158.3,4,0.94,0.68,72.8
user_58,24,M,177,68,muscle_gain,active,5,2882.9,3263.9,149.6,0.82,8,73.2,3180.9,152.0,4,0.86,0.28,73.2
user_58,24,M,177,68,muscle_gain,active,5,2882.9,3263.9,149.6,0.82,9,73.9,3306.9,141.2,4,0.88,0.64,73.9
user_58,24,M,177,68,muscle_gain,active,5,2882.9,3263.9,149.6,0.82,10,74.8,3360.9,155.1,4,0.85,0.83,74.8
user_58,24,M,177,68,muscle_gain,active,5,2882.9,3263.9,149.6,0.82,11,75.3,3620.9,95.8,3,0.67,0.54,75.3
user_58,24,M,177,68,muscle_gain,active,5,2882.9,3263.9,149.6,0.82,12,75.8,3618.9,118.9,3,0.65,0.55,75.8
user_58,24,M,177,68,muscle_gain,active,5,2882.9,3263.9,149.6,0.82,13,76.7,3285.9,143.6,4,0.9,0.76,76.7
user_58,24,M,177,68,muscle_gain,active,5,2882.9,3263.9,149.6,0.82,14,77.1,3538.9,101.2,3,0.7,0.42,77.1
user_58,24,M,177,68,muscle_gain,active,5,2882.9,3263.9,149.6,0.82,15,77.9,3313.9,126.7,3,0.72,0.75,77.9
user_59,43,F,170,52,weight_loss,sedentary,1,1447.8,1000.8,93.6,0.55,1,51.8,1310.8,71.6,0,0.61,-0.2,51.8
user_59,43,F,170,52,weight_loss,sedentary,1,1447.8,1000.8,93.6,0.55,2,51.6,1307.8,62.5,0,0.62,-0.19,51.6
user_59,43,F,170,52,weight_loss,sedentary,1,1447.8,1000.8,93.6,0.55,3,51.8,1386.8,79.5,0,0.46,0.23,51.8
user_59,43,F,170,52,weight_loss,sedentary,1,1447.8,1000.8,93.6,0.55,4,51.6,853.8,80.7,0,0.45,-0.24,51.6
user_59,43,F,170,52,weight_loss,sedentary,1,1447.8,1000.8,93.6,0.55,5,51.2,992.8,65.1,0,0.48,-0.43,51.2
user_59,43,F,170,52,weight_loss,sedentary,1,1447.8,1000.8,93.6,0.55,6,51.0,1125.8,72.8,0,0.44,-0.18,51.0
user_59,43,F,170,52,weight_loss,sedentary,1,1447.8,1000.8,93.6,0.55,7,50.6,987.8,59.8,0,0.53,-0.37,50.6
user_59,43,F,170,52,weight_loss,sedentary,1,1447.8,1000.8,93.6,0.55,8,50.5,1075.8,77.3,0,0.58,-0.11,50.5
user_59,43,F,170,52,weight_loss,sedentary,1,1447.8,1000.8,93.6,0.55,9,50.2,901.8,58.8,0,0.55,-0.33,50.2
user_59,43,F,170,52,weight_loss,sedentary,1,1447.8,1000.8,93.6,0.55,10,50.0,1240.8,64.1,0,0.58,-0.22,50.0
user_59,43,F,170,52,weight_loss,sedentary,1,1447.8,1000.8,93.6,0.55,11,49.2,842.8,61.7,0,0.48,-0.77,49.2
user_59,43,F,170,52,weight_loss,sedentary,1,1447.8,1000.8,93.6,0.55,12,48.5,825.8,64.5,0,0.58,-0.7,48.5
user_59,43,F,170,52,weight_loss,sedentary,1,1447.8,1000.8,93.6,0.55,13,48.4,1010.8,79.5,0,0.39,-0.11,48.4
user_59,43,F,170,52,weight_loss,sedentary,1,1447.8,1000.8,93.6,0.55,14,47.6,841.8,79.2,0,0.45,-0.83,47.6
user_59,43,F,170,52,weight_loss,sedentary,1,1447.8,1000.8,93.6,0.55,15,47.6,1168.8,73.4,0,0.41,-0.01,47.6
user_60,18,M,167,77,muscle_gain,sedentary,0,2074.5,2329.5,169.4,0.74,1,77.6,2415.5,157.1,0,0.89,0.55,77.6
user_60,18,M,167,77,muscle_gain,sedentary,0,2074.5,2329.5,169.4,0.74,2,77.8,2487.5,125.3,0,0.71,0.19,77.8
user_60,18,M,167,77,muscle_gain,sedentary,0,2074.5,2329.5,169.4,0.74,3,78.2,2691.5,148.0,0,0.67,0.27,78.2
user_60,18,M,167,77,muscle_gain,sedentary,0,2074.5,2329.5,169.4,0.74,4,78.7,2397.5,140.6,0,0.59,0.41,78.7
user_60,18,M,167,77,muscle_gain,sedentary,0,2074.5,2329.5,169.4,0.74,5,79.1,2388.5,121.8,0,0.6,0.44,79.1
user_60,18,M,167,77,muscle_gain,sedentary,0,2074.5,2329.5,169.4,0.74,6,79.7,2651.5,120.4,0,0.62,0.55,79.7
user_60,18,M,167,77,muscle_gain,sedentary,0,2074.5,2329.5,169.4,0.74,7,79.9,2256.5,172.1,0,0.8,0.07,79.9
user_60,18,M,167,77,muscle_gain,sedentary,0,2074.5,2329.5,169.4,0.74,8,80.2,2257.5,164.0,0,0.81,0.17,80.2
user_60,18,M,167,77,muscle_gain,sedentary,0,2074.5,2329.5,169.4,0.74,9,80.6,2476.5,152.3,0,0.66,0.34,80.6
user_60,18,M,167,77,muscle_gain,sedentary,0,2074.5,2329.5,169.4,0.74,10,80.8,2221.5,146.0,0,0.71,0.1,80.8
user_60,18,M,167,77,muscle_gain,sedentary,0,2074.5,2329.5,169.4,0.74,11,81.3,2635.5,135.2,0,0.58,0.48,81.3
user_60,18,M,167,77,muscle_gain,sedentary,0,2074.5,2329.5,169.4,0.74,12,82.0,2448.5,180.0,0,0.75,0.6,82.0
user_60,18,M,167,77,muscle_gain,sedentary,0,2074.5,2329.5,169.4,0.74,13,82.1,2297.5,110.8,0,0.69,0.06,82.1
user_60,18,M,167,77,muscle_gain,sedentary,0,2074.5,2329.5,169.4,0.74,14,82.8,2641.5,158.0,0,0.8,0.62,82.8
user_60,18,M,167,77,muscle_gain,sedentary,0,2074.5,2329.5,169.4,0.74,15,83.0,2399.5,176.1,0,0.83,0.12,83.0
user_61,23,M,176,96,weight_loss,sedentary,0,2340.0,1828.0,172.8,0.95,1,95.7,1905.0,185.7,0,0.9,-0.35,95.7
user_61,23,M,176,96,weight_loss,sedentary,0,2340.0,1828.0,172.8,0.95,2,94.9,1763.0,174.2,0,1.0,-0.78,94.9
user_61,23,M,176,96,weight_loss,sedentary,0,2340.0,1828.0,172.8,0.95,3,94.2,1805.0,160.6,0,0.82,-0.68,94.2
user_61,23,M,176,96,weight_loss,sedentary,0,2340.0,1828.0,172.8,0.95,4,93.7,1826.0,160.8,0,0.9,-0.51,93.7
user_61,23,M,176,96,weight_loss,sedentary,0,2340.0,1828.0,172.8,0.95,5,93.0,1744.0,173.6,0,0.83,-0.65,93.0
user_61,23,M,176,96,weight_loss,sedentary,0,2340.0,1828.0,172.8,0.95,6,92.5,1859.0,162.5,0,0.8,-0.55,92.5
user_61,23,M,176,96,weight_loss,sedentary,0,2340.0,1828.0,172.8,0.95,7,92.1,1739.0,184.2,0,1.0,-0.38,92.1
user_61,23,M,176,96,weight_loss,sedentary,0,2340.0,1828.0,172.8,0.95,8,91.6,1926.0,179.0,0,0.89,-0.48,91.6
user_61,23,M,176,96,weight_loss,sedentary,0,2340.0,1828.0,172.8,0.95,9,91.3,1817.0,161.6,0,1.0,-0.34,91.3
user_61,23,M,176,96,weight_loss,sedentary,0,2340.0,1828.0,172.8,0.95,10,90.8,1813.0,171.7,0,0.82,-0.53,90.8
user_61,23,M,176,96,weight_loss,sedentary,0,2340.0,1828.0,172.8,0.95,11,90.6,1897.0,172.2,0,1.0,-0.22,90.6
user_61,23,M,176,96,weight_loss,sedentary,0,2340.0,1828.0,172.8,0.95,12,89.9,1894.0,189.5,0,1.0,-0.65,89.9
user_61,23,M,176,96,weight_loss,sedentary,0,2340.0,1828.0,172.8,0.95,13,89.4,1744.0,126.5,0,0.7,-0.46,89.4
user_61,23,M,176,96,weight_loss,sedentary,0,2340.0,1828.0,172.8,0.95,14,89.2,1901.0,134.8,0,0.67,-0.16,89.2
user_61,23,M,176,96,weight_loss,sedentary,0,2340.0,1828.0,172.8,0.95,15,88.5,1913.0,170.8,0,1.0,-0.66,88.5
user_62,53,M,167,83,weight_loss,light,2,2218.9,1776.9,149.4,0.7,1,82.5,1743.9,140.4,1,0.84,-0.53,82.5
user_62,53,M,167,83,weight_loss,light,2,2218.9,1776.9,149.4,0.7,2,82.2,1597.9,141.0,1,0.77,-0.26,82.2
user_62,53,M,167,83,weight_loss,light,2,2218.9,1776.9,149.4,0.7,3,82.1,2078.9,116.5,1,0.59,-0.14,82.1
user_62,53,M,167,83,weight_loss,light,2,2218.9,1776.9,149.4,0.7,4,81.6,1987.9,108.2,1,0.68,-0.46,81.6
user_62,53,M,167,83,weight_loss,light,2,2218.9,1776.9,149.4,0.7,5,81.6,2004.9,126.4,1,0.59,0.04,81.6
user_62,53,M,167,83,weight_loss,light,2,2218.9,1776.9,149.4,0.7,6,80.9,1628.9,113.1,1,0.65,-0.66,80.9
user_62,53,M,167,83,weight_loss,light,2,2218.9,1776.9,149.4,0.7,7,80.3,1698.9,97.0,1,0.73,-0.62,80.3
user_62,53,M,167,83,weight_loss,light,2,2218.9,1776.9,149.4,0.7,8,79.7,1610.9,91.9,1,0.64,-0.58,79.7
user_62,53,M,167,83,weight_loss,light,2,2218.9,1776.9,149.4,0.7,9,79.2,1722.9,129.2,1,0.7,-0.55,79.2
user_62,53,M,167,83,weight_loss,light,2,2218.9,1776.9,149.4,0.7,10,78.6,1750.9,112.3,1,0.64,-0.65,78.6
user_62,53,M,167,83,weight_loss,light,2,2218.9,1776.9,149.4,0.7,11,78.3,1591.9,115.0,1,0.57,-0.3,78.3
user_62,53,M,167,83,weight_loss,light,2,2218.9,1776.9,149.4,0.7,12,77.8,1902.9,94.0,1,0.68,-0.52,77.8
user_62,53,M,167,83,weight_loss,light,2,2218.9,1776.9,149.4,0.7,13,77.1,1688.9,118.6,1,0.63,-0.72,77.1
user_62,53,M,167,83,weight_loss,light,2,2218.9,1776.9,149.4,0.7,14,76.7,1944.9,93.1,1,0.57,-0.41,76.7
user_62,53,M,167,83,weight_loss,light,2,2218.9,1776.9,149.4,0.7,15,76.5,2069.9,112.9,1,0.61,-0.25,76.5
user_63,20,M,180,87,weight_loss,moderate,4,2945.0,2490.0,156.6,0.65,1,86.8,2460.0,126.4,2,0.68,-0.23,86.8
user_63,20,M,180,87,weight_loss,moderate,4,2945.0,2490.0,156.6,0.65,2,86.5,2479.0,111.9,2,0.62,-0.31,86.5
user_63,20,M,180,87,weight_loss,moderate,4,2945.0,2490.0,156.6,0.65,3,86.1,2733.0,101.9,1,0.48,-0.42,86.1
user_63,20,M,180,87,weight_loss,moderate,4,2945.0,2490.0,156.6,0.65,4,85.8,2400.0,113.4,2,0.52,-0.33,85.8
user_63,20,M,180,87,weight_loss,moderate,4,2945.0,2490.0,156.6,0.65,5,85.1,2357.0,102.3,2,0.57,-0.7,85.1
user_63,20,M,180,87,weight_loss,moderate,4,2945.0,2490.0,156.6,0.65,6,84.9,2807.0,128.2,2,0.63,-0.16,84.9
user_63,20,M,180,87,weight_loss,moderate,4,2945.0,2490.0,156.6,0.65,7,84.4,2558.0,101.9,2,0.63,-0.54,84.4
user_63,20,M,180,87,weight_loss,moderate,4,2945.0,2490.0,156.6,0.65,8,83.7,2355.0,121.6,2,0.67,-0.69,83.7
user_63,20,M,180,87,weight_loss,moderate,4,2945.0,2490.0,156.6,0.65,9,83.6,2877.0,97.4,2,0.62,-0.12,83.6
user_63,20,M,180,87,weight_loss,moderate,4,2945.0,2490.0,156.6,0.65,10,83.1,2436.0,140.6,2,0.62,-0.54,83.1
user_63,20,M,180,87,weight_loss,moderate,4,2945.0,2490.0,156.6,0.65,11,83.1,2846.0,148.0,3,0.78,-0.03,83.1
user_63,20,M,180,87,weight_loss,moderate,4,2945.0,2490.0,156.6,0.65,12,82.9,2729.0,131.5,2,0.56,-0.22,82.9
user_63,20,M,180,87,weight_loss,moderate,4,2945.0,2490.0,156.6,0.65,13,82.8,2578.0,133.1,1,0.48,-0.11,82.8
user_63,20,M,180,87,weight_loss,moderate,4,2945.0,2490.0,156.6,0.65,14,82.1,2326.0,126.5,1,0.47,-0.74,82.1
user_63,20,M,180,87,weight_loss,moderate,4,2945.0,2490.0,156.6,0.65,15,81.9,2583.0,112.9,2,0.51,-0.24,81.9
user_64,45,F,155,75,muscle_gain,active,4,2299.0,2539.0,165.0,0.62,1,75.9,2866.0,169.4,3,0.78,0.79,75.9
user_64,45,F,155,75,muscle_gain,active,4,2299.0,2539.0,165.0,0.62,2,76.4,2574.0,172.6,3,0.78,0.41,76.4
user_64,45,F,155,75,muscle_gain,active,4,2299.0,2539.0,165.0,0.62,3,76.5,2423.0,148.1,2,0.52,0.02,76.5
user_64,45,F,155,75,muscle_gain,active,4,2299.0,2539.0,165.0,0.62,4,76.9,2402.0,135.2,2,0.5,0.29,76.9
user_64,45,F,155,75,muscle_gain,active,4,2299.0,2539.0,165.0,0.62,5,77.6,2927.0,128.4,2,0.54,0.69,77.6
user_64,45,F,155,75,muscle_gain,active,4,2299.0,2539.0,165.0,0.62,6,77.8,2651.0,108.8,1,0.47,0.25,77.8
user_64,45,F,155,75,muscle_gain,active,4,2299.0,2539.0,165.0,0.62,7,77.8,2426.0,135.7,2,0.57,-0.09,77.8
user_64,45,F,155,75,muscle_gain,active,4,2299.0,2539.0,165.0,0.62,8,78.1,2388.0,101.1,2,0.59,0.28,78.1
user_64,45,F,155,75,muscle_gain,active,4,2299.0,2539.0,165.0,0.62,9,78.6,2583.0,127.1,2,0.59,0.51,78.6
user_64,45,F,155,75,muscle_gain,active,4,2299.0,2539.0,165.0,0.62,10,78.8,2450.0,105.5,2,0.66,0.18,78.8
user_64,45,F,155,75,muscle_gain,active,4,2299.0,2539.0,165.0,0.62,11,79.2,2739.0,133.4,2,0.6,0.29,79.2
user_64,45,F,155,75,muscle_gain,active,4,2299.0,2539.0,165.0,0.62,12,79.4,2472.0,143.9,2,0.55,0.08,79.4
user_64,45,F,155,75,muscle_gain,active,4,2299.0,2539.0,165.0,0.62,13,79.7,2506.0,105.4,2,0.56,0.31,79.7
user_64,45,F,155,75,muscle_gain,active,4,2299.0,2539.0,165.0,0.62,14,79.9,2484.0,134.4,1,0.44,0.12,79.9
user_64,45,F,155,75,muscle_gain,active,4,2299.0,2539.0,165.0,0.62,15,79.7,2339.0,108.7,2,0.66,-0.17,79.7
user_65,34,M,173,97,weight_loss,active,4,3253.8,2908.8,174.6,0.53,1,96.9,3198.8,135.6,2,0.65,-0.08,96.9
user_65,34,M,173,97,weight_loss,active,4,3253.8,2908.8,174.6,0.53,2,96.8,2732.8,144.0,2,0.61,-0.15,96.8
user_65,34,M,173,97,weight_loss,active,4,3253.8,2908.8,174.6,0.53,3,96.6,3188.8,118.8,1,0.46,-0.2,96.6
user_65,34,M,173,97,weight_loss,active,4,3253.8,2908.8,174.6,0.53,4,96.7,3253.8,127.6,1,0.42,0.1,96.7
user_65,34,M,173,97,weight_loss,active,4,3253.8,2908.8,174.6,0.53,5,96.1,2777.8,137.0,1,0.46,-0.64,96.1
user_65,34,M,173,97,weight_loss,active,4,3253.8,2908.8,174.6,0.53,6,95.5,2717.8,131.9,1,0.39,-0.62,95.5
user_65,34,M,173,97,weight_loss,active,4,3253.8,2908.8,174.6,0.53,7,95.1,3088.8,147.3,1,0.5,-0.4,95.1
user_65,34,M,173,97,weight_loss,active,4,3253.8,2908.8,174.6,0.53,8,95.0,3228.8,120.9,2,0.55,-0.07,95.0
user_65,34,M,173,97,weight_loss,active,4,3253.8,2908.8,174.6,0.53,9,94.9,2850.8,112.8,1,0.49,-0.1,94.9
user_65,34,M,173,97,weight_loss,active,4,3253.8,2908.8,174.6,0.53,10,94.7,2786.8,139.5,2,0.52,-0.24,94.7
user_65,34,M,173,97,weight_loss,active,4,3253.8,2908.8,174.6,0.53,11,94.3,3037.8,115.7,1,0.36,-0.38,94.3
user_65,34,M,173,97,weight_loss,active,4,3253.8,2908.8,174.6,0.53,12,94.0,3073.8,107.8,1,0.37,-0.34,94.0
user_65,34,M,173,97,weight_loss,active,4,3253.8,2908.8,174.6,0.53,13,93.8,3216.8,106.0,1,0.39,-0.17,93.8
user_65,34,M,173,97,weight_loss,active,4,3253.8,2908.8,174.6,0.53,14,93.1,2781.8,152.5,1,0.45,-0.67,93.1
user_65,34,M,173,97,weight_loss,active,4,3253.8,2908.8,174.6,0.53,15,93.4,3279.8,115.7,1,0.4,0.35,93.4
user_66,35,F,170,54,maintenance,sedentary,1,1519.8,1519.8,75.6,0.89,1,54.0,1569.8,73.9,1,1.0,0.01,54.0
user_66,35,F,170,54,maintenance,sedentary,1,1519.8,1519.8,75.6,0.89,2,53.9,1507.8,70.3,1,1.0,-0.07,53.9
user_66,35,F,170,54,maintenance,sedentary,1,1519.8,1519.8,75.6,0.89,3,54.3,1811.8,60.6,0,0.66,0.4,54.3
user_66,35,F,170,54,maintenance,sedentary,1,1519.8,1519.8,75.6,0.89,4,54.1,1424.8,79.0,0,0.77,-0.17,54.1
user_66,35,F,170,54,maintenance,sedentary,1,1519.8,1519.8,75.6,0.89,5,54.6,1905.8,60.0,0,0.68,0.5,54.6
user_66,35,F,170,54,maintenance,sedentary,1,1519.8,1519.8,75.6,0.89,6,55.1,1785.8,57.2,0,0.7,0.49,55.1
user_66,35,F,170,54,maintenance,sedentary,1,1519.8,1519.8,75.6,0.89,7,55.3,1523.8,73.6,0,0.97,0.15,55.3
user_66,35,F,170,54,maintenance,sedentary,1,1519.8,1519.8,75.6,0.89,8,55.5,1601.8,70.2,0,1.0,0.17,55.5
user_66,35,F,170,54,maintenance,sedentary,1,1519.8,1519.8,75.6,0.89,9,55.2,1448.8,73.2,0,0.93,-0.33,55.2
user_66,35,F,170,54,maintenance,sedentary,1,1519.8,1519.8,75.6,0.89,10,55.2,1597.8,71.8,0,0.89,-0.04,55.2
user_66,35,F,170,54,maintenance,sedentary,1,1519.8,1519.8,75.6,0.89,11,55.3,1435.8,72.6,0,0.93,0.14,55.3
user_66,35,F,170,54,maintenance,sedentary,1,1519.8,1519.8,75.6,0.89,12,55.7,1866.8,70.3,0,0.77,0.43,55.7
user_66,35,F,170,54,maintenance,sedentary,1,1519.8,1519.8,75.6,0.89,13,55.6,1444.8,73.1,0,0.79,-0.07,55.6
user_66,35,F,170,54,maintenance,sedentary,1,1519.8,1519.8,75.6,0.89,14,55.5,1545.8,69.9,0,0.86,-0.09,55.5
user_66,35,F,170,54,maintenance,sedentary,1,1519.8,1519.8,75.6,0.89,15,55.8,1507.8,48.5,0,0.64,0.26,55.8
user_67,22,M,165,65,muscle_gain,active,4,2719.0,2944.0,143.0,0.67,1,65.5,2927.0,95.9,2,0.7,0.53,65.5
user_67,22,M,165,65,muscle_gain,active,4,2719.0,2944.0,143.0,0.67,2,66.1,2955.0,137.6,3,0.82,0.55,66.1
user_67,22,M,165,65,muscle_gain,active,4,2719.0,2944.0,143.0,0.67,3,66.5,2934.0,89.3,2,0.51,0.36,66.5
user_67,22,M,165,65,muscle_gain,active,4,2719.0,2944.0,143.0,0.67,4,66.7,3130.0,93.0,2,0.59,0.18,66.7
user_67,22,M,165,65,muscle_gain,active,4,2719.0,2944.0,143.0,0.67,5,67.3,3207.0,122.2,2,0.61,0.45,67.3
user_67,22,M,165,65,muscle_gain,active,4,2719.0,2944.0,143.0,0.67,6,67.5,3041.0,109.3,2,0.51,0.18,67.5
user_67,22,M,165,65,muscle_gain,active,4,2719.0,2944.0,143.0,0.67,7,68.1,3126.0,106.3,2,0.71,0.62,68.1
user_67,22,M,165,65,muscle_gain,active,4,2719.0,2944.0,143.0,0.67,8,68.1,2746.0,149.0,3,0.77,-0.1,68.1
user_67,22,M,165,65,muscle_gain,active,4,2719.0,2944.0,143.0,0.67,9,69.0,3190.0,116.1,2,0.74,0.76,69.0
user_67,22,M,165,65,muscle_gain,active,4,2719.0,2944.0,143.0,0.67,10,69.2,2767.0,91.8,2,0.6,0.19,69.2
user_67,22,M,165,65,muscle_gain,active,4,2719.0,2944.0,143.0,0.67,11,69.7,3078.0,130.7,3,0.79,0.35,69.7
user_67,22,M,165,65,muscle_gain,active,4,2719.0,2944.0,143.0,0.67,12,70.6,3334.0,96.5,2,0.73,0.9,70.6
user_67,22,M,165,65,muscle_gain,active,4,2719.0,2944.0,143.0,0.67,13,70.9,3231.0,102.7,1,0.48,0.29,70.9
user_67,22,M,165,65,muscle_gain,active,4,2719.0,2944.0,143.0,0.67,14,71.0,2744.0,130.3,3,0.79,-0.01,71.0
user_67,22,M,165,65,muscle_gain,active,4,2719.0,2944.0,143.0,0.67,15,71.2,2841.0,93.0,2,0.67,0.17,71.2
user_68,44,F,168,62,weight_loss,light,2,1772.4,1467.4,111.6,0.81,1,62.0,1816.4,101.8,1,0.77,0.02,62.0
user_68,44,F,168,62,weight_loss,light,2,1772.4,1467.4,111.6,0.81,2,61.8,1467.4,115.2,1,0.88,-0.18,61.8
user_68,44,F,168,62,weight_loss,light,2,1772.4,1467.4,111.6,0.81,3,62.1,1863.4,80.7,1,0.67,0.31,62.1
user_68,44,F,168,62,weight_loss,light,2,1772.4,1467.4,111.6,0.81,4,61.9,1572.4,114.9,1,0.77,-0.19,61.9
user_68,44,F,168,62,weight_loss,light,2,1772.4,1467.4,111.6,0.81,5,62.1,1708.4,68.5,1,0.68,0.24,62.1
user_68,44,F,168,62,weight_loss,light,2,1772.4,1467.4,111.6,0.81,6,62.2,1656.4,77.4,1,0.72,0.14,62.2
user_68,44,F,168,62,weight_loss,light,2,1772.4,1467.4,111.6,0.81,7,61.9,1714.4,108.1,1,0.75,-0.28,61.9
user_68,44,F,168,62,weight_loss,light,2,1772.4,1467.4,111.6,0.81,8,61.6,1692.4,74.3,1,0.74,-0.33,61.6
user_68,44,F,168,62,weight_loss,light,2,1772.4,1467.4,111.6,0.81,9,61.5,1430.4,106.7,1,0.91,-0.08,61.5
user_68,44,F,168,62,weight_loss,light,2,1772.4,1467.4,111.6,0.81,10,61.4,1476.4,120.0,1,0.87,-0.1,61.4
user_68,44,F,168,62,weight_loss,light,2,1772.4,1467.4,111.6,0.81,11,61.0,1482.4,77.3,1,0.63,-0.38,61.0
user_68,44,F,168,62,weight_loss,light,2,1772.4,1467.4,111.6,0.81,12,60.9,1810.4,90.8,1,0.62,-0.09,60.9
user_68,44,F,168,62,weight_loss,light,2,1772.4,1467.4,111.6,0.81,13,60.8,1848.4,70.6,1,0.56,-0.05,60.8
user_68,44,F,168,62,weight_loss,light,2,1772.4,1467.4,111.6,0.81,14,60.2,1322.4,114.4,1,0.77,-0.62,60.2
user_68,44,F,168,62,weight_loss,light,2,1772.4,1467.4,111.6,0.81,15,60.0,1537.4,115.5,1,0.81,-0.17,60.0
user_69,48,M,169,102,maintenance,sedentary,0,2209.5,2209.5,142.8,0.84,1,101.8,2259.5,147.7,0,1.0,-0.24,101.8
user_69,48,M,169,102,maintenance,sedentary,0,2209.5,2209.5,142.8,0.84,2,101.9,2304.5,156.8,0,0.93,0.08,101.9
user_69,48,M,169,102,maintenance,sedentary,0,2209.5,2209.5,142.8,0.84,3,102.0,2148.5,136.5,0,0.82,0.11,102.0
user_69,48,M,169,102,maintenance,sedentary,0,2209.5,2209.5,142.8,0.84,4,101.7,2060.5,153.2,0,0.8,-0.28,101.7
user_69,48,M,169,102,maintenance,sedentary,0,2209.5,2209.5,142.8,0.84,5,101.9,2529.5,86.0,0,0.72,0.23,101.9
user_69,48,M,169,102,maintenance,sedentary,0,2209.5,2209.5,142.8,0.84,6,102.1,2206.5,100.1,0,0.66,0.19,102.1
user_69,48,M,169,102,maintenance,sedentary,0,2209.5,2209.5,142.8,0.84,7,101.8,2073.5,126.4,0,0.71,-0.34,101.8
user_69,48,M,169,102,maintenance,sedentary,0,2209.5,2209.5,142.8,0.84,8,101.9,2307.5,133.9,0,0.85,0.12,101.9
user_69,48,M,169,102,maintenance,sedentary,0,2209.5,2209.5,142.8,0.84,9,102.5,2582.5,139.3,0,0.79,0.56,102.5
user_69,48,M,169,102,maintenance,sedentary,0,2209.5,2209.5,142.8,0.84,10,102.6,2265.5,149.6,0,0.94,0.07,102.6
user_69,48,M,169,102,maintenance,sedentary,0,2209.5,2209.5,142.8,0.84,11,102.8,2120.5,148.8,0,0.76,0.22,102.8
user_69,48,M,169,102,maintenance,sedentary,0,2209.5,2209.5,142.8,0.84,12,102.9,2218.5,154.7,0,0.83,0.14,102.9
user_69,48,M,169,102,maintenance,sedentary,0,2209.5,2209.5,142.8,0.84,13,103.0,2490.5,124.6,0,0.6,0.07,103.0
user_69,48,M,169,102,maintenance,sedentary,0,2209.5,2209.5,142.8,0.84,14,103.4,2306.5,130.7,0,0.98,0.36,103.4
user_69,48,M,169,102,maintenance,sedentary,0,2209.5,2209.5,142.8,0.84,15,103.9,2536.5,92.9,0,0.72,0.51,103.9
user_70,34,M,178,73,muscle_gain,sedentary,0,2013.0,2402.0,160.6,0.9,1,73.6,2381.0,148.3,0,0.85,0.54,73.6
user_70,34,M,178,73,muscle_gain,sedentary,0,2013.0,2402.0,160.6,0.9,2,74.2,2318.0,170.9,0,0.99,0.51,74.2
user_70,34,M,178,73,muscle_gain,sedentary,0,2013.0,2402.0,160.6,0.9,3,74.9,2528.0,120.6,0,0.7,0.7,74.9
user_70,34,M,178,73,muscle_gain,sedentary,0,2013.0,2402.0,160.6,0.9,4,75.4,2379.0,158.8,0,0.87,0.39,75.4
user_70,34,M,178,73,muscle_gain,sedentary,0,2013.0,2402.0,160.6,0.9,5,75.9,2479.0,154.5,0,0.81,0.43,75.9
user_70,34,M,178,73,muscle_gain,sedentary,0,2013.0,2402.0,160.6,0.9,6,76.4,2333.0,157.7,0,0.83,0.39,76.4
user_70,34,M,178,73,muscle_gain,sedentary,0,2013.0,2402.0,160.6,0.9,7,76.7,2259.0,147.3,0,0.8,0.15,76.7
user_70,34,M,178,73,muscle_gain,sedentary,0,2013.0,2402.0,160.6,0.9,8,76.9,2324.0,175.1,0,0.88,0.11,76.9
user_70,34,M,178,73,muscle_gain,sedentary,0,2013.0,2402.0,160.6,0.9,9,77.0,2328.0,155.9,0,0.84,0.01,77.0
user_70,34,M,178,73,muscle_gain,sedentary,0,2013.0,2402.0,160.6,0.9,10,77.7,2493.0,148.3,0,0.81,0.56,77.7
user_70,34,M,178,73,muscle_gain,sedentary,0,2013.0,2402.0,160.6,0.9,11,78.2,2398.0,160.9,0,1.0,0.42,78.2
user_70,34,M,178,73,muscle_gain,sedentary,0,2013.0,2402.0,160.6,0.9,12,78.8,2455.0,169.2,0,1.0,0.48,78.8
user_70,34,M,178,73,muscle_gain,sedentary,0,2013.0,2402.0,160.6,0.9,13,79.3,2370.0,121.9,0,0.64,0.47,79.3
user_70,34,M,178,73,muscle_gain,sedentary,0,2013.0,2402.0,160.6,0.9,14,79.9,2383.0,174.2,0,0.98,0.53,79.9
user_70,34,M,178,73,muscle_gain,sedentary,0,2013.0,2402.0,160.6,0.9,15,80.3,2719.0,113.5,0,0.68,0.43,80.3
user_71,49,F,153,77,maintenance,active,5,2277.4,2277.4,107.8,0.71,1,77.0,2325.4,105.3,4,0.8,-0.02,77.0
user_71,49,F,153,77,maintenance,active,5,2277.4,2277.4,107.8,0.71,2,77.1,2267.4,86.0,3,0.71,0.15,77.1
user_71,49,F,153,77,maintenance,active,5,2277.4,2277.4,107.8,0.71,3,77.7,2629.4,81.7,3,0.68,0.59,77.7
user_71,49,F,153,77,maintenance,active,5,2277.4,2277.4,107.8,0.71,4,78.1,2570.4,79.9,3,0.64,0.37,78.1
user_71,49,F,153,77,maintenance,active,5,2277.4,2277.4,107.8,0.71,5,78.0,2190.4,93.3,2,0.58,-0.1,78.0
user_71,49,F,153,77,maintenance,active,5,2277.4,2277.4,107.8,0.71,6,78.3,2588.4,87.0,3,0.64,0.29,78.3
user_71,49,F,153,77,maintenance,active,5,2277.4,2277.4,107.8,0.71,7,78.1,2177.4,76.3,3,0.62,-0.22,78.1
user_71,49,F,153,77,maintenance,active,5,2277.4,2277.4,107.8,0.71,8,78.2,2420.4,69.4,3,0.65,0.13,78.2
user_71,49,F,153,77,maintenance,active,5,2277.4,2277.4,107.8,0.71,9,78.3,2305.4,92.1,3,0.62,0.08,78.3
user_71,49,F,153,77,maintenance,active,5,2277.4,2277.4,107.8,0.71,10,78.6,2413.4,68.3,3,0.66,0.28,78.6
user_71,49,F,153,77,maintenance,active,5,2277.4,2277.4,107.8,0.71,11,79.1,2417.4,82.4,3,0.68,0.47,79.1
user_71,49,F,153,77,maintenance,active,5,2277.4,2277.4,107.8,0.71,12,79.2,2350.4,88.3,3,0.65,0.06,79.2
user_71,49,F,153,77,maintenance,active,5,2277.4,2277.4,107.8,0.71,13,78.9,2149.4,93.5,2,0.54,-0.27,78.9
user_71,49,F,153,77,maintenance,active,5,2277.4,2277.4,107.8,0.71,14,79.1,2324.4,109.6,4,0.85,0.25,79.1
user_71,49,F,153,77,maintenance,active,5,2277.4,2277.4,107.8,0.71,15,78.9,2155.4,80.8,3,0.64,-0.16,78.9
user_72,29,M,165,69,muscle_gain,light,2,2174.2,2420.2,151.8,0.69,1,69.3,2409.2,164.5,1,0.84,0.21,69.3
user_72,29,M,165,69,muscle_gain,light,2,2174.2,2420.2,151.8,0.69,2,69.7,2311.2,119.5,1,0.72,0.36,69.7
user_72,29,M,165,69,muscle_gain,light,2,2174.2,2420.2,151.8,0.69,3,70.0,2492.2,104.7,1,0.53,0.29,70.0
user_72,29,M,165,69,muscle_gain,light,2,2174.2,2420.2,151.8,0.69,4,70.1,2268.2,129.7,1,0.55,0.04,70.1
user_72,29,M,165,69,muscle_gain,light,2,2174.2,2420.2,151.8,0.69,5,70.5,2265.2,124.9,1,0.64,0.3,70.5
user_72,29,M,165,69,muscle_gain,light,2,2174.2,2420.2,151.8,0.69,6,70.6,2348.2,93.4,1,0.65,0.14,70.6
user_72,29,M,165,69,muscle_gain,light,2,2174.2,2420.2,151.8,0.69,7,71.1,2661.2,117.6,1,0.73,0.46,71.1
user_72,29,M,165,69,muscle_gain,light,2,2174.2,2420.2,151.8,0.69,8,71.5,2367.2,99.6,1,0.71,0.36,71.5
user_72,29,M,165,69,muscle_gain,light,2,2174.2,2420.2,151.8,0.69,9,71.7,2309.2,118.2,1,0.7,0.15,71.7
user_72,29,M,165,69,muscle_gain,light,2,2174.2,2420.2,151.8,0.69,10,72.3,2794.2,95.9,1,0.59,0.62,72.3
user_72,29,M,165,69,muscle_gain,light,2,2174.2,2420.2,151.8,0.69,11,72.6,2461.2,161.1,1,0.82,0.18,72.6
user_72,29,M,165,69,muscle_gain,light,2,2174.2,2420.2,151.8,0.69,12,73.2,2809.2,102.6,1,0.73,0.58,73.2
user_72,29,M,165,69,muscle_gain,light,2,2174.2,2420.2,151.8,0.69,13,73.7,2797.2,92.1,1,0.73,0.52,73.7
user_72,29,M,165,69,muscle_gain,light,2,2174.2,2420.2,151.8,0.69,14,74.2,2473.2,97.4,1,0.58,0.45,74.2
user_72,29,M,165,69,muscle_gain,light,2,2174.2,2420.2,151.8,0.69,15,74.7,2402.2,158.8,1,0.77,0.41,74.7
user_73,38,M,178,66,maintenance,moderate,4,2460.6,2460.6,92.4,0.94,1,66.3,2375.6,88.9,4,1.0,0.34,66.3
user_73,38,M,178,66,maintenance,moderate,4,2460.6,2460.6,92.4,0.94,2,66.3,2551.6,86.5,4,1.0,0.0,66.3
user_73,38,M,178,66,maintenance,moderate,4,2460.6,2460.6,92.4,0.94,3,66.4,2476.6,90.4,3,0.88,0.12,66.4
user_73,38,M,178,66,maintenance,moderate,4,2460.6,2460.6,92.4,0.94,4,66.6,2365.6,87.0,3,0.88,0.24,66.6
user_73,38,M,178,66,maintenance,moderate,4,2460.6,2460.6,92.4,0.94,5,66.8,2702.6,74.3,2,0.7,0.16,66.8
user_73,38,M,178,66,maintenance,moderate,4,2460.6,2460.6,92.4,0.94,6,66.9,2428.6,96.2,3,0.88,0.11,66.9
user_73,38,M,178,66,maintenance,moderate,4,2460.6,2460.6,92.4,0.94,7,67.0,2452.6,88.5,3,0.98,0.12,67.0
user_73,38,M,178,66,maintenance,moderate,4,2460.6,2460.6,92.4,0.94,8,67.4,2480.6,93.5,4,1.0,0.39,67.4
user_73,38,M,178,66,maintenance,moderate,4,2460.6,2460.6,92.4,0.94,9,67.3,2394.6,88.8,3,0.99,-0.08,67.3
user_73,38,M,178,66,maintenance,moderate,4,2460.6,2460.6,92.4,0.94,10,67.2,2397.6,92.9,3,1.0,-0.09,67.2
user_73,38,M,178,66,maintenance,moderate,4,2460.6,2460.6,92.4,0.94,11,67.2,2504.6,85.4,3,0.82,0.04,67.2
user_73,38,M,178,66,maintenance,moderate,4,2460.6,2460.6,92.4,0.94,12,67.7,2775.6,60.3,2,0.75,0.49,67.7
user_73,38,M,178,66,maintenance,moderate,4,2460.6,2460.6,92.4,0.94,13,67.5,2391.6,93.9,3,0.78,-0.17,67.5
user_73,38,M,178,66,maintenance,moderate,4,2460.6,2460.6,92.4,0.94,14,67.6,2457.6,86.6,4,1.0,0.05,67.6
user_73,38,M,178,66,maintenance,moderate,4,2460.6,2460.6,92.4,0.94,15,67.4,2261.6,92.9,3,0.78,-0.16,67.4
user_74,51,F,169,79,maintenance,moderate,4,2216.9,2216.9,110.6,0.75,1,78.9,2125.9,117.5,3,0.83,-0.11,78.9
user_74,51,F,169,79,maintenance,moderate,4,2216.9,2216.9,110.6,0.75,2,79.1,2221.9,109.2,3,0.89,0.22,79.1
user_74,51,F,169,79,maintenance,moderate,4,2216.9,2216.9,110.6,0.75,3,79.5,2251.9,77.9,2,0.63,0.37,79.5
user_74,51,F,169,79,maintenance,moderate,4,2216.9,2216.9,110.6,0.75,4,79.7,2150.9,75.9,2,0.72,0.15,79.7
user_74,51,F,169,79,maintenance,moderate,4,2216.9,2216.9,110.6,0.75,5,80.3,2571.9,76.8,2,0.7,0.61,80.3
user_74,51,F,169,79,maintenance,moderate,4,2216.9,2216.9,110.6,0.75,6,80.7,2405.9,84.7,2,0.55,0.39,80.7
user_74,51,F,169,79,maintenance,moderate,4,2216.9,2216.9,110.6,0.75,7,80.7,2281.9,88.7,2,0.75,0.04,80.7
user_74,51,F,169,79,maintenance,moderate,4,2216.9,2216.9,110.6,0.75,8,80.6,2072.9,74.2,2,0.68,-0.06,80.6
user_74,51,F,169,79,maintenance,moderate,4,2216.9,2216.9,110.6,0.75,9,80.6,2367.9,94.4,2,0.73,-0.02,80.6
user_74,51,F,169,79,maintenance,moderate,4,2216.9,2216.9,110.6,0.75,10,80.9,2195.9,78.9,2,0.69,0.35,80.9
user_74,51,F,169,79,maintenance,moderate,4,2216.9,2216.9,110.6,0.75,11,81.0,2072.9,68.1,2,0.53,0.15,81.0
user_74,51,F,169,79,maintenance,moderate,4,2216.9,2216.9,110.6,0.75,12,81.5,2470.9,80.9,2,0.64,0.52,81.5
user_74,51,F,169,79,maintenance,moderate,4,2216.9,2216.9,110.6,0.75,13,81.6,2244.9,67.7,2,0.69,0.07,81.6
user_74,51,F,169,79,maintenance,moderate,4,2216.9,2216.9,110.6,0.75,14,81.8,2417.9,106.9,3,0.75,0.19,81.8
user_74,51,F,169,79,maintenance,moderate,4,2216.9,2216.9,110.6,0.75,15,82.1,2324.9,69.7,2,0.67,0.34,82.1
user_75,41,M,179,94,maintenance,light,2,2555.8,2555.8,131.6,0.57,1,94.0,2540.8,101.3,1,0.71,0.04,94.0
user_75,41,M,179,94,maintenance,light,2,2555.8,2555.8,131.6,0.57,2,93.9,2396.8,103.9,1,0.59,-0.13,93.9
user_75,41,M,179,94,maintenance,light,2,2555.8,2555.8,131.6,0.57,3,93.8,2633.8,89.4,0,0.48,-0.13,93.8
user_75,41,M,179,94,maintenance,light,2,2555.8,2555.8,131.6,0.57,4,94.1,2900.8,81.2,0,0.43,0.31,94.1
user_75,41,M,179,94,maintenance,light,2,2555.8,2555.8,131.6,0.57,5,93.7,2359.8,85.5,1,0.54,-0.4,93.7
user_75,41,M,179,94,maintenance,light,2,2555.8,2555.8,131.6,0.57,6,93.8,2613.8,112.6,0,0.46,0.09,93.8
user_75,41,M,179,94,maintenance,light,2,2555.8,2555.8,131.6,0.57,7,94.3,2942.8,114.7,1,0.57,0.54,94.3
user_75,41,M,179,94,maintenance,light,2,2555.8,2555.8,131.6,0.57,8,94.3,2839.8,102.8,1,0.58,0.04,94.3
user_75,41,M,179,94,maintenance,light,2,2555.8,2555.8,131.6,0.57,9,94.3,2636.8,112.6,1,0.6,0.02,94.3
user_75,41,M,179,94,maintenance,light,2,2555.8,2555.8,131.6,0.57,10,94.3,2608.8,109.2,0,0.49,-0.01,94.3
user_75,41,M,179,94,maintenance,light,2,2555.8,2555.8,131.6,0.57,11,94.6,2813.8,114.5,0,0.46,0.31,94.6
user_75,41,M,179,94,maintenance,light,2,2555.8,2555.8,131.6,0.57,12,94.8,2716.8,97.8,0,0.43,0.25,94.8
user_75,41,M,179,94,maintenance,light,2,2555.8,2555.8,131.6,0.57,13,94.7,2609.8,103.7,1,0.63,-0.12,94.7
user_75,41,M,179,94,maintenance,light,2,2555.8,2555.8,131.6,0.57,14,94.8,2365.8,106.4,1,0.59,0.13,94.8
user_75,41,M,179,94,maintenance,light,2,2555.8,2555.8,131.6,0.57,15,95.0,2850.8,88.9,0,0.43,0.23,95.0
user_76,34,F,161,66,weight_loss,light,2,1836.0,1411.0,118.8,0.79,1,65.6,1461.0,129.5,1,0.96,-0.4,65.6
user_76,34,F,161,66,weight_loss,light,2,1836.0,1411.0,118.8,0.79,2,65.0,1414.0,120.4,1,1.0,-0.63,65.0
user_76,34,F,161,66,weight_loss,light,2,1836.0,1411.0,118.8,0.79,3,64.5,1567.0,82.0,1,0.58,-0.48,64.5
user_76,34,F,161,66,weight_loss,light,2,1836.0,1411.0,118.8,0.79,4,64.0,1494.0,100.8,1,0.67,-0.49,64.0
user_76,34,F,161,66,weight_loss,light,2,1836.0,1411.0,118.8,0.79,5,63.7,1575.0,123.0,1,0.76,-0.28,63.7
user_76,34,F,161,66,weight_loss,light,2,1836.0,1411.0,118.8,0.79,6,63.5,1391.0,114.8,1,0.76,-0.25,63.5
user_76,34,F,161,66,weight_loss,light,2,1836.0,1411.0,118.8,0.79,7,63.3,1361.0,111.8,1,0.85,-0.21,63.3
user_76,34,F,161,66,weight_loss,light,2,1836.0,1411.0,118.8,0.79,8,62.7,1315.0,116.4,1,0.85,-0.59,62.7
user_76,34,F,161,66,weight_loss,light,2,1836.0,1411.0,118.8,0.79,9,61.9,1214.0,104.0,1,0.72,-0.8,61.9
user_76,34,F,161,66,weight_loss,light,2,1836.0,1411.0,118.8,0.79,10,61.7,1425.0,115.9,1,0.75,-0.15,61.7
user_76,34,F,161,66,weight_loss,light,2,1836.0,1411.0,118.8,0.79,11,61.7,1519.0,77.7,1,0.66,0.02,61.7
user_76,34,F,161,66,weight_loss,light,2,1836.0,1411.0,118.8,0.79,12,61.3,1436.0,98.2,1,0.66,-0.39,61.3
user_76,34,F,161,66,weight_loss,light,2,1836.0,1411.0,118.8,0.79,13,61.0,1644.0,97.7,1,0.56,-0.3,61.0
user_76,34,F,161,66,weight_loss,light,2,1836.0,1411.0,118.8,0.79,14,60.8,1723.0,110.9,1,0.76,-0.15,60.8
user_76,34,F,161,66,weight_loss,light,2,1836.0,1411.0,118.8,0.79,15,60.7,1398.0,120.8,1,0.94,-0.13,60.7
user_77,28,F,170,72,maintenance,active,5,2555.6,2555.6,100.8,0.79,1,72.6,2915.6,97.6,3,0.78,0.62,72.6
user_77,28,F,170,72,maintenance,active,5,2555.6,2555.6,100.8,0.79,2,72.6,2413.6,99.0,3,0.76,-0.01,72.6
user_77,28,F,170,72,maintenance,active,5,2555.6,2555.6,100.8,0.79,3,73.1,2826.6,64.4,2,0.57,0.5,73.1
user_77,28,F,170,72,maintenance,active,5,2555.6,2555.6,100.8,0.79,4,73.3,2721.6,90.1,3,0.67,0.22,73.3
user_77,28,F,170,72,maintenance,active,5,2555.6,2555.6,100.8,0.79,5,73.6,2734.6,71.4,3,0.67,0.3,73.6
user_77,28,F,170,72,maintenance,active,5,2555.6,2555.6,100.8,0.79,6,74.0,2893.6,74.3,3,0.72,0.41,74.0
user_77,28,F,170,72,maintenance,active,5,2555.6,2555.6,100.8,0.79,7,74.4,2774.6,106.0,3,0.76,0.43,74.4
user_77,28,F,170,72,maintenance,active,5,2555.6,2555.6,100.8,0.79,8,74.6,2578.6,92.1,4,0.88,0.21,74.6
user_77,28,F,170,72,maintenance,active,5,2555.6,2555.6,100.8,0.79,9,74.8,2398.6,94.8,3,0.77,0.17,74.8
user_77,28,F,170,72,maintenance,active,5,2555.6,2555.6,100.8,0.79,10,75.0,2605.6,110.3,4,0.8,0.21,75.0
user_77,28,F,170,72,maintenance,active,5,2555.6,2555.6,100.8,0.79,11,74.9,2391.6,86.4,3,0.63,-0.15,74.9
user_77,28,F,170,72,maintenance,active,5,2555.6,2555.6,100.8,0.79,12,75.4,2774.6,69.5,3,0.75,0.48,75.4
user_77,28,F,170,72,maintenance,active,5,2555.6,2555.6,100.8,0.79,13,75.6,2782.6,62.8,2,0.58,0.21,75.6
user_77,28,F,170,72,maintenance,active,5,2555.6,2555.6,100.8,0.79,14,75.3,2396.6,97.4,3,0.79,-0.3,75.3
user_77,28,F,170,72,maintenance,active,5,2555.6,2555.6,100.8,0.79,15,75.6,2556.6,97.8,4,0.82,0.28,75.6
user_78,21,F,154,81,maintenance,moderate,4,2335.1,2335.1,113.4,0.59,1,80.9,2327.1,92.5,2,0.65,-0.06,80.9
user_78,21,F,154,81,maintenance,moderate,4,2335.1,2335.1,113.4,0.59,2,81.0,2183.1,68.8,2,0.59,0.1,81.0
user_78,21,F,154,81,maintenance,moderate,4,2335.1,2335.1,113.4,0.59,3,81.6,2613.1,82.1,1,0.45,0.55,81.6
user_78,21,F,154,81,maintenance,moderate,4,2335.1,2335.1,113.4,0.59,4,81.3,2281.1,94.7,1,0.5,-0.3,81.3
user_78,21,F,154,81,maintenance,moderate,4,2335.1,2335.1,113.4,0.59,5,81.6,2580.1,82.8,2,0.54,0.32,81.6
user_78,21,F,154,81,maintenance,moderate,4,2335.1,2335.1,113.4,0.59,6,81.9,2400.1,85.4,1,0.5,0.34,81.9
user_78,21,F,154,81,maintenance,moderate,4,2335.1,2335.1,113.4,0.59,7,82.3,2353.1,89.0,2,0.64,0.35,82.3
user_78,21,F,154,81,maintenance,moderate,4,2335.1,2335.1,113.4,0.59,8,82.4,2506.1,83.4,2,0.67,0.1,82.4
user_78,21,F,154,81,maintenance,moderate,4,2335.1,2335.1,113.4,0.59,9,83.0,2664.1,79.1,2,0.67,0.65,83.0
user_78,21,F,154,81,maintenance,moderate,4,2335.1,2335.1,113.4,0.59,10,83.3,2327.1,88.0,2,0.65,0.26,83.3
user_78,21,F,154,81,maintenance,moderate,4,2335.1,2335.1,113.4,0.59,11,83.4,2457.1,92.9,1,0.41,0.06,83.4
user_78,21,F,154,81,maintenance,moderate,4,2335.1,2335.1,113.4,0.59,12,83.9,2570.1,72.0,1,0.44,0.47,83.9
user_78,21,F,154,81,maintenance,moderate,4,2335.1,2335.1,113.4,0.59,13,84.0,2332.1,79.4,2,0.71,0.12,84.0
user_78,21,F,154,81,maintenance,moderate,4,2335.1,2335.1,113.4,0.59,14,84.6,2643.1,95.6,2,0.51,0.63,84.6
user_78,21,F,154,81,maintenance,moderate,4,2335.1,2335.1,113.4,0.59,15,85.0,2688.1,100.7,1,0.48,0.38,85.0
user_79,38,M,169,82,muscle_gain,sedentary,1,2029.5,2361.5,180.4,0.71,1,82.5,2418.5,132.6,0,0.67,0.47,82.5
user_79,38,M,169,82,muscle_gain,sedentary,1,2029.5,2361.5,180.4,0.71,2,83.2,2427.5,193.6,0,0.84,0.64,83.2
user_79,38,M,169,82,muscle_gain,sedentary,1,2029.5,2361.5,180.4,0.71,3,83.6,2711.5,130.2,0,0.56,0.42,83.6
user_79,38,M,169,82,muscle_gain,sedentary,1,2029.5,2361.5,180.4,0.71,4,83.7,2364.5,154.0,0,0.69,0.04,83.7
user_79,38,M,169,82,muscle_gain,sedentary,1,2029.5,2361.5,180.4,0.71,5,83.6,2174.5,124.2,0,0.56,-0.11,83.6
user_79,38,M,169,82,muscle_gain,sedentary,1,2029.5,2361.5,180.4,0.71,6,84.1,2370.5,128.3,0,0.63,0.47,84.1
user_79,38,M,169,82,muscle_gain,sedentary,1,2029.5,2361.5,180.4,0.71,7,84.2,2369.5,156.7,0,0.64,0.03,84.2
user_79,38,M,169,82,muscle_gain,sedentary,1,2029.5,2361.5,180.4,0.71,8,84.6,2579.5,139.4,0,0.65,0.41,84.6
user_79,38,M,169,82,muscle_gain,sedentary,1,2029.5,2361.5,180.4,0.71,9,85.3,2481.5,169.1,0,0.78,0.56,85.3
user_79,38,M,169,82,muscle_gain,sedentary,1,2029.5,2361.5,180.4,0.71,10,85.9,2539.5,108.7,0,0.65,0.55,85.9
user_79,38,M,169,82,muscle_gain,sedentary,1,2029.5,2361.5,180.4,0.71,11,86.2,2187.5,146.5,0,0.75,0.24,86.2
user_79,38,M,169,82,muscle_gain,sedentary,1,2029.5,2361.5,180.4,0.71,12,87.0,2588.5,132.6,0,0.58,0.76,87.0
user_79,38,M,169,82,muscle_gain,sedentary,1,2029.5,2361.5,180.4,0.71,13,87.3,2562.5,115.4,0,0.72,0.34,87.3
user_79,38,M,169,82,muscle_gain,sedentary,1,2029.5,2361.5,180.4,0.71,14,87.9,2654.5,115.0,0,0.63,0.63,87.9
user_79,38,M,169,82,muscle_gain,sedentary,1,2029.5,2361.5,180.4,0.71,15,88.5,2318.5,156.7,0,0.69,0.54,88.5
user_80,51,F,168,63,muscle_gain,sedentary,0,1516.8,1762.8,138.6,0.78,1,63.5,1855.8,139.3,0,0.84,0.42,63.5
user_80,51,F,168,63,muscle_gain,sedentary,0,1516.8,1762.8,138.6,0.78,2,63.8,1965.8,131.1,0,0.8,0.17,63.8
user_80,51,F,168,63,muscle_gain,sedentary,0,1516.8,1762.8,138.6,0.78,3,63.9,1778.8,97.9,0,0.73,0.13,63.9
user_80,51,F,168,63,muscle_gain,sedentary,0,1516.8,1762.8,138.6,0.78,4,63.9,1694.8,112.7,0,0.66,-0.13,63.9
user_80,51,F,168,63,muscle_gain,sedentary,0,1516.8,1762.8,138.6,0.78,5,64.4,2011.8,101.7,0,0.72,0.5,64.4
user_80,51,F,168,63,muscle_gain,sedentary,0,1516.8,1762.8,138.6,0.78,6,64.4,1757.8,136.0,0,0.76,-0.08,64.4
user_80,51,F,168,63,muscle_gain,sedentary,0,1516.8,1762.8,138.6,0.78,7,64.7,1780.8,125.0,0,0.86,0.24,64.7
user_80,51,F,168,63,muscle_gain,sedentary,0,1516.8,1762.8,138.6,0.78,8,65.3,1840.8,130.6,0,0.89,0.5,65.3
user_80,51,F,168,63,muscle_gain,sedentary,0,1516.8,1762.8,138.6,0.78,9,65.5,1918.8,102.3,0,0.67,0.2,65.5
user_80,51,F,168,63,muscle_gain,sedentary,0,1516.8,1762.8,138.6,0.78,10,65.3,1635.8,88.1,0,0.69,-0.15,65.3
user_80,51,F,168,63,muscle_gain,sedentary,0,1516.8,1762.8,138.6,0.78,11,66.0,2080.8,93.7,0,0.6,0.74,66.0
user_80,51,F,168,63,muscle_gain,sedentary,0,1516.8,1762.8,138.6,0.78,12,66.8,2090.8,132.3,0,0.77,0.68,66.8
user_80,51,F,168,63,muscle_gain,sedentary,0,1516.8,1762.8,138.6,0.78,13,67.3,1682.8,135.6,0,0.87,0.44,67.3
user_80,51,F,168,63,muscle_gain,sedentary,0,1516.8,1762.8,138.6,0.78,14,67.4,1885.8,93.2,0,0.61,0.08,67.4
user_80,51,F,168,63,muscle_gain,sedentary,0,1516.8,1762.8,138.6,0.78,15,67.8,1617.8,138.8,0,0.78,0.26,67.8
user_81,47,M,175,81,muscle_gain,active,4,2887.2,3266.2,178.2,0.59,1,81.5,3206.2,126.1,2,0.72,0.48,81.5
user_81,47,M,175,81,muscle_gain,active,4,2887.2,3266.2,178.2,0.59,2,82.4,3420.2,140.9,2,0.61,0.86,82.4
user_81,47,M,175,81,muscle_gain,active,4,2887.2,3266.2,178.2,0.59,3,82.8,3131.2,124.5,2,0.54,0.42,82.8
user_81,47,M,175,81,muscle_gain,active,4,2887.2,3266.2,178.2,0.59,4,83.6,3432.2,114.2,2,0.54,0.79,83.6
user_81,47,M,175,81,muscle_gain,active,4,2887.2,3266.2,178.2,0.59,5,84.4,3461.2,145.8,2,0.55,0.72,84.4
user_81,47,M,175,81,muscle_gain,active,4,2887.2,3266.2,178.2,0.59,6,85.3,3558.2,139.5,2,0.57,0.94,85.3
user_81,47,M,175,81,muscle_gain,active,4,2887.2,3266.2,178.2,0.59,7,85.6,3105.2,130.0,2,0.53,0.32,85.6
user_81,47,M,175,81,muscle_gain,active,4,2887.2,3266.2,178.2,0.59,8,86.4,3582.2,134.6,2,0.5,0.84,86.4
user_81,47,M,175,81,muscle_gain,active,4,2887.2,3266.2,178.2,0.59,9,86.5,3181.2,134.7,2,0.53,0.08,86.5
user_81,47,M,175,81,muscle_gain,active,4,2887.2,3266.2,178.2,0.59,10,86.7,3131.2,156.6,2,0.54,0.07,86.7
user_81,47,M,175,81,muscle_gain,active,4,2887.2,3266.2,178.2,0.59,11,87.1,3529.2,131.7,2,0.59,0.44,87.1
user_81,47,M,175,81,muscle_gain,active,4,2887.2,3266.2,178.2,0.59,12,87.5,3391.2,144.7,1,0.47,0.26,87.5
user_81,47,M,175,81,muscle_gain,active,4,2887.2,3266.2,178.2,0.59,13,87.9,3279.2,140.5,2,0.58,0.4,87.9
user_81,47,M,175,81,muscle_gain,active,4,2887.2,3266.2,178.2,0.59,14,88.2,3114.2,141.5,2,0.52,0.26,88.2
user_81,47,M,175,81,muscle_gain,active,4,2887.2,3266.2,178.2,0.59,15,88.8,3231.2,111.5,1,0.44,0.57,88.8
user_82,39,M,178,90,maintenance,light,3,2505.9,2505.9,126.0,0.52,1,90.5,2895.9,80.6,1,0.57,0.51,90.5
user_82,39,M,178,90,maintenance,light,3,2505.9,2505.9,126.0,0.52,2,90.6,2529.9,79.5,1,0.62,0.11,90.6
user_82,39,M,178,90,maintenance,light,3,2505.9,2505.9,126.0,0.52,3,90.9,2818.9,95.6,1,0.44,0.3,90.9
user_82,39,M,178,90,maintenance,light,3,2505.9,2505.9,126.0,0.52,4,90.9,2679.9,92.1,1,0.39,-0.03,90.9
user_82,39,M,178,90,maintenance,light,3,2505.9,2505.9,126.0,0.52,5,90.7,2493.9,78.4,1,0.47,-0.2,90.7
user_82,39,M,178,90,maintenance,light,3,2505.9,2505.9,126.0,0.52,6,90.9,2432.9,92.4,1,0.38,0.21,90.9
user_82,39,M,178,90,maintenance,light,3,2505.9,2505.9,126.0,0.52,7,91.2,2757.9,111.2,1,0.46,0.33,91.2
user_82,39,M,178,90,maintenance,light,3,2505.9,2505.9,126.0,0.52,8,91.2,2458.9,94.8,1,0.57,0.04,91.2
user_82,39,M,178,90,maintenance,light,3,2505.9,2505.9,126.0,0.52,9,91.1,2486.9,99.8,1,0.59,-0.07,91.1
user_82,39,M,178,90,maintenance,light,3,2505.9,2505.9,126.0,0.52,10,91.0,2307.9,105.4,1,0.6,-0.08,91.0
user_82,39,M,178,90,maintenance,light,3,2505.9,2505.9,126.0,0.52,11,91.1,2746.9,78.4,1,0.36,0.09,91.1
user_82,39,M,178,90,maintenance,light,3,2505.9,2505.9,126.0,0.52,12,90.8,2350.9,76.4,1,0.48,-0.35,90.8
user_82,39,M,178,90,maintenance,light,3,2505.9,2505.9,126.0,0.52,13,91.2,2751.9,80.5,1,0.43,0.35,91.2
user_82,39,M,178,90,maintenance,light,3,2505.9,2505.9,126.0,0.52,14,90.8,2347.9,92.2,1,0.45,-0.38,90.8
user_82,39,M,178,90,maintenance,light,3,2505.9,2505.9,126.0,0.52,15,90.7,2430.9,102.1,1,0.37,-0.05,90.7
user_83,24,F,154,72,muscle_gain,moderate,3,2172.3,2409.3,158.4,0.74,1,72.5,2466.3,117.1,2,0.71,0.52,72.5
user_83,24,F,154,72,muscle_gain,moderate,3,2172.3,2409.3,158.4,0.74,2,72.9,2422.3,152.4,2,0.92,0.32,72.9
user_83,24,F,154,72,muscle_gain,moderate,3,2172.3,2409.3,158.4,0.74,3,73.2,2595.3,117.7,1,0.55,0.34,73.2
user_83,24,F,154,72,muscle_gain,moderate,3,2172.3,2409.3,158.4,0.74,4,73.5,2554.3,129.0,1,0.66,0.25,73.5
user_83,24,F,154,72,muscle_gain,moderate,3,2172.3,2409.3,158.4,0.74,5,73.5,2479.3,126.2,1,0.59,0.04,73.5
user_83,24,F,154,72,muscle_gain,moderate,3,2172.3,2409.3,158.4,0.74,6,73.7,2255.3,137.4,1,0.65,0.08,73.7
user_83,24,F,154,72,muscle_gain,moderate,3,2172.3,2409.3,158.4,0.74,7,74.2,2357.3,136.4,2,0.73,0.39,74.2
user_83,24,F,154,72,muscle_gain,moderate,3,2172.3,2409.3,158.4,0.74,8,75.0,2566.3,134.9,2,0.74,0.66,75.0
user_83,24,F,154,72,muscle_gain,moderate,3,2172.3,2409.3,158.4,0.74,9,75.1,2407.3,104.2,2,0.68,0.05,75.1
user_83,24,F,154,72,muscle_gain,moderate,3,2172.3,2409.3,158.4,0.74,10,75.7,2499.3,143.4,2,0.83,0.51,75.7
user_83,24,F,154,72,muscle_gain,moderate,3,2172.3,2409.3,158.4,0.74,11,76.0,2339.3,162.6,2,0.86,0.25,76.0
user_83,24,F,154,72,muscle_gain,moderate,3,2172.3,2409.3,158.4,0.74,12,76.2,2602.3,122.7,1,0.52,0.24,76.2
user_83,24,F,154,72,muscle_gain,moderate,3,2172.3,2409.3,158.4,0.74,13,76.9,2757.3,97.7,2,0.7,0.66,76.9
user_83,24,F,154,72,muscle_gain,moderate,3,2172.3,2409.3,158.4,0.74,14,77.2,2620.3,100.2,2,0.69,0.31,77.2
user_83,24,F,154,72,muscle_gain,moderate,3,2172.3,2409.3,158.4,0.74,15,77.6,2281.3,108.5,1,0.56,0.43,77.6
user_84,42,M,169,92,muscle_gain,moderate,3,2745.4,3070.4,202.4,0.55,1,92.9,3410.4,166.1,2,0.69,0.76,92.9
user_84,42,M,169,92,muscle_gain,moderate,3,2745.4,3070.4,202.4,0.55,2,93.2,3090.4,162.4,1,0.62,0.18,93.2
user_84,42,M,169,92,muscle_gain,moderate,3,2745.4,3070.4,202.4,0.55,3,93.6,3152.4,163.6,1,0.45,0.29,93.6
user_84,42,M,169,92,muscle_gain,moderate,3,2745.4,3070.4,202.4,0.55,4,93.9,2998.4,126.1,1,0.5,0.28,93.9
user_84,42,M,169,92,muscle_gain,moderate,3,2745.4,3070.4,202.4,0.55,5,94.3,2994.4,170.8,1,0.45,0.31,94.3
user_84,42,M,169,92,muscle_gain,moderate,3,2745.4,3070.4,202.4,0.55,6,95.1,3447.4,125.7,1,0.48,0.77,95.1
user_84,42,M,169,92,muscle_gain,moderate,3,2745.4,3070.4,202.4,0.55,7,95.6,3273.4,173.1,1,0.6,0.39,95.6
user_84,42,M,169,92,muscle_gain,moderate,3,2745.4,3070.4,202.4,0.55,8,95.7,3078.4,147.7,1,0.57,0.06,95.7
user_84,42,M,169,92,muscle_gain,moderate,3,2745.4,3070.4,202.4,0.55,9,96.1,2974.4,131.6,1,0.62,0.37,96.1
user_84,42,M,169,92,muscle_gain,moderate,3,2745.4,3070.4,202.4,0.55,10,96.7,3361.4,124.4,1,0.5,0.59,96.7
user_84,42,M,169,92,muscle_gain,moderate,3,2745.4,3070.4,202.4,0.55,11,97.3,3416.4,180.7,1,0.52,0.48,97.3
user_84,42,M,169,92,muscle_gain,moderate,3,2745.4,3070.4,202.4,0.55,12,97.5,3112.4,135.6,1,0.52,0.17,97.5
user_84,42,M,169,92,muscle_gain,moderate,3,2745.4,3070.4,202.4,0.55,13,98.1,2984.4,176.8,1,0.42,0.51,98.1
user_84,42,M,169,92,muscle_gain,moderate,3,2745.4,3070.4,202.4,0.55,14,98.6,3351.4,139.3,1,0.5,0.5,98.6
user_84,42,M,169,92,muscle_gain,moderate,3,2745.4,3070.4,202.4,0.55,15,98.7,2908.4,177.0,1,0.48,0.05,98.7
user_85,30,M,184,89,muscle_gain,moderate,4,2937.2,3247.2,195.8,0.83,1,89.4,3247.2,213.3,4,1.0,0.26,89.4
user_85,30,M,184,89,muscle_gain,moderate,4,2937.2,3247.2,195.8,0.83,2,89.9,3306.2,214.1,3,0.94,0.42,89.9
user_85,30,M,184,89,muscle_gain,moderate,4,2937.2,3247.2,195.8,0.83,3,90.2,3074.2,196.6,3,0.8,0.22,90.2
user_85,30,M,184,89,muscle_gain,moderate,4,2937.2,3247.2,195.8,0.83,4,90.7,3356.2,137.2,2,0.61,0.5,90.7
user_85,30,M,184,89,muscle_gain,moderate,4,2937.2,3247.2,195.8,0.83,5,91.3,3641.2,164.2,2,0.71,0.5,91.3
user_85,30,M,184,89,muscle_gain,moderate,4,2937.2,3247.2,195.8,0.83,6,91.3,3155.2,129.1,2,0.63,0.03,91.3
user_85,30,M,184,89,muscle_gain,moderate,4,2937.2,3247.2,195.8,0.83,7,91.5,3338.2,131.4,2,0.75,0.24,91.5
user_85,30,M,184,89,muscle_gain,moderate,4,2937.2,3247.2,195.8,0.83,8,92.0,3580.2,131.0,2,0.74,0.49,92.0
user_85,30,M,184,89,muscle_gain,moderate,4,2937.2,3247.2,195.8,0.83,9,92.4,3605.2,133.1,2,0.72,0.41,92.4
user_85,30,M,184,89,muscle_gain,moderate,4,2937.2,3247.2,195.8,0.83,10,92.7,3226.2,196.2,3,0.82,0.16,92.7
user_85,30,M,184,89,muscle_gain,moderate,4,2937.2,3247.2,195.8,0.83,11,92.8,3147.2,183.4,3,0.76,0.01,92.8
user_85,30,M,184,89,muscle_gain,moderate,4,2937.2,3247.2,195.8,0.83,12,93.1,3245.2,185.1,3,1.0,0.18,93.1
user_85,30,M,184,89,muscle_gain,moderate,4,2937.2,3247.2,195.8,0.83,13,93.9,3343.2,163.3,2,0.72,0.69,93.9
user_85,30,M,184,89,muscle_gain,moderate,4,2937.2,3247.2,195.8,0.83,14,94.3,3175.2,193.1,3,0.86,0.3,94.3
user_85,30,M,184,89,muscle_gain,moderate,4,2937.2,3247.2,195.8,0.83,15,95.3,3552.2,172.5,2,0.68,0.9,95.3
user_86,25,M,172,83,muscle_gain,sedentary,0,2142.0,2405.0,182.6,0.76,1,83.3,2566.0,191.3,0,0.75,0.24,83.3
user_86,25,M,172,83,muscle_gain,sedentary,0,2142.0,2405.0,182.6,0.76,2,83.1,2213.0,124.4,0,0.73,-0.23,83.1
user_86,25,M,172,83,muscle_gain,sedentary,0,2142.0,2405.0,182.6,0.76,3,83.5,2347.0,126.9,0,0.58,0.36,83.5
user_86,25,M,172,83,muscle_gain,sedentary,0,2142.0,2405.0,182.6,0.76,4,83.6,2464.0,143.9,0,0.68,0.08,83.6
user_86,25,M,172,83,muscle_gain,sedentary,0,2142.0,2405.0,182.6,0.76,5,83.7,2279.0,145.3,0,0.71,0.07,83.7
user_86,25,M,172,83,muscle_gain,sedentary,0,2142.0,2405.0,182.6,0.76,6,84.1,2524.0,112.1,0,0.66,0.4,84.1
user_86,25,M,172,83,muscle_gain,sedentary,0,2142.0,2405.0,182.6,0.76,7,84.7,2324.0,194.3,0,0.85,0.47,84.7
user_86,25,M,172,83,muscle_gain,sedentary,0,2142.0,2405.0,182.6,0.76,8,85.1,2666.0,146.7,0,0.69,0.32,85.1
user_86,25,M,172,83,muscle_gain,sedentary,0,2142.0,2405.0,182.6,0.76,9,85.1,2302.0,153.1,0,0.67,-0.07,85.1
user_86,25,M,172,83,muscle_gain,sedentary,0,2142.0,2405.0,182.6,0.76,10,85.6,2441.0,166.6,0,0.87,0.41,85.6
user_86,25,M,172,83,muscle_gain,sedentary,0,2142.0,2405.0,182.6,0.76,11,85.8,2408.0,152.4,0,0.54,0.06,85.8
user_86,25,M,172,83,muscle_gain,sedentary,0,2142.0,2405.0,182.6,0.76,12,86.4,2590.0,163.3,0,0.53,0.49,86.4
user_86,25,M,172,83,muscle_gain,sedentary,0,2142.0,2405.0,182.6,0.76,13,86.5,2504.0,117.1,0,0.65,0.06,86.5
user_86,25,M,172,83,muscle_gain,sedentary,0,2142.0,2405.0,182.6,0.76,14,86.8,2376.0,116.2,0,0.7,0.26,86.8
user_86,25,M,172,83,muscle_gain,sedentary,0,2142.0,2405.0,182.6,0.76,15,87.5,2785.0,134.0,0,0.74,0.71,87.5
user_87,23,F,156,82,weight_loss,light,3,2088.6,1677.6,147.6,0.57,1,82.0,1859.6,104.6,2,0.67,-0.05,82.0
user_87,23,F,156,82,weight_loss,light,3,2088.6,1677.6,147.6,0.57,2,81.8,1930.6,114.3,1,0.55,-0.22,81.8
user_87,23,F,156,82,weight_loss,light,3,2088.6,1677.6,147.6,0.57,3,81.5,1789.6,124.7,1,0.42,-0.27,81.5
user_87,23,F,156,82,weight_loss,light,3,2088.6,1677.6,147.6,0.57,4,81.5,1960.6,115.3,1,0.53,0.0,81.5
user_87,23,F,156,82,weight_loss,light,3,2088.6,1677.6,147.6,0.57,5,81.2,2073.6,116.3,1,0.47,-0.26,81.2
user_87,23,F,156,82,weight_loss,light,3,2088.6,1677.6,147.6,0.57,6,81.0,1967.6,121.2,1,0.51,-0.18,81.0
user_87,23,F,156,82,weight_loss,light,3,2088.6,1677.6,147.6,0.57,7,80.9,1805.6,97.1,1,0.57,-0.09,80.9
user_87,23,F,156,82,weight_loss,light,3,2088.6,1677.6,147.6,0.57,8,80.9,1804.6,119.1,1,0.6,0.05,80.9
user_87,23,F,156,82,weight_loss,light,3,2088.6,1677.6,147.6,0.57,9,80.4,1503.6,108.7,1,0.59,-0.48,80.4
user_87,23,F,156,82,weight_loss,light,3,2088.6,1677.6,147.6,0.57,10,79.8,1643.6,121.6,1,0.49,-0.58,79.8
user_87,23,F,156,82,weight_loss,light,3,2088.6,1677.6,147.6,0.57,11,79.5,1843.6,132.1,1,0.49,-0.25,79.5
user_87,23,F,156,82,weight_loss,light,3,2088.6,1677.6,147.6,0.57,12,79.3,1582.6,116.4,1,0.55,-0.22,79.3
user_87,23,F,156,82,weight_loss,light,3,2088.6,1677.6,147.6,0.57,13,79.1,1745.6,89.9,1,0.62,-0.25,79.1
user_87,23,F,156,82,weight_loss,light,3,2088.6,1677.6,147.6,0.57,14,78.6,1593.6,116.3,1,0.45,-0.5,78.6
user_87,23,F,156,82,weight_loss,light,3,2088.6,1677.6,147.6,0.57,15,78.7,1898.6,101.4,1,0.46,0.09,78.7
user_88,47,M,173,67,maintenance,moderate,4,2357.9,2357.9,93.8,0.55,1,67.0,2262.9,76.5,2,0.68,0.04,67.0
user_88,47,M,173,67,maintenance,moderate,4,2357.9,2357.9,93.8,0.55,2,67.5,2602.9,63.2,2,0.6,0.55,67.5
user_88,47,M,173,67,maintenance,moderate,4,2357.9,2357.9,93.8,0.55,3,67.9,2694.9,71.3,1,0.44,0.42,67.9
user_88,47,M,173,67,maintenance,moderate,4,2357.9,2357.9,93.8,0.55,4,68.4,2611.9,60.5,1,0.47,0.53,68.4
user_88,47,M,173,67,maintenance,moderate,4,2357.9,2357.9,93.8,0.55,5,68.4,2550.9,78.2,1,0.46,0.05,68.4
user_88,47,M,173,67,maintenance,moderate,4,2357.9,2357.9,93.8,0.55,6,68.4,2382.9,76.3,1,0.42,0.01,68.4
user_88,47,M,173,67,maintenance,moderate,4,2357.9,2357.9,93.8,0.55,7,68.6,2599.9,75.0,2,0.55,0.17,68.6
user_88,47,M,173,67,maintenance,moderate,4,2357.9,2357.9,93.8,0.55,8,68.7,2479.9,68.4,2,0.56,0.07,68.7
user_88,47,M,173,67,maintenance,moderate,4,2357.9,2357.9,93.8,0.55,9,68.9,2277.9,76.5,2,0.63,0.17,68.9
user_88,47,M,173,67,maintenance,moderate,4,2357.9,2357.9,93.8,0.55,10,69.1,2731.9,67.9,2,0.58,0.18,69.1
user_88,47,M,173,67,maintenance,moderate,4,2357.9,2357.9,93.8,0.55,11,68.9,2329.9,67.7,1,0.42,-0.15,68.9
user_88,47,M,173,67,maintenance,moderate,4,2357.9,2357.9,93.8,0.55,12,69.5,2659.9,78.8,2,0.62,0.56,69.5
user_88,47,M,173,67,maintenance,moderate,4,2357.9,2357.9,93.8,0.55,13,69.4,2507.9,62.9,2,0.54,-0.07,69.4
user_88,47,M,173,67,maintenance,moderate,4,2357.9,2357.9,93.8,0.55,14,69.2,2220.9,64.7,2,0.51,-0.19,69.2
user_88,47,M,173,67,maintenance,moderate,4,2357.9,2357.9,93.8,0.55,15,69.1,2388.9,60.4,2,0.61,-0.1,69.1
user_89,37,F,162,53,maintenance,light,2,1645.2,1645.2,74.2,0.83,1,52.7,1569.2,67.2,1,0.99,-0.26,52.7
user_89,37,F,162,53,maintenance,light,2,1645.2,1645.2,74.2,0.83,2,52.9,1690.2,72.3,1,0.95,0.24,52.9
user_89,37,F,162,53,maintenance,light,2,1645.2,1645.2,74.2,0.83,3,52.9,1849.2,79.3,1,0.77,0.01,52.9
user_89,37,F,162,53,maintenance,light,2,1645.2,1645.2,74.2,0.83,4,53.5,2000.2,55.3,1,0.71,0.6,53.5
user_89,37,F,162,53,maintenance,light,2,1645.2,1645.2,74.2,0.83,5,54.0,1950.2,80.7,1,0.79,0.51,54.0
user_89,37,F,162,53,maintenance,light,2,1645.2,1645.2,74.2,0.83,6,54.4,1692.2,74.8,1,0.77,0.36,54.4
user_89,37,F,162,53,maintenance,light,2,1645.2,1645.2,74.2,0.83,7,54.1,1529.2,65.7,1,0.74,-0.34,54.1
user_89,37,F,162,53,maintenance,light,2,1645.2,1645.2,74.2,0.83,8,54.1,1867.2,58.9,1,0.74,-0.05,54.1
user_89,37,F,162,53,maintenance,light,2,1645.2,1645.2,74.2,0.83,9,53.9,1575.2,74.2,1,0.94,-0.17,53.9
user_89,37,F,162,53,maintenance,light,2,1645.2,1645.2,74.2,0.83,10,54.0,1571.2,80.6,1,0.88,0.07,54.0
user_89,37,F,162,53,maintenance,light,2,1645.2,1645.2,74.2,0.83,11,54.2,1785.2,54.7,1,0.63,0.17,54.2
user_89,37,F,162,53,maintenance,light,2,1645.2,1645.2,74.2,0.83,12,54.3,1569.2,74.2,1,0.92,0.13,54.3
user_89,37,F,162,53,maintenance,light,2,1645.2,1645.2,74.2,0.83,13,54.1,1611.2,76.4,1,0.83,-0.19,54.1
user_89,37,F,162,53,maintenance,light,2,1645.2,1645.2,74.2,0.83,14,54.7,2004.2,48.0,1,0.61,0.64,54.7
user_89,37,F,162,53,maintenance,light,2,1645.2,1645.2,74.2,0.83,15,54.4,1566.2,70.7,1,0.94,-0.31,54.4
user_90,19,F,166,60,muscle_gain,moderate,3,2141.3,2494.3,132.0,0.65,1,60.6,2761.3,99.1,1,0.63,0.58,60.6
user_90,19,F,166,60,muscle_gain,moderate,3,2141.3,2494.3,132.0,0.65,2,61.2,2493.3,132.6,2,0.77,0.5,61.2
user_90,19,F,166,60,muscle_gain,moderate,3,2141.3,2494.3,132.0,0.65,3,61.4,2625.3,91.0,1,0.6,0.18,61.4
user_90,19,F,166,60,muscle_gain,moderate,3,2141.3,2494.3,132.0,0.65,4,61.7,2549.3,82.8,1,0.63,0.27,61.7
user_90,19,F,166,60,muscle_gain,moderate,3,2141.3,2494.3,132.0,0.65,5,62.4,2791.3,79.8,1,0.61,0.7,62.4
user_90,19,F,166,60,muscle_gain,moderate,3,2141.3,2494.3,132.0,0.65,6,63.1,2820.3,88.5,1,0.63,0.74,63.1
user_90,19,F,166,60,muscle_gain,moderate,3,2141.3,2494.3,132.0,0.65,7,63.7,2462.3,109.4,1,0.6,0.51,63.7
user_90,19,F,166,60,muscle_gain,moderate,3,2141.3,2494.3,132.0,0.65,8,64.1,2809.3,102.7,1,0.63,0.42,64.1
user_90,19,F,166,60,muscle_gain,moderate,3,2141.3,2494.3,132.0,0.65,9,65.0,2767.3,106.9,1,0.64,0.76,65.0
user_90,19,F,166,60,muscle_gain,moderate,3,2141.3,2494.3,132.0,0.65,10,65.4,2726.3,82.3,1,0.57,0.39,65.4
user_90,19,F,166,60,muscle_gain,moderate,3,2141.3,2494.3,132.0,0.65,11,65.7,2479.3,100.4,1,0.52,0.28,65.7
user_90,19,F,166,60,muscle_gain,moderate,3,2141.3,2494.3,132.0,0.65,12,66.3,2733.3,97.9,1,0.57,0.57,66.3
user_90,19,F,166,60,muscle_gain,moderate,3,2141.3,2494.3,132.0,0.65,13,66.8,2781.3,95.2,1,0.59,0.52,66.8
user_90,19,F,166,60,muscle_gain,moderate,3,2141.3,2494.3,132.0,0.65,14,67.6,2824.3,88.6,1,0.56,0.84,67.6
user_90,19,F,166,60,muscle_gain,moderate,3,2141.3,2494.3,132.0,0.65,15,67.8,2495.3,109.8,1,0.52,0.12,67.8
