name,serving_size,calories,protein,carbohydrate,fat,fiber,sodium
Farmhouse Pizza (1 slice),250 g,300,11.0g,36.0g,12.5g,2.5g,580mg
Shami Kabab (4 pcs),200 g,380,22.0g,16.0g,25.0g,2.0g,540mg
Raj Kachori,150 g,350,7.0g,48.0g,15.0g,4.5g,520mg
Brownie (1 piece),250 g,220,2.5g,28.0g,11.0g,1.0g,100mg
McChicken Wrap,150 g,480,18.0g,46.0g,25.0g,2.5g,790mg
Afghani Chaap,50 ml,420,24.0g,16.0g,30.0g,3.5g,540mg
Chow Mein,150 ml,360,8.5g,50.0g,14.0g,3.0g,750mg
Cherries,100 ml,50,1.0g,12.0g,0.3g,1.6g,0mg
Paneer Butter Masala,200 ml,450,14.5g,14.0g,36.0g,2.5g,650mg
Andhra Chicken Curry,300 g,390,25.0g,9.0g,28.0g,1.5g,740mg
Mix Veg,100 ml,150,4.0g,18.0g,7.0g,4.5g,390mg
Prawn Dim Sums,200 g,230,13.0g,28.0g,8.0g,1.0g,440mg
Coconut Rice,250 g,340,4.0g,44.0g,17.0g,3.0g,280mg
Sabudana Khichdi,500 g,250,3.5g,48.0g,5.0g,2.0g,280mg
French Beans,150 g,31,1.8g,7.0g,0.1g,3.4g,6mg
Club Sandwich,200 ml,450,18.0g,44.0g,22.0g,3.0g,720mg
Hash Brown,100 ml,150,1.5g,16.0g,9.0g,1.5g,280mg
Ghee Rice,200 ml,320,4.0g,50.0g,11.0g,1.0g,310mg
Veg McNuggets (6 pcs),200 ml,230,8.0g,22.0g,12.0g,2.5g,440mg
Bhel Puri,100 ml,210,4.0g,40.0g,5.0g,3.5g,340mg
Capsicum (Green),500 g,20,0.9g,4.6g,0.2g,1.7g,3mg
Pumpkin Seeds,500 g,160,8.0g,4.0g,13.5g,1.5g,5mg
Cheddar Cheese,200 ml,120,7.0g,0.5g,10.0g,0g,180mg
Focaccia,250 g,230,6.5g,38.0g,6.0g,2.0g,370mg
Mac and Cheese,200 g,410,14.0g,48.0g,18.0g,1.5g,560mg
Dal Baati Churma,300 g,650,18.0g,88.0g,24.0g,10.0g,580mg
Margherita Pizza (1 slice),100 ml,285,12.0g,34.0g,11.0g,2.0g,520mg
Kadhi Pakora,200 g,300,10.0g,28.0g,16.0g,3.0g,580mg
Chicken Biryani,500 g,520,28.0g,65.0g,18.0g,2.0g,890mg
Dabeli,200 g,280,6.0g,42.0g,9.0g,3.5g,490mg
Cherries,200 g,50,1.0g,12.0g,0.3g,1.6g,0mg
Chow Mein,100 ml,360,8.5g,50.0g,14.0g,3.0g,750mg
Milk (Toned),250 g,100,6.6g,9.8g,4.4g,0g,110mg
Mutton Keema,150 ml,420,32.0g,6.0g,30.0g,0.5g,620mg
Cantaloupe,150 ml,34,0.8g,8.2g,0.2g,0.9g,16mg
Vanilla Cake (1 slice),250 g,220,3.0g,32.0g,9.0g,0.5g,180mg
Aloo Paratha,100 ml,350,8.0g,48.0g,14.0g,4.0g,380mg
Vada Pav,200 ml,290,6.5g,38.0g,12.5g,2.5g,520mg
Focaccia,300 g,230,6.5g,38.0g,6.0g,2.0g,370mg
Soft Serve Cone,300 g,150,3.5g,24.0g,4.5g,0g,80mg
Aloo Matar,250 g,190,4.5g,20.0g,10.0g,4.0g,410mg
Grilled Chicken Sandwich,50 ml,380,24.0g,34.0g,16.0g,2.5g,680mg
Pomegranate,50 ml,83,1.7g,18.7g,1.2g,4.0g,3mg
Tandoori Chicken (2 pcs),200 ml,480,48.0g,4.0g,30.0g,0g,720mg
Mutton Curry,500 g,500,27.0g,9.0g,40.0g,1.0g,660mg
Almond Milk,150 g,60,2.0g,8.0g,2.5g,1.0g,150mg
Goan Fish Curry,100 g,330,21.0g,11.0g,22.0g,1.5g,570mg
Paper Dosa,250 g,350,7.0g,52.0g,12.0g,3.0g,530mg
Cherries,150 ml,50,1.0g,12.0g,0.3g,1.6g,0mg
Paneer Tikka Masala,150 ml,460,15.0g,16.0g,38.0g,2.5g,680mg
Butterscotch Cake (1 slice),150 ml,300,3.5g,40.0g,14.0g,0.5g,190mg
Schezwan Noodles,100 g,380,8.0g,56.0g,13.0g,3.5g,880mg
Dal Makhani,150 g,320,12.0g,28.0g,18.0g,6.0g,480mg
Brinjal (Eggplant),50 ml,25,1.0g,5.9g,0.2g,3.0g,2mg
Paneer Butter Masala,200 g,450,14.5g,14.0g,36.0g,2.5g,650mg
Veg Noodle Soup,150 ml,120,4.0g,18.0g,3.5g,2.0g,580mg
Veg Pulao,300 g,280,6.0g,52.0g,5.5g,3.0g,410mg
Cashews (Kaju),300 g,160,5.2g,9.0g,12.0g,1.0g,5mg
Patra,100 g,170,3.0g,28.0g,5.5g,3.0g,410mg
Muffin (Blueberry),50 ml,240,3.5g,36.0g,9.0g,1.5g,180mg
Broccoli,100 g,34,2.8g,6.6g,0.4g,2.6g,33mg
Dal Tadka,50 ml,210,9.0g,24.0g,9.0g,5.0g,460mg
Kaju Katli (2 pcs),100 ml,110,2.0g,14.0g,5.5g,0.2g,10mg
Star Fruit,150 g,28,0.9g,6.0g,0.3g,2.5g,2mg
Chicken Fried Rice,50 ml,460,20.0g,58.0g,16.0g,1.5g,780mg
Plain Dosa,200 g,230,5.0g,38.0g,6.0g,2.5g,420mg
Fish Curry,200 ml,340,22.0g,10.0g,23.0g,1.5g,540mg
Soy Milk,150 ml,80,6.0g,8.0g,4.0g,1.0g,120mg
Akki Roti,200 g,220,5.0g,40.0g,4.5g,3.0g,290mg
Chocolate Cake (1 slice),500 g,280,4.0g,38.0g,12.0g,1.0g,200mg
Chicken Dim Sums,150 g,240,14.0g,28.0g,8.0g,1.5g,420mg
Coconut Rice,500 g,340,4.0g,44.0g,17.0g,3.0g,280mg
Soya Pulao,300 g,310,12.0g,48.0g,8.0g,4.0g,480mg
Egg Noodles,150 g,390,14.0g,52.0g,14.0g,2.0g,780mg
Guava,500 g,68,2.6g,14.3g,1.0g,5.4g,2mg
Jeera Rice,100 g,240,4.5g,48.0g,3.0g,1.0g,290mg
Cupcake (Vanilla),100 g,210,2.5g,32.0g,8.5g,0.5g,160mg
Hide & Seek (2 pcs),100 g,105,1.5g,14.0g,5.0g,0.5g,35mg
Butter (1 tbsp),100 ml,102,0.1g,0g,11.5g,0g,1mg
Mutter Mushroom,150 g,200,5.0g,18.0g,11.0g,4.5g,430mg
Pomegranate,150 g,83,1.7g,18.7g,1.2g,4.0g,3mg
Mix Veg,250 g,150,4.0g,18.0g,7.0g,4.5g,390mg
Pani Puri (6 pieces),150 g,180,3.2g,32.0g,4.8g,2.0g,290mg
Egg Noodles,200 ml,390,14.0g,52.0g,14.0g,2.0g,780mg
Pav Bhaji,100 g,380,9.0g,52.0g,16.0g,7.0g,620mg
Marie Biscuit (4 pcs),200 g,90,1.5g,14.0g,3.0g,0.5g,60mg
Potato,250 g,77,2.0g,17.5g,0.1g,2.2g,6mg
Greek Yogurt,50 ml,100,10.0g,4.0g,5.0g,0g,35mg
Mutton Rogan Josh,300 g,520,28.0g,10.0g,42.0g,1.0g,680mg
Maharaja Mac Veg,150 ml,520,16.0g,54.0g,27.0g,4.0g,920mg
Cheddar Cheese,300 g,120,7.0g,0.5g,10.0g,0g,180mg
Bitter Gourd,100 g,17,1.0g,3.7g,0.2g,2.8g,5mg
McChicken Burger,200 g,450,16.0g,44.0g,22.0g,2.0g,780mg
Croissant (Chocolate),50 ml,280,5.0g,30.0g,16.0g,1.5g,230mg
McFlurry KitKat,250 g,350,7.5g,49.0g,14.0g,1.0g,150mg
Red Velvet Cake (1 slice),200 g,320,4.5g,42.0g,15.0g,1.0g,220mg
Khandvi (4 pcs),50 ml,150,5.0g,24.0g,4.0g,2.0g,380mg
Pesto Pasta,500 g,400,10.0g,44.0g,21.0g,4.0g,360mg
Aloo Gobi,150 ml,170,4.0g,20.0g,8.0g,4.0g,350mg
Bagel,100 ml,190,7.0g,36.0g,1.5g,2.0g,280mg
Afghani Chaap,200 g,420,24.0g,16.0g,30.0g,3.5g,540mg
Tamarind Rice,150 ml,280,4.5g,52.0g,5.0g,2.5g,510mg
Butter Cookie (2 pcs),200 ml,95,1.0g,12.0g,5.0g,0.2g,30mg
Blueberries,250 g,57,0.7g,14.5g,0.3g,2.4g,1mg
Cranberries,200 ml,46,0.4g,12.0g,0.1g,4.6g,2mg
Éclair,100 ml,240,4.0g,26.0g,13.0g,0.5g,170mg
Rajma Masala,300 g,260,12.0g,32.0g,9.0g,8.0g,490mg
Prawn Malai Curry,100 g,420,22.0g,10.0g,32.0g,0.5g,560mg
Cheese Garlic Bread,200 g,310,11.0g,34.0g,15.0g,2.0g,520mg
Gulab Jamun (2 pcs),200 ml,200,3.0g,32.0g,7.0g,0.5g,60mg
Mozzarella Cheese,200 ml,85,6.0g,1.0g,6.0g,0g,140mg
Egg Sandwich,500 g,320,14.0g,32.0g,15.0g,2.0g,540mg
Apricots (Dried),150 ml,70,1.0g,18.0g,0.1g,2.0g,2mg
Cucumber,500 g,15,0.7g,3.6g,0.1g,0.5g,2mg
Parle Biscuit (2 pcs),100 ml,80,1.0g,12.0g,3.0g,0.3g,40mg
Garlic Fried Rice,150 g,420,8.5g,60.0g,14.0g,2.5g,810mg
Nectarine,50 ml,62,1.5g,15.0g,0.5g,2.4g,0mg
Mutton Rogan Josh,150 g,520,28.0g,10.0g,42.0g,1.0g,680mg
Tofu Butter Masala,250 g,400,14.0g,14.0g,32.0g,3.5g,590mg
Ridge Gourd,150 ml,17,0.8g,3.8g,0.2g,1.2g,3mg
White Sauce Pasta,150 g,380,10.0g,48.0g,16.0g,2.5g,450mg
Greek Yogurt,50 ml,100,10.0g,4.0g,5.0g,0g,35mg
Butter Cookie (2 pcs),500 g,95,1.0g,12.0g,5.0g,0.2g,30mg
Flax Seeds (Alsi),200 ml,75,2.5g,4.0g,6.0g,4.0g,2mg
Rasmalai (2 pcs),100 ml,240,6.0g,32.0g,10.0g,0g,70mg
Paneer Butter Masala,50 ml,450,14.5g,14.0g,36.0g,2.5g,650mg
Hyderabadi Biryani,100 g,620,30.0g,70.0g,24.0g,2.5g,980mg
Veg McNuggets (6 pcs),500 g,230,8.0g,22.0g,12.0g,2.5g,440mg
Lobia,100 ml,240,12.0g,36.0g,6.0g,8.5g,430mg
Butterscotch Cake (1 slice),50 ml,300,3.5g,40.0g,14.0g,0.5g,190mg
Corn Flakes with Milk,100 g,210,7.0g,38.0g,4.0g,2.0g,180mg
Mysore Pak (1 pc),150 g,130,2.0g,16.0g,6.5g,0.2g,15mg
Mutter Mushroom,200 g,200,5.0g,18.0g,11.0g,4.5g,430mg
Soya Chaap (2 pcs),200 ml,350,28.0g,20.0g,18.0g,6.0g,490mg
Idli (2 pieces),300 g,120,4.0g,24.0g,0.5g,2.0g,280mg
Methi Thepla,150 ml,115,3.2g,15.5g,4.8g,2.2g,125mg
Kesari Bath,100 ml,350,3.0g,62.0g,10.0g,1.0g,15mg
Veg Extravaganza (1 slice),200 ml,320,12.0g,38.0g,13.5g,3.0g,620mg
Shami Kabab (4 pcs),150 ml,380,22.0g,16.0g,25.0g,2.0g,540mg
Bataka Vada,300 g,290,6.0g,38.0g,12.0g,3.0g,480mg
Shortbread Cookie,150 ml,105,1.0g,12.0g,6.0g,0.2g,30mg
Grilled Veg Sandwich,250 g,290,9.0g,40.0g,10.0g,4.5g,460mg
Arrabbiata Pasta,150 g,320,8.5g,52.0g,8.5g,4.5g,510mg
Soya Chaap (2 pcs),150 g,350,28.0g,20.0g,18.0g,6.0g,490mg
Prawn Fried Rice,100 ml,440,18.0g,58.0g,15.0g,1.5g,790mg
Mooli Paratha,50 ml,310,8.5g,45.0g,11.0g,4.5g,360mg
Figs (Anjeer),300 g,75,1.0g,19.0g,0.3g,2.5g,2mg
Fig (Fresh),200 g,37,0.4g,9.6g,0.2g,1.4g,1mg
Paneer Do Pyaza,150 ml,430,13.0g,18.0g,34.0g,3.0g,590mg
Nalli Nihari,500 g,560,30.0g,8.0g,46.0g,0.5g,780mg
Ciabatta,150 g,210,7.0g,40.0g,3.0g,2.0g,350mg
Spinach,50 ml,23,2.9g,3.6g,0.4g,2.2g,79mg
Gobi Manchurian (Dry),250 g,380,6.0g,42.0g,21.0g,5.0g,680mg
Sabudana Vada,100 ml,230,4.0g,38.0g,7.0g,2.5g,340mg
Butter Cookie (2 pcs),100 g,95,1.0g,12.0g,5.0g,0.2g,30mg
Oatmeal Cookie,300 g,110,2.0g,16.0g,4.5g,1.5g,65mg
Reshmi Kabab (4 pcs),150 ml,400,28.0g,6.0g,29.0g,0.5g,560mg
Hung Curd,300 g,120,11.0g,5.0g,6.5g,0g,50mg
Capsicum (Yellow),50 ml,27,1.0g,6.3g,0.2g,1.8g,3mg
Bourbon Biscuit (2 pcs),200 ml,90,1.0g,12.0g,4.5g,0.5g,35mg
Andhra Chicken Curry,100 g,390,25.0g,9.0g,28.0g,1.5g,740mg
Chilli Fish,200 g,410,26.0g,26.0g,24.0g,1.5g,790mg
French Fries (Medium),200 g,320,4.5g,41.0g,15.5g,3.5g,190mg
Red Sauce Pasta,100 g,310,9.0g,52.0g,8.0g,4.0g,490mg
Chicken Tikka (6 pcs),300 g,420,42.0g,6.0g,25.0g,0.5g,680mg
Baingan Bharta,300 g,180,3.5g,16.0g,12.0g,5.0g,420mg
Goan Fish Curry,100 g,330,21.0g,11.0g,22.0g,1.5g,570mg
Tofu (Firm),150 g,145,15.0g,4.0g,8.0g,2.0g,10mg
Okra (Bhindi),150 ml,33,1.9g,7.5g,0.2g,3.2g,7mg
Fish Curry,150 ml,340,22.0g,10.0g,23.0g,1.5g,540mg
Sambar Vada,500 g,310,7.5g,38.0g,14.0g,4.0g,520mg
Veg Noodles,200 g,320,8.0g,52.0g,8.5g,3.0g,680mg
Gobi Manchurian (Gravy),100 g,350,5.5g,38.0g,19.0g,4.5g,720mg
Aloo Chaat,250 g,220,4.0g,36.0g,7.0g,4.0g,380mg
Singapore Noodles,200 g,370,9.0g,54.0g,12.5g,3.0g,740mg
Mutton Korma,200 ml,540,26.0g,14.0g,43.0g,1.0g,640mg
Afghani Chaap,150 g,420,24.0g,16.0g,30.0g,3.5g,540mg
Gobi Paratha,100 g,320,9.0g,46.0g,11.0g,5.0g,350mg
Mutton Keema,250 g,420,32.0g,6.0g,30.0g,0.5g,620mg
Bread Roll,150 g,140,4.0g,25.0g,2.5g,1.2g,190mg
Chilli Tofu,50 ml,340,14.0g,26.0g,20.0g,3.0g,680mg
Apricot,100 ml,17,0.5g,3.9g,0.1g,0.7g,0mg
BBQ Chicken Pizza (1 slice),200 ml,350,16.0g,34.0g,17.0g,1.5g,740mg
Corn Flakes with Milk,150 ml,210,7.0g,38.0g,4.0g,2.0g,180mg
Paneer (Homemade),500 g,265,18.0g,6.0g,18.0g,0g,150mg
Pink Sauce Pasta,100 g,350,9.5g,50.0g,12.0g,3.0g,470mg
Sweet Potato,500 g,86,1.6g,20.1g,0.1g,3.0g,55mg
Pav (Ladi Pav 1 pc),100 g,110,3.0g,20.0g,1.5g,1.0g,160mg
Ghee Rice,100 g,320,4.0g,50.0g,11.0g,1.0g,310mg
Farmhouse Pizza (1 slice),150 ml,300,11.0g,36.0g,12.5g,2.5g,580mg
Kheer,200 g,220,6.0g,36.0g,6.0g,0.5g,60mg
Paneer Do Pyaza,100 g,430,13.0g,18.0g,34.0g,3.0g,590mg
Misal Pav,250 g,380,14.0g,48.0g,16.0g,7.0g,720mg
French Fries (Medium),150 g,320,4.5g,41.0g,15.5g,3.5g,190mg
Dal Fry,200 ml,230,9.5g,26.0g,10.0g,5.5g,490mg
Paneer Tikka Pizza (1 slice),200 g,325,13.0g,35.0g,14.5g,2.0g,610mg
Poha,100 g,210,4.5g,38.0g,5.0g,3.5g,320mg
Dal Makhani,500 g,320,12.0g,28.0g,18.0g,6.0g,480mg
Capsicum (Green),50 ml,20,0.9g,4.6g,0.2g,1.7g,3mg
Paneer Paratha,100 g,400,12.0g,48.0g,18.0g,3.5g,420mg
Prawn Dim Sums,100 g,230,13.0g,28.0g,8.0g,1.0g,440mg
Guava,200 g,68,2.6g,14.3g,1.0g,5.4g,2mg
Aloo Chaat,100 ml,220,4.0g,36.0g,7.0g,4.0g,380mg
McFlurry Oreo,50 ml,340,7.0g,48.0g,13.0g,1.0g,140mg
Malai Paneer Tikka,200 ml,420,15.0g,14.0g,34.0g,1.5g,560mg
Medu Vada,150 ml,270,6.5g,30.0g,14.0g,3.5g,480mg
Malai Tikka (6 pcs),200 ml,460,38.0g,8.0g,30.0g,0.5g,640mg
Capsicum (Yellow),50 ml,27,1.0g,6.3g,0.2g,1.8g,3mg
Mac and Cheese,150 ml,410,14.0g,48.0g,18.0g,1.5g,560mg
Milk (Buffalo),200 g,180,7.6g,10.0g,13.0g,0g,130mg
Garlic Noodles,500 g,350,7.5g,52.0g,12.0g,2.5g,760mg
Mutton Korma,100 g,540,26.0g,14.0g,43.0g,1.0g,640mg
Sourdough (2 slices),500 g,180,6.0g,34.0g,1.5g,1.5g,340mg
Avocado,100 g,160,2.0g,8.5g,14.7g,6.7g,7mg
Peanuts (Raw),100 g,160,7.0g,5.0g,14.0g,2.5g,5mg
Tofu Palak,200 g,300,16.0g,12.0g,22.0g,4.5g,510mg
Sweet Potato,100 g,86,1.6g,20.1g,0.1g,3.0g,55mg
Grilled Veg Sandwich,50 ml,290,9.0g,40.0g,10.0g,4.5g,460mg
Chicken Vindaloo,50 ml,420,24.0g,12.0g,30.0g,1.5g,820mg
Kiwi,200 ml,61,1.1g,14.7g,0.5g,3.0g,3mg
Persimmon,200 ml,70,0.6g,18.6g,0.2g,3.6g,1mg
Parle Biscuit (2 pcs),100 g,80,1.0g,12.0g,3.0g,0.3g,40mg
McSpicy Chicken Burger,50 ml,510,22.0g,46.0g,27.0g,2.0g,890mg
Veg Noodles,200 ml,320,8.0g,52.0g,8.5g,3.0g,680mg
Muffin (Blueberry),300 g,240,3.5g,36.0g,9.0g,1.5g,180mg
Bhindi Masala,150 ml,160,3.0g,14.0g,10.0g,4.5g,380mg
Sweet Corn Soup,200 g,110,3.5g,18.0g,3.0g,1.5g,520mg
Pav (Ladi Pav 1 pc),300 g,110,3.0g,20.0g,1.5g,1.0g,160mg
Lobia,150 g,240,12.0g,36.0g,6.0g,8.5g,430mg
Deluxe Veggie (1 slice),300 g,295,10.5g,36.0g,12.0g,2.8g,590mg
Multigrain Bread (2 slices),100 ml,150,6.5g,25.0g,2.5g,3.5g,270mg
Dabeli,200 g,280,6.0g,42.0g,9.0g,3.5g,490mg
Parle Biscuit (2 pcs),300 g,80,1.0g,12.0g,3.0g,0.3g,40mg
Parle Biscuit (2 pcs),100 ml,80,1.0g,12.0g,3.0g,0.3g,40mg
Dal Fry,200 g,230,9.5g,26.0g,10.0g,5.5g,490mg
Focaccia,200 ml,230,6.5g,38.0g,6.0g,2.0g,370mg
Chicken Lollipop (4 pcs),200 ml,480,28.0g,22.0g,32.0g,1.0g,850mg
Beetroot,100 ml,43,1.6g,9.6g,0.2g,2.8g,78mg
Hung Curd,500 g,120,11.0g,5.0g,6.5g,0g,50mg
Cucumber Sandwich,200 g,180,5.0g,30.0g,4.5g,3.0g,310mg
Egg Bhurji,300 g,210,14.0g,4.0g,15.0g,0.5g,420mg
Seekh Kabab (4 pcs),150 g,340,24.0g,8.0g,24.0g,2.0g,520mg
Spinach,500 g,23,2.9g,3.6g,0.4g,2.2g,79mg
Chicken Fried Rice,50 ml,460,20.0g,58.0g,16.0g,1.5g,780mg
Sambar Vada,250 g,310,7.5g,38.0g,14.0g,4.0g,520mg
Cream Crackers (2 pcs),50 ml,75,1.2g,10.0g,3.0g,0.5g,70mg
Custard Apple,100 g,101,2.1g,23.5g,0.6g,2.4g,4mg
Gobi Manchurian (Gravy),300 g,350,5.5g,38.0g,19.0g,4.5g,720mg
Hazelnuts,200 g,176,4.5g,5.0g,17.0g,3.0g,0mg
Chole Bhature,150 ml,580,15.0g,78.0g,24.0g,8.0g,890mg
Chikki (Peanut Brittle),500 g,140,4.0g,18.0g,6.0g,1.5g,15mg
Brownie (1 piece),200 g,220,2.5g,28.0g,11.0g,1.0g,100mg
Aloo Chaat,300 g,220,4.0g,36.0g,7.0g,4.0g,380mg
Peach,250 g,51,1.2g,12.4g,0.3g,2.0g,0mg
Cabbage,100 ml,25,1.3g,5.8g,0.1g,2.5g,18mg
Poha,150 ml,210,4.5g,38.0g,5.0g,3.5g,320mg
Schezwan Noodles,250 g,380,8.0g,56.0g,13.0g,3.5g,880mg
Muffin (Chocolate),500 g,250,4.0g,34.0g,11.0g,1.5g,190mg
Aloo Matar,200 g,190,4.5g,20.0g,10.0g,4.0g,410mg
Milk (Buffalo),300 g,180,7.6g,10.0g,13.0g,0g,130mg
Ridge Gourd,300 g,17,0.8g,3.8g,0.2g,1.2g,3mg
Dal Baati Churma,250 g,650,18.0g,88.0g,24.0g,10.0g,580mg
Bhindi Masala,500 g,160,3.0g,14.0g,10.0g,4.5g,380mg
Cottage Cheese (Paneer),300 g,265,18.0g,6.0g,18.0g,0g,150mg
Tofu Tikka Masala,150 ml,370,16.0g,16.0g,28.0g,3.5g,620mg
Digestive Biscuit (2 pcs),200 g,95,1.5g,13.0g,4.0g,1.0g,60mg
Muskmelon,300 g,51,1.3g,12.0g,0.3g,1.1g,16mg
Mutton Curry,200 ml,500,27.0g,9.0g,40.0g,1.0g,660mg
Milk (Full Fat),100 g,124,6.4g,9.6g,7.0g,0g,100mg
Jalebi (2 pcs),200 g,180,2.0g,30.0g,6.0g,0.5g,40mg
Macaron (1 pc),50 ml,90,1.5g,12.0g,4.0g,0.2g,15mg
Cashews (Kaju),50 ml,160,5.2g,9.0g,12.0g,1.0g,5mg
Mix Veg,250 g,150,4.0g,18.0g,7.0g,4.5g,390mg
Plum,150 g,30,0.5g,7.5g,0.2g,0.9g,0mg
Mysore Pak (1 pc),300 g,130,2.0g,16.0g,6.5g,0.2g,15mg
Gajar Ka Halwa,250 g,260,4.0g,38.0g,10.0g,2.5g,50mg
Carrot,150 ml,41,0.9g,9.6g,0.2g,2.8g,69mg
Tofu Korma,300 g,340,14.0g,20.0g,24.0g,3.0g,540mg
Blackberries,100 g,43,1.4g,10.0g,0.5g,5.3g,1mg
McSpicy Chicken Burger,200 g,510,22.0g,46.0g,27.0g,2.0g,890mg
Persimmon,150 g,70,0.6g,18.6g,0.2g,3.6g,1mg
Dal Tadka,150 ml,210,9.0g,24.0g,9.0g,5.0g,460mg
Bagel,50 ml,190,7.0g,36.0g,1.5g,2.0g,280mg
Egg Masala,500 g,310,13.0g,12.0g,23.0g,1.5g,520mg
Aloo Gobi,500 g,170,4.0g,20.0g,8.0g,4.0g,350mg
Apricots (Dried),150 ml,70,1.0g,18.0g,0.1g,2.0g,2mg
Dahi (Curd),250 g,70,3.5g,5.0g,4.0g,0g,45mg
Guava,300 g,68,2.6g,14.3g,1.0g,5.4g,2mg
Maharaja Mac Chicken,50 ml,580,28.0g,52.0g,30.0g,3.0g,980mg
Paneer Sandwich,200 ml,340,12.0g,36.0g,16.0g,2.0g,520mg
Kadai Paneer,100 g,420,12.5g,15.0g,34.0g,3.0g,610mg
Tofu (Soft),250 g,70,7.0g,2.0g,4.0g,0.5g,8mg
Cheese N Corn Pizza (1 slice),200 g,290,10.0g,34.0g,13.0g,2.0g,550mg
Yogurt (Plain),150 ml,61,3.5g,4.7g,3.3g,0g,40mg
Maharaja Mac Veg,100 g,520,16.0g,54.0g,27.0g,4.0g,920mg
Seekh Kabab (4 pcs),150 ml,340,24.0g,8.0g,24.0g,2.0g,520mg
Oreo (2 pcs),100 g,110,1.0g,16.0g,5.0g,0.5g,75mg
Cream Crackers (2 pcs),200 ml,75,1.2g,10.0g,3.0g,0.5g,70mg
Greek Yogurt,150 ml,100,10.0g,4.0g,5.0g,0g,35mg
Misal Pav,200 g,380,14.0g,48.0g,16.0g,7.0g,720mg
Orange,150 g,62,1.2g,15.4g,0.2g,3.1g,0mg
Tofu Bhurji,50 ml,260,18.0g,10.0g,17.0g,2.5g,490mg
Red Velvet Cake (1 slice),250 g,320,4.5g,42.0g,15.0g,1.0g,220mg
Gatte ki Sabzi,50 ml,260,8.0g,20.0g,16.0g,4.0g,520mg
Afghani Chaap,150 g,420,24.0g,16.0g,30.0g,3.5g,540mg
Garlic Noodles,250 g,350,7.5g,52.0g,12.0g,2.5g,760mg
Pani Puri (6 pieces),150 g,180,3.2g,32.0g,4.8g,2.0g,290mg
Dahi (Curd),50 ml,70,3.5g,5.0g,4.0g,0g,45mg
Raspberries,50 ml,52,1.2g,12.0g,0.7g,6.5g,1mg
Zucchini,150 g,17,1.2g,3.1g,0.3g,1.0g,8mg
Tamarind Rice,500 g,280,4.5g,52.0g,5.0g,2.5g,510mg
Muffin (Blueberry),250 g,240,3.5g,36.0g,9.0g,1.5g,180mg
Carrot,50 ml,41,0.9g,9.6g,0.2g,2.8g,69mg
Oat Milk,150 ml,90,3.0g,14.0g,3.0g,1.5g,100mg
Dates (Khajoor),200 ml,90,0.8g,24.0g,0.2g,2.0g,1mg
Pumpkin,250 g,26,1.0g,6.5g,0.1g,0.5g,1mg
Dabeli,500 g,280,6.0g,42.0g,9.0g,3.5g,490mg
Coconut Rice,150 ml,340,4.0g,44.0g,17.0g,3.0g,280mg
Almonds (Badam),300 g,173,6.0g,6.0g,15.0g,3.5g,0mg
Mozzarella Cheese,300 g,85,6.0g,1.0g,6.0g,0g,140mg
Veg Biryani,500 g,450,10.0g,72.0g,13.0g,5.0g,720mg
Almond Milk,200 g,60,2.0g,8.0g,2.5g,1.0g,150mg
Paneer Tikka Pizza (1 slice),50 ml,325,13.0g,35.0g,14.5g,2.0g,610mg
Garlic Noodles,150 g,350,7.5g,52.0g,12.0g,2.5g,760mg
Peach,200 ml,51,1.2g,12.4g,0.3g,2.0g,0mg
Tofu (Firm),500 g,145,15.0g,4.0g,8.0g,2.0g,10mg
Dal Baati Churma,100 g,650,18.0g,88.0g,24.0g,10.0g,580mg
Apricots (Dried),250 g,70,1.0g,18.0g,0.1g,2.0g,2mg
Cauliflower,150 g,25,1.9g,5.0g,0.3g,2.0g,30mg
Almonds (Badam),150 g,173,6.0g,6.0g,15.0g,3.5g,0mg
Butter (1 tbsp),150 g,102,0.1g,0g,11.5g,0g,1mg
Maharaja Mac Veg,150 ml,520,16.0g,54.0g,27.0g,4.0g,920mg
Sarson ka Saag,250 g,220,7.0g,12.0g,16.0g,5.5g,480mg
Pedha (2 pcs),150 ml,130,3.0g,18.0g,5.5g,0g,35mg
Patra,50 ml,170,3.0g,28.0g,5.5g,3.0g,410mg
Potato,100 g,77,2.0g,17.5g,0.1g,2.2g,6mg
Corn (Sweet),150 ml,86,3.3g,19.0g,1.2g,2.7g,15mg
Star Fruit,200 g,28,0.9g,6.0g,0.3g,2.5g,2mg
Khandvi (4 pcs),500 g,150,5.0g,24.0g,4.0g,2.0g,380mg
French Fries (Medium),50 ml,320,4.5g,41.0g,15.5g,3.5g,190mg
Ragda Pattice,500 g,310,8.0g,48.0g,10.0g,6.0g,540mg
Egg Fried Rice,300 g,420,14.0g,60.0g,13.0g,2.0g,750mg
French Fries (Medium),50 ml,320,4.5g,41.0g,15.5g,3.5g,190mg
Veg Korma,150 ml,340,7.0g,24.0g,25.0g,4.0g,480mg
Deluxe Veggie (1 slice),500 g,295,10.5g,36.0g,12.0g,2.8g,590mg
Flavored Yogurt (Strawberry),250 g,110,3.0g,18.0g,2.5g,0g,40mg
Bataka Vada,150 g,290,6.0g,38.0g,12.0g,3.0g,480mg
Chicken Spring Roll,150 ml,270,12.0g,28.0g,12.0g,2.0g,490mg
Kadhi Pakora,300 g,300,10.0g,28.0g,16.0g,3.0g,580mg
Chicken Chettinad,50 ml,400,26.0g,10.0g,29.0g,2.0g,710mg
Cheesecake (1 slice),200 g,350,7.0g,30.0g,22.0g,0.5g,280mg
White Bread (2 slices),250 g,160,5.0g,28.0g,2.5g,1.0g,300mg
Hide & Seek (2 pcs),100 g,105,1.5g,14.0g,5.0g,0.5g,35mg
Masala Dosa,200 ml,315,8.2g,48.5g,9.8g,4.2g,580mg
Veg Noodle Soup,100 g,120,4.0g,18.0g,3.5g,2.0g,580mg
Éclair,100 ml,240,4.0g,26.0g,13.0g,0.5g,170mg
McSpicy Paneer Burger,100 g,470,14.0g,48.0g,24.0g,2.5g,820mg
Papaya,100 ml,59,0.7g,15.0g,0.2g,2.5g,2mg
French Toast,300 g,310,9.0g,32.0g,16.0g,1.0g,350mg
Cranberries,150 g,46,0.4g,12.0g,0.1g,4.6g,2mg
Garlic Fried Rice,100 ml,420,8.5g,60.0g,14.0g,2.5g,810mg
Persimmon,150 g,70,0.6g,18.6g,0.2g,3.6g,1mg
Rasgulla (2 pcs),250 g,150,4.0g,28.0g,2.5g,0g,35mg
Macadamia Nuts,150 g,215,2.5g,4.0g,22.5g,2.5g,1mg
Handvo,50 ml,210,7.0g,32.0g,7.0g,4.0g,390mg
Tangdi Kabab (2 pcs),100 g,440,38.0g,5.0g,29.0g,0.5g,680mg
Veg Noodle Soup,100 g,120,4.0g,18.0g,3.5g,2.0g,580mg
Ragi Mudde,300 g,180,5.0g,38.0g,1.5g,4.5g,10mg
Motichoor Laddu,200 g,145,3.0g,18.0g,7.0g,0.8g,22mg
Chilli Tofu,150 ml,340,14.0g,26.0g,20.0g,3.0g,680mg
Hazelnuts,100 ml,176,4.5g,5.0g,17.0g,3.0g,0mg
Chicken McNuggets (6 pcs),200 g,270,15.0g,16.0g,16.0g,1.0g,500mg
Hara Bhara Kabab (4 pcs),200 ml,220,6.0g,28.0g,10.0g,4.5g,380mg
Dal Baati Churma,150 ml,650,18.0g,88.0g,24.0g,10.0g,580mg
Ciabatta,250 g,210,7.0g,40.0g,3.0g,2.0g,350mg
Malai Tikka (6 pcs),250 g,460,38.0g,8.0g,30.0g,0.5g,640mg
Cucumber,250 g,15,0.7g,3.6g,0.1g,0.5g,2mg
Mac and Cheese,500 g,410,14.0g,48.0g,18.0g,1.5g,560mg
Zucchini,500 g,17,1.2g,3.1g,0.3g,1.0g,8mg
Thatte Idli,200 g,200,5.5g,36.0g,4.5g,2.5g,360mg
Mango,50 ml,90,1.4g,22.0g,0.5g,2.6g,1mg
Chicken Pasta,150 ml,420,22.0g,48.0g,16.0g,2.5g,590mg
Bhindi Masala,150 g,160,3.0g,14.0g,10.0g,4.5g,380mg
McVeggie Burger,300 g,380,9.0g,46.0g,17.0g,3.0g,680mg
Akki Roti,150 ml,220,5.0g,40.0g,4.5g,3.0g,290mg
Cheesecake (1 slice),200 g,350,7.0g,30.0g,22.0g,0.5g,280mg
Tofu Matar,300 g,280,15.0g,18.0g,16.0g,4.0g,480mg
Chikki (Peanut Brittle),200 g,140,4.0g,18.0g,6.0g,1.5g,15mg
Muskmelon,200 g,51,1.3g,12.0g,0.3g,1.1g,16mg
McVeggie Burger,200 g,380,9.0g,46.0g,17.0g,3.0g,680mg
Lettuce,200 g,15,1.4g,2.9g,0.2g,1.3g,28mg
Hash Brown,150 g,150,1.5g,16.0g,9.0g,1.5g,280mg
Chicken Biryani,200 g,520,28.0g,65.0g,18.0g,2.0g,890mg
French Fries (Large),150 g,430,6.0g,55.0g,21.0g,4.5g,260mg
Pistachios (Pista),150 g,160,5.8g,8.0g,12.5g,3.0g,1mg
Tofu Korma,250 g,340,14.0g,20.0g,24.0g,3.0g,540mg
Milk (Full Fat),100 g,124,6.4g,9.6g,7.0g,0g,100mg
Glucose Biscuit (2 pcs),100 ml,85,1.0g,14.0g,2.5g,0.3g,50mg
Jowar Roti,500 g,200,6.0g,36.0g,3.5g,4.5g,220mg
Curd Rice,250 g,220,6.0g,38.0g,4.5g,2.0g,310mg
Flavored Yogurt (Strawberry),300 g,110,3.0g,18.0g,2.5g,0g,40mg
Bataka Vada,250 g,290,6.0g,38.0g,12.0g,3.0g,480mg
Pani Puri (6 pieces),100 ml,180,3.2g,32.0g,4.8g,2.0g,290mg
Reshmi Kabab (4 pcs),150 g,400,28.0g,6.0g,29.0g,0.5g,560mg
Kanda Bhaji,500 g,280,4.0g,32.0g,15.0g,3.0g,460mg
Veg Noodle Soup,50 ml,120,4.0g,18.0g,3.5g,2.0g,580mg
Chicken Spring Roll,50 ml,270,12.0g,28.0g,12.0g,2.0g,490mg
Veg Noodle Soup,500 g,120,4.0g,18.0g,3.5g,2.0g,580mg
Kesari Bath,300 g,350,3.0g,62.0g,10.0g,1.0g,15mg
Mysore Pak (1 pc),150 ml,130,2.0g,16.0g,6.5g,0.2g,15mg
Chicken Tikka Masala,50 ml,460,28.0g,14.0g,32.0g,1.5g,780mg
Pongal,100 ml,340,8.0g,58.0g,8.5g,3.0g,420mg
Muskmelon,150 g,51,1.3g,12.0g,0.3g,1.1g,16mg
Strawberries,200 ml,32,0.7g,7.7g,0.3g,2.0g,1mg
Aloo Chaat,150 ml,220,4.0g,36.0g,7.0g,4.0g,380mg
Cheese Garlic Bread,50 ml,310,11.0g,34.0g,15.0g,2.0g,520mg
Chole Bhature,250 g,580,15.0g,78.0g,24.0g,8.0g,890mg
BLT Sandwich,150 ml,430,18.0g,36.0g,24.0g,2.5g,760mg
Kadai Chicken,150 ml,420,27.0g,12.0g,30.0g,1.5g,690mg
Ragi Mudde,150 g,180,5.0g,38.0g,1.5g,4.5g,10mg
Ghee Rice,150 g,320,4.0g,50.0g,11.0g,1.0g,310mg
Veg Korma,500 g,340,7.0g,24.0g,25.0g,4.0g,480mg
Tofu Tikka Masala,200 ml,370,16.0g,16.0g,28.0g,3.5g,620mg
Buttermilk (Chaas),500 g,50,2.5g,6.0g,2.0g,0g,180mg
Schezwan Noodles,150 ml,380,8.0g,56.0g,13.0g,3.5g,880mg
Veg Pulao,200 ml,280,6.0g,52.0g,5.5g,3.0g,410mg
Schezwan Fried Rice,150 ml,440,9.0g,64.0g,15.0g,3.5g,890mg
Akki Roti,500 g,220,5.0g,40.0g,4.5g,3.0g,290mg
Dahi Bhalla,50 ml,270,6.0g,38.0g,10.0g,3.0g,440mg
Sweet Corn Soup,100 g,110,3.5g,18.0g,3.0g,1.5g,520mg
Passion Fruit,200 g,17,0.4g,4.2g,0.1g,1.8g,5mg
Kesari Bath,100 ml,350,3.0g,62.0g,10.0g,1.0g,15mg
Onion Dosa,50 ml,310,6.5g,44.0g,11.5g,2.5g,490mg
Mooli Paratha,500 g,310,8.5g,45.0g,11.0g,4.5g,360mg
Sweet Potato,300 g,86,1.6g,20.1g,0.1g,3.0g,55mg
Hash Brown,250 g,150,1.5g,16.0g,9.0g,1.5g,280mg
Cauliflower,50 ml,25,1.9g,5.0g,0.3g,2.0g,30mg
Brown Bread (2 slices),250 g,140,6.0g,24.0g,2.0g,3.0g,280mg
Bread Roll,100 ml,140,4.0g,25.0g,2.5g,1.2g,190mg
Hazelnuts,200 g,176,4.5g,5.0g,17.0g,3.0g,0mg
Fruit Chaat,200 ml,130,2.0g,30.0g,1.0g,3.5g,40mg
Peanut Butter (1 tbsp),200 g,95,4.0g,3.5g,8.0g,1.0g,65mg
Semiya Upma,200 ml,240,5.0g,42.0g,5.5g,2.5g,410mg
Gajar Ka Halwa,100 ml,260,4.0g,38.0g,10.0g,2.5g,50mg
Red Velvet Cake (1 slice),200 g,320,4.5g,42.0g,15.0g,1.0g,220mg
McFlurry KitKat,250 g,350,7.5g,49.0g,14.0g,1.0g,150mg
Mint Rice,50 ml,290,5.5g,48.0g,7.5g,3.0g,460mg
Shami Kabab (4 pcs) - Spicy,500 g,380,22.0g,16.0g,25.0g,2.0g,540mg
Rava Dosa - Street Style,200 ml,290,6.0g,42.0g,10.0g,2.0g,510mg
Prawn Malai Curry - Extra Cheese,300 g,420,22.0g,10.0g,32.0g,0.5g,560mg
Soan Papdi (2 pcs) - Mild,300 g,100,1.5g,12.0g,5.5g,0.2g,10mg
Chole Bhature - Restaurant Style,200 g,580,15.0g,78.0g,24.0g,8.0g,890mg
Pomegranate - Street Style,250 g,83,1.7g,18.7g,1.2g,4.0g,3mg
Oreo (2 pcs),100 ml,110,1.0g,16.0g,5.0g,0.5g,75mg
Malai Tikka (6 pcs) - Home Style,150 g,460,38.0g,8.0g,30.0g,0.5g,640mg
Sabudana Khichdi,250 g,250,3.5g,48.0g,5.0g,2.0g,280mg
Pesto Pasta - Extra Cheese,150 g,400,10.0g,44.0g,21.0g,4.0g,360mg
Multigrain Bread (2 slices) - Spicy,50 ml,150,6.5g,25.0g,2.5g,3.5g,270mg
Chicken McNuggets (6 pcs) - Restaurant Style,100 g,270,15.0g,16.0g,16.0g,1.0g,500mg
McChicken Burger - Street Style,50 ml,450,16.0g,44.0g,22.0g,2.0g,780mg
Brazil Nuts - Street Style,100 ml,195,4.0g,3.5g,19.5g,2.0g,1mg
Greek Yogurt - Street Style,200 g,100,10.0g,4.0g,5.0g,0g,35mg
Aloo Chaat - Street Style,100 g,220,4.0g,36.0g,7.0g,4.0g,380mg
Kadhi Pakora - Spicy,50 ml,300,10.0g,28.0g,16.0g,3.0g,580mg
Milk (Buffalo) - Extra Cheese,250 g,180,7.6g,10.0g,13.0g,0g,130mg
Paneer Lababdar - Home Style,100 ml,480,14.0g,15.0g,40.0g,2.0g,620mg
Tuna Sandwich - Spicy,500 g,380,22.0g,34.0g,18.0g,2.0g,620mg
McFlurry KitKat - Mild,150 g,350,7.5g,49.0g,14.0g,1.0g,150mg
Dates (Khajoor) - Extra Cheese,100 ml,90,0.8g,24.0g,0.2g,2.0g,1mg
Mysore Pak (1 pc) - Spicy,250 g,130,2.0g,16.0g,6.5g,0.2g,15mg
Bread Omlette - Mild,250 g,290,12.0g,28.0g,15.0g,2.0g,480mg
Dabeli - Restaurant Style,200 ml,280,6.0g,42.0g,9.0g,3.5g,490mg
Black Forest Cake (1 slice) - Extra Cheese,50 ml,330,4.0g,44.0g,15.5g,1.0g,210mg
Kanda Bhaji - Spicy,500 g,280,4.0g,32.0g,15.0g,3.0g,460mg
Chicken Noodles - Home Style,150 g,440,22.0g,50.0g,17.0g,2.0g,820mg
Onion Dosa - Mild,200 ml,310,6.5g,44.0g,11.5g,2.5g,490mg
Chole Bhature - Extra Cheese,150 g,580,15.0g,78.0g,24.0g,8.0g,890mg
Chicken Biryani,200 ml,520,28.0g,65.0g,18.0g,2.0g,890mg
Chocolate Chip Cookie ,50 ml,120,1.5g,16.0g,6.0g,0.5g,50mg
French Beans - Mild,300 g,31,1.8g,7.0g,0.1g,3.4g,6mg
Thatte Idli,100 ml,200,5.5g,36.0g,4.5g,2.5g,360mg
Laddu (1 pc) - Restaurant Style,150 ml,150,3.5g,18.0g,7.5g,1.0g,20mg
Tofu Palak - Mild,200 ml,300,16.0g,12.0g,22.0g,4.5g,510mg
Tangdi Kabab (2 pcs) - Home Style,200 g,440,38.0g,5.0g,29.0g,0.5g,680mg
Ragi Mudde - Street Style,500 g,180,5.0g,38.0g,1.5g,4.5g,10mg
Okra (Bhindi) - Home Style,250 g,33,1.9g,7.5g,0.2g,3.2g,7mg
Paneer Tikka Masala - Spicy,500 g,460,15.0g,16.0g,38.0g,2.5g,680mg
Hakka Noodles - Extra Cheese,50 ml,340,7.5g,54.0g,10.0g,2.5g,720mg
Flavored Yogurt (Strawberry) - Street Style,200 g,110,3.0g,18.0g,2.5g,0g,40mg
Macaron (1 pc) - Mild,200 g,90,1.5g,12.0g,4.0g,0.2g,15mg
Palak Dal - Restaurant Style,50 ml,220,10.0g,22.0g,10.0g,5.0g,460mg
Pumpkin - Extra Cheese,500 g,26,1.0g,6.5g,0.1g,0.5g,1mg
Mushroom Pulao - Street Style,250 g,300,7.0g,50.0g,8.0g,3.5g,440mg
Veg Pasta - Extra Cheese,500 g,330,9.0g,50.0g,10.0g,3.5g,460mg
Drumstick,300 g,64,2.1g,8.5g,0.2g,3.2g,8mg
Chicken Dim Sums - Extra Cheese,150 g,240,14.0g,28.0g,8.0g,1.5g,420mg
Brownie (1 piece),150 g,220,2.5g,28.0g,11.0g,1.0g,100mg
Bread Omlette ,200 g,290,12.0g,28.0g,15.0g,2.0g,480mg
Ragda Pattice - Extra Cheese,150 ml,310,8.0g,48.0g,10.0g,6.0g,540mg
Bread Omlette,250 g,290,12.0g,28.0g,15.0g,2.0g,480mg
Jalebi Fafda ,200 g,380,7.0g,50.0g,17.0g,2.5g,520mg
Prawn Dim Sums - Home Style,100 g,230,13.0g,28.0g,8.0g,1.0g,440mg
Tofu Butter Masala,50 ml,400,14.0g,14.0g,32.0g,3.5g,590mg
Sabudana Vada ,100 ml,230,4.0g,38.0g,7.0g,2.5g,340mg
Drumstick,500 g,64,2.1g,8.5g,0.2g,3.2g,8mg
Tangdi Kabab (2 pcs) - Extra Cheese,200 ml,440,38.0g,5.0g,29.0g,0.5g,680mg
Egg Curry - Street Style,250 g,290,12.0g,10.0g,22.0g,1.5g,490mg
Dahi Vada,200 ml,290,7.0g,38.0g,12.0g,3.0g,420mg
Khakhra (1 pc) - Home Style,150 ml,70,2.0g,10.0g,2.5g,1.5g,80mg
Jam (1 tbsp) - Home Style,50 ml,55,0.1g,14.0g,0g,0.2g,2mg
Pear - Home Style,200 g,81,0.6g,21.5g,0.2g,4.6g,1mg
Dal Baati Churma - Spicy,300 g,650,18.0g,88.0g,24.0g,10.0g,580mg
Milk (Toned),100 ml,100,6.6g,9.8g,4.4g,0g,110mg
Flax Seeds (Alsi) - Extra Cheese,200 ml,75,2.5g,4.0g,6.0g,4.0g,2mg
Pav Bhaji - Home Style,250 g,380,9.0g,52.0g,16.0g,7.0g,620mg
Honey (1 tbsp) - Restaurant Style,100 g,64,0.1g,17.3g,0g,0g,1mg
Bottle Gourd - Extra Cheese,150 ml,14,0.6g,3.4g,0.1g,0.6g,2mg
Cream Crackers (2 pcs) - Street Style,250 g,75,1.2g,10.0g,3.0g,0.5g,70mg
Veg Biryani - Extra Cheese,500 g,450,10.0g,72.0g,13.0g,5.0g,720mg
Galouti Kabab (4 pcs) - Mild,100 ml,420,18.0g,14.0g,32.0g,1.5g,480mg
Rajma Masala - Extra Cheese,50 ml,260,12.0g,32.0g,9.0g,8.0g,490mg
Kadhi Pakora,300 g,300,10.0g,28.0g,16.0g,3.0g,580mg
Cheddar Cheese - Street Style,50 ml,120,7.0g,0.5g,10.0g,0g,180mg
Rye Bread (2 slices) - Street Style,200 g,150,5.5g,28.0g,2.0g,4.0g,310mg
Chole Bhature - Street Style,150 g,580,15.0g,78.0g,24.0g,8.0g,890mg
Tofu Matar - Restaurant Style,200 g,280,15.0g,18.0g,16.0g,4.0g,480mg
Rajma Masala - Restaurant Style,250 g,260,12.0g,32.0g,9.0g,8.0g,490mg
Veg McNuggets (6 pcs) - Street Style,200 ml,230,8.0g,22.0g,12.0g,2.5g,440mg
Poha Jalebi - Home Style,500 g,380,5.0g,62.0g,13.0g,2.5g,360mg
Bhatura ,150 g,320,7.0g,42.0g,14.0g,2.0g,410mg
Fafda - Home Style,100 g,220,5.0g,28.0g,10.0g,2.0g,480mg
Capsicum (Green) - Extra Cheese,500 g,20,0.9g,4.6g,0.2g,1.7g,3mg
Brownie (1 piece) - Extra Cheese,150 ml,220,2.5g,28.0g,11.0g,1.0g,100mg
Raj Kachori,150 g,350,7.0g,48.0g,15.0g,4.5g,520mg
Kanda Bhaji - Restaurant Style,100 g,280,4.0g,32.0g,15.0g,3.0g,460mg
Milk Biscuit (2 pcs) - Street Style,150 ml,85,1.5g,12.0g,3.5g,0.3g,45mg
Cheese Pizza (1 slice),200 ml,300,11.5g,35.0g,13.0g,1.8g,560mg
Lobia - Restaurant Style,500 g,240,12.0g,36.0g,6.0g,8.5g,430mg
Bataka Vada - Restaurant Style,200 g,290,6.0g,38.0g,12.0g,3.0g,480mg
Chicken Spring Roll - Street Style,200 g,270,12.0g,28.0g,12.0g,2.0g,490mg
Singapore Noodles,200 g,370,9.0g,54.0g,12.5g,3.0g,740mg
Oreo (2 pcs),500 g,110,1.0g,16.0g,5.0g,0.5g,75mg
Red Velvet Cake (1 slice) - Street Style,150 g,320,4.5g,42.0g,15.0g,1.0g,220mg
Sweet Potato - Home Style,500 g,86,1.6g,20.1g,0.1g,3.0g,55mg
Veg McNuggets (6 pcs),150 g,230,8.0g,22.0g,12.0g,2.5g,440mg
Blackberries - Restaurant Style,300 g,43,1.4g,10.0g,0.5g,5.3g,1mg
Blueberries - Home Style,200 g,57,0.7g,14.5g,0.3g,2.4g,1mg
Tangdi Kabab (2 pcs) - Extra Cheese,150 ml,440,38.0g,5.0g,29.0g,0.5g,680mg
Egg Masala - Mild,100 ml,310,13.0g,12.0g,23.0g,1.5g,520mg
Celery - Home Style,100 ml,16,0.7g,3.0g,0.2g,1.6g,80mg
Gujarati Dal - Home Style,250 g,200,8.0g,28.0g,6.0g,5.0g,440mg
Bread Omlette - Extra Cheese,200 ml,290,12.0g,28.0g,15.0g,2.0g,480mg
Lychee - Mild,200 g,66,0.8g,16.5g,0.4g,1.3g,1mg
Afghani Chaap - Street Style,100 ml,420,24.0g,16.0g,30.0g,3.5g,540mg
Cranberries,300 g,46,0.4g,12.0g,0.1g,4.6g,2mg
Mysore Pak (1 pc) - Restaurant Style,300 g,130,2.0g,16.0g,6.5g,0.2g,15mg
Jackfruit - Restaurant Style,150 ml,95,1.7g,23.3g,0.6g,1.5g,2mg
Mutton Biryani - Street Style,500 g,580,32.0g,62.0g,22.0g,1.5g,920mg
Marie Biscuit (4 pcs),100 ml,90,1.5g,14.0g,3.0g,0.5g,60mg
Undhiyu - Restaurant Style,150 g,280,6.0g,32.0g,14.0g,8.0g,440mg
Oats Porridge - Street Style,300 g,160,6.0g,28.0g,3.0g,4.0g,40mg
Beetroot,500 g,43,1.6g,9.6g,0.2g,2.8g,78mg
Chicken Dim Sums - Street Style,100 ml,240,14.0g,28.0g,8.0g,1.5g,420mg
Panchmel Dal ,150 g,240,10.0g,27.0g,10.5g,5.5g,470mg
Nutella (1 tbsp) ,200 ml,100,1.2g,11.0g,5.5g,0.5g,8mg
Cantaloupe - Restaurant Style,100 g,34,0.8g,8.2g,0.2g,0.9g,16mg
Shami Kabab (4 pcs) - Street Style,200 ml,380,22.0g,16.0g,25.0g,2.0g,540mg
Dabeli - Mild,500 g,280,6.0g,42.0g,9.0g,3.5g,490mg
Soan Papdi (2 pcs) - Extra Cheese,50 ml,100,1.5g,12.0g,5.5g,0.2g,10mg
Hara Bhara Kabab (4 pcs) - Mild,150 ml,220,6.0g,28.0g,10.0g,4.5g,380mg
Panchmel Dal - Restaurant Style,200 g,240,10.0g,27.0g,10.5g,5.5g,470mg
Fish Curry - Extra Cheese,100 g,340,22.0g,10.0g,23.0g,1.5g,540mg
Mooli Paratha - Mild,300 g,310,8.5g,45.0g,11.0g,4.5g,360mg
Dahi (Curd) - Home Style,100 g,70,3.5g,5.0g,4.0g,0g,45mg
Soft Serve Cone - Home Style,200 g,150,3.5g,24.0g,4.5g,0g,80mg
Egg Masala - Restaurant Style,100 ml,310,13.0g,12.0g,23.0g,1.5g,520mg
Kala Chana - Home Style,200 g,250,13.0g,34.0g,7.0g,9.0g,450mg
Chicken Spring Roll - Mild,500 g,270,12.0g,28.0g,12.0g,2.0g,490mg
Gobi Paratha,200 g,320,9.0g,46.0g,11.0g,5.0g,350mg
Cheesecake (1 slice) - Street Style,50 ml,350,7.0g,30.0g,22.0g,0.5g,280mg
Tofu Korma - Extra Cheese,150 ml,340,14.0g,20.0g,24.0g,3.0g,540mg
Kanda Bhaji,200 ml,280,4.0g,32.0g,15.0g,3.0g,460mg
Flavored Yogurt (Strawberry) ,200 g,110,3.0g,18.0g,2.5g,0g,40mg
Bottle Gourd - Restaurant Style,200 ml,14,0.6g,3.4g,0.1g,0.6g,2mg
Pistachios (Pista) - Extra Cheese,150 g,160,5.8g,8.0g,12.5g,3.0g,1mg
Rajasthani Dal - Street Style,100 ml,250,10.5g,26.0g,11.0g,5.5g,510mg
Tofu Bhurji,150 g,260,18.0g,10.0g,17.0g,2.5g,490mg
Sweet Potato - Street Style,50 ml,86,1.6g,20.1g,0.1g,3.0g,55mg
Kheer - Street Style,150 ml,220,6.0g,36.0g,6.0g,0.5g,60mg
Cottage Cheese (Paneer) - Home Style,250 g,265,18.0g,6.0g,18.0g,0g,150mg
Milk (Full Fat) - Extra Cheese,50 ml,124,6.4g,9.6g,7.0g,0g,100mg
Fox Nuts (Makhana) - Mild,100 ml,110,4.5g,20.0g,1.5g,4.0g,8mg
Tomato Soup - Home Style,500 g,80,2.0g,14.0g,2.0g,1.5g,490mg
Aloo Matar - Restaurant Style,300 g,190,4.5g,20.0g,10.0g,4.0g,410mg
Matar Pulao - Restaurant Style,100 g,290,7.5g,52.0g,6.0g,3.5g,400mg
Oats Porridge - Home Style,300 g,160,6.0g,28.0g,3.0g,4.0g,40mg
Donut (Chocolate) - Home Style,200 g,300,5.0g,34.0g,16.0g,1.0g,240mg
Dal Baati Churma - Home Style,300 g,650,18.0g,88.0g,24.0g,10.0g,580mg
Plum - Mild,250 g,30,0.5g,7.5g,0.2g,0.9g,0mg
Chole Bhature - Mild,100 ml,580,15.0g,78.0g,24.0g,8.0g,890mg
Rasgulla (2 pcs),250 g,150,4.0g,28.0g,2.5g,0g,35mg
Gajar Ka Halwa - Extra Cheese,100 ml,260,4.0g,38.0g,10.0g,2.5g,50mg
Cluster Beans ,500 g,41,3.2g,7.7g,0.2g,3.5g,4mg
Mohanthal,300 g,240,5.0g,32.0g,11.0g,1.0g,30mg
Apricots (Dried),100 ml,70,1.0g,18.0g,0.1g,2.0g,2mg
Cluster Beans,100 ml,41,3.2g,7.7g,0.2g,3.5g,4mg
Mutton Rogan Josh - Home Style,250 g,520,28.0g,10.0g,42.0g,1.0g,680mg
Tomato Rice - Spicy,200 g,270,5.0g,50.0g,5.0g,2.5g,490mg
Vanilla Cake (1 slice),250 g,220,3.0g,32.0g,9.0g,0.5g,180mg
Okra (Bhindi),250 g,33,1.9g,7.5g,0.2g,3.2g,7mg
Bhatura - Home Style,100 g,320,7.0g,42.0g,14.0g,2.0g,410mg
Sabudana Vada - Mild,500 g,230,4.0g,38.0g,7.0g,2.5g,340mg
Raj Kachori - Home Style,500 g,350,7.0g,48.0g,15.0g,4.5g,520mg
Chicken Lollipop (4 pcs) - Extra Cheese,100 ml,480,28.0g,22.0g,32.0g,1.0g,850mg
Paper Dosa - Spicy,200 ml,350,7.0g,52.0g,12.0g,3.0g,530mg
Rajasthani Dal - Mild,150 ml,250,10.5g,26.0g,11.0g,5.5g,510mg
Chicken Pasta - Extra Cheese,200 g,420,22.0g,48.0g,16.0g,2.5g,590mg
Pecans - Street Style,250 g,200,2.5g,4.0g,21.0g,2.5g,0mg
Gobi Paratha - Street Style,150 g,320,9.0g,46.0g,11.0g,5.0g,350mg
Undhiyu - Street Style,500 g,280,6.0g,32.0g,14.0g,8.0g,440mg
French Fries (Medium) - Street Style,250 g,320,4.5g,41.0g,15.5g,3.5g,190mg
Pumpkin Seeds,200 g,160,8.0g,4.0g,13.5g,1.5g,5mg
Vada (2 pieces) - Spicy,250 g,250,6.0g,28.0g,13.0g,3.0g,450mg
Egg Noodles - Restaurant Style,100 ml,390,14.0g,52.0g,14.0g,2.0g,780mg
Kala Chana - Extra Cheese,150 ml,250,13.0g,34.0g,7.0g,9.0g,450mg
Gatte ki Sabzi - Home Style,100 ml,260,8.0g,20.0g,16.0g,4.0g,520mg
Sesame Seeds (Til),500 g,90,2.5g,4.0g,8.0g,1.5g,2mg
Matar Pulao - Extra Cheese,100 ml,290,7.5g,52.0g,6.0g,3.5g,400mg
Banana,50 ml,105,1.3g,27.0g,0.4g,3.1g,1mg
Okra (Bhindi),500 g,33,1.9g,7.5g,0.2g,3.2g,7mg
Fish Curry - Spicy,100 ml,340,22.0g,10.0g,23.0g,1.5g,540mg
Chicken Biryani - Extra Cheese,100 ml,520,28.0g,65.0g,18.0g,2.0g,890mg
White Bread (2 slices) ,150 g,160,5.0g,28.0g,2.5g,1.0g,300mg
Kachori (1 pc),500 g,260,5.0g,30.0g,13.0g,2.5g,340mg
Arrabbiata Pasta - Extra Cheese,200 ml,320,8.5g,52.0g,8.5g,4.5g,510mg
Medu Vada,200 g,270,6.5g,30.0g,14.0g,3.5g,480mg
Pav Bhaji - Street Style,250 g,380,9.0g,52.0g,16.0g,7.0g,620mg
Makki di Roti - Restaurant Style,250 g,240,6.5g,38.0g,7.0g,5.0g,260mg
Bitter Gourd - Mild,300 g,17,1.0g,3.7g,0.2g,2.8g,5mg
Kheer,150 g,220,6.0g,36.0g,6.0g,0.5g,60mg
Vada Pav - Mild,100 ml,290,6.5g,38.0g,12.5g,2.5g,520mg
Brown Bread (2 slices) - Restaurant Style,200 ml,140,6.0g,24.0g,2.0g,3.0g,280mg
Veg Extravaganza (1 slice) - Mild,50 ml,320,12.0g,38.0g,13.5g,3.0g,620mg
Chicken Spring Roll - Street Style,250 g,270,12.0g,28.0g,12.0g,2.0g,490mg
Banana - Home Style,150 g,105,1.3g,27.0g,0.4g,3.1g,1mg
Veg McNuggets (6 pcs),500 g,230,8.0g,22.0g,12.0g,2.5g,440mg
Plum - Home Style,200 ml,30,0.5g,7.5g,0.2g,0.9g,0mg
Capsicum (Green) - Home Style,250 g,20,0.9g,4.6g,0.2g,1.7g,3mg
Curd Rice - Street Style,300 g,220,6.0g,38.0g,4.5g,2.0g,310mg
Greek Yogurt,500 g,100,10.0g,4.0g,5.0g,0g,35mg
Star Fruit,50 ml,28,0.9g,6.0g,0.3g,2.5g,2mg
Butter Chicken - Extra Cheese,150 ml,485,22.4g,12.6g,38.2g,1.8g,720mg
Akki Roti,200 g,220,5.0g,40.0g,4.5g,3.0g,290mg
Butterscotch Cake (1 slice) - Restaurant Style,150 g,300,3.5g,40.0g,14.0g,0.5g,190mg
Kanda Bhaji - Home Style,250 g,280,4.0g,32.0g,15.0g,3.0g,460mg
Cauliflower - Street Style,150 g,25,1.9g,5.0g,0.3g,2.0g,30mg
Tofu Kadai - Street Style,500 g,360,15.0g,16.0g,26.0g,3.5g,580mg
Tofu (Soft) - Home Style,100 ml,70,7.0g,2.0g,4.0g,0.5g,8mg
Sweet Potato - Mild,300 g,86,1.6g,20.1g,0.1g,3.0g,55mg
Croissant - Restaurant Style,150 g,230,4.5g,26.0g,12.0g,1.5g,210mg
Kiwi - Street Style,200 g,61,1.1g,14.7g,0.5g,3.0g,3mg
Drumstick - Home Style,100 ml,64,2.1g,8.5g,0.2g,3.2g,8mg
Almonds (Badam) - Mild,300 g,173,6.0g,6.0g,15.0g,3.5g,0mg
Bhel Puri - Mild,100 ml,210,4.0g,40.0g,5.0g,3.5g,340mg
Schezwan Noodles - Street Style,300 g,380,8.0g,56.0g,13.0g,3.5g,880mg
Moong Dal Halwa - Street Style,150 ml,350,8.0g,45.0g,16.0g,3.0g,40mg
Cheese Slice - Home Style,50 ml,70,4.5g,1.0g,5.5g,0g,180mg
Mohanthal ,200 ml,240,5.0g,32.0g,11.0g,1.0g,30mg
Guava - Restaurant Style,100 ml,68,2.6g,14.3g,1.0g,5.4g,2mg
Cottage Cheese (Paneer),100 ml,265,18.0g,6.0g,18.0g,0g,150mg
Mutton Biryani - Home Style,50 ml,580,32.0g,62.0g,22.0g,1.5g,920mg
Donut (Chocolate),150 g,300,5.0g,34.0g,16.0g,1.0g,240mg
Khandvi (4 pcs) ,50 ml,150,5.0g,24.0g,4.0g,2.0g,380mg
Broccoli - Mild,150 ml,34,2.8g,6.6g,0.4g,2.6g,33mg
Bread Omlette - Street Style,200 g,290,12.0g,28.0g,15.0g,2.0g,480mg
Chicken McNuggets (6 pcs),200 g,270,15.0g,16.0g,16.0g,1.0g,500mg
Tofu Palak - Extra Cheese,100 ml,300,16.0g,12.0g,22.0g,4.5g,510mg
Grapes,100 g,69,0.7g,18.0g,0.2g,0.9g,2mg
Mutton Rogan Josh,100 g,520,28.0g,10.0g,42.0g,1.0g,680mg
Galouti Kabab (4 pcs) - Street Style,50 ml,420,18.0g,14.0g,32.0g,1.5g,480mg
Chicken Sausage Pizza (1 slice) - Mild,50 ml,330,15.0g,32.0g,16.0g,1.5g,720mg
Cashews (Kaju) ,200 g,160,5.2g,9.0g,12.0g,1.0g,5mg
Gujarati Dal,100 g,200,8.0g,28.0g,6.0g,5.0g,440mg
Blueberries - Mild,250 g,57,0.7g,14.5g,0.3g,2.4g,1mg
Chicken Pasta - Mild,200 g,420,22.0g,48.0g,16.0g,2.5g,590mg
Raisins (Kishmish),300 g,90,1.0g,24.0g,0.1g,1.0g,5mg
Tofu Tikka Masala - Restaurant Style,200 g,370,16.0g,16.0g,28.0g,3.5g,620mg
Rajasthani Dal - Restaurant Style,200 ml,250,10.5g,26.0g,11.0g,5.5g,510mg
Salty Lassi - Home Style,100 g,120,4.0g,20.0g,3.0g,0g,260mg
Capsicum (Green) - Restaurant Style,100 g,20,0.9g,4.6g,0.2g,1.7g,3mg
Palak Dal,200 g,220,10.0g,22.0g,10.0g,5.0g,460mg
Medu Vada - Home Style,500 g,270,6.5g,30.0g,14.0g,3.5g,480mg
Butter Cookie (2 pcs) ,100 g,95,1.0g,12.0g,5.0g,0.2g,30mg
Soan Papdi (2 pcs),150 ml,100,1.5g,12.0g,5.5g,0.2g,10mg
Bhindi Masala ,300 g,160,3.0g,14.0g,10.0g,4.5g,380mg
Mutton Biryani - Home Style,200 ml,580,32.0g,62.0g,22.0g,1.5g,920mg
Khakhra (1 pc) - Restaurant Style,150 g,70,2.0g,10.0g,2.5g,1.5g,80mg
McFlurry KitKat,500 g,350,7.5g,49.0g,14.0g,1.0g,150mg
Patra,500 g,170,3.0g,28.0g,5.5g,3.0g,410mg
Moong Dal Halwa ,150 g,350,8.0g,45.0g,16.0g,3.0g,40mg
Papaya - Home Style,300 g,59,0.7g,15.0g,0.2g,2.5g,2mg
Capsicum (Yellow) - Restaurant Style,150 ml,27,1.0g,6.3g,0.2g,1.8g,3mg
Multigrain Bread (2 slices) - Mild,200 g,150,6.5g,25.0g,2.5g,3.5g,270mg
Cheese N Corn Pizza (1 slice) - Street Style,300 g,290,10.0g,34.0g,13.0g,2.0g,550mg
Chilli Paneer (Gravy) - Mild,150 g,390,13.0g,26.0g,26.0g,3.0g,740mg
Apricot - Street Style,50 ml,17,0.5g,3.9g,0.1g,0.7g,0mg
Peach - Restaurant Style,300 g,51,1.2g,12.4g,0.3g,2.0g,0mg
Chicken Chettinad,50 ml,400,26.0g,10.0g,29.0g,2.0g,710mg
Drumstick - Street Style,250 g,64,2.1g,8.5g,0.2g,3.2g,8mg
Grilled Veg Sandwich - Restaurant Style,100 ml,290,9.0g,40.0g,10.0g,4.5g,460mg
Arrabbiata Pasta - Home Style,50 ml,320,8.5g,52.0g,8.5g,4.5g,510mg
Muffin (Blueberry) - Street Style,150 ml,240,3.5g,36.0g,9.0g,1.5g,180mg
Cottage Cheese (Paneer),150 ml,265,18.0g,6.0g,18.0g,0g,150mg
Deluxe Veggie (1 slice) - Street Style,150 ml,295,10.5g,36.0g,12.0g,2.8g,590mg
Sarson ka Saag - Extra Cheese,250 g,220,7.0g,12.0g,16.0g,5.5g,480mg
Sesame Seeds (Til) - Extra Cheese,500 g,90,2.5g,4.0g,8.0g,1.5g,2mg
Tofu Tikka Masala,200 ml,370,16.0g,16.0g,28.0g,3.5g,620mg
Pineapple Cake (1 slice),150 ml,260,3.0g,38.0g,10.0g,0.8g,170mg
Sev Puri (6 pieces) - Mild,150 g,220,4.0g,34.0g,8.0g,2.5g,350mg
Paper Dosa - Restaurant Style,100 g,350,7.0g,52.0g,12.0g,3.0g,530mg
Lychee - Extra Cheese,100 ml,66,0.8g,16.5g,0.4g,1.3g,1mg
Hyderabadi Biryani - Restaurant Style,300 g,620,30.0g,70.0g,24.0g,2.5g,980mg
Sarson ka Saag - Street Style,50 ml,220,7.0g,12.0g,16.0g,5.5g,480mg
Gatte ki Sabzi ,500 g,260,8.0g,20.0g,16.0g,4.0g,520mg
Aloo Tikki (2 pcs) - Street Style,250 g,240,4.0g,32.0g,11.0g,3.0g,420mg
Misal Pav - Restaurant Style,100 ml,380,14.0g,48.0g,16.0g,7.0g,720mg
Red Velvet Cake (1 slice) ,200 g,320,4.5g,42.0g,15.0g,1.0g,220mg
Flax Seeds (Alsi),500 g,75,2.5g,4.0g,6.0g,4.0g,2mg
Yogurt (Plain),250 g,61,3.5g,4.7g,3.3g,0g,40mg
Egg Sandwich - Home Style,150 g,320,14.0g,32.0g,15.0g,2.0g,540mg
Chicken Spring Roll - Restaurant Style,300 g,270,12.0g,28.0g,12.0g,2.0g,490mg
Hara Bhara Kabab (4 pcs) - Restaurant Style,500 g,220,6.0g,28.0g,10.0g,4.5g,380mg
Chole Bhature - Extra Cheese,300 g,580,15.0g,78.0g,24.0g,8.0g,890mg
Rajma Masala,150 ml,260,12.0g,32.0g,9.0g,8.0g,490mg
Tofu Bhurji - Mild,150 g,260,18.0g,10.0g,17.0g,2.5g,490mg
Galouti Kabab (4 pcs) - Mild,200 ml,420,18.0g,14.0g,32.0g,1.5g,480mg
Prawn Malai Curry - Restaurant Style,250 g,420,22.0g,10.0g,32.0g,0.5g,560mg
Corn (Sweet) - Mild,500 g,86,3.3g,19.0g,1.2g,2.7g,15mg
Chicken Tikka Masala,150 ml,460,28.0g,14.0g,32.0g,1.5g,780mg
Jowar Roti - Mild,50 ml,200,6.0g,36.0g,3.5g,4.5g,220mg
Potato ,500 g,77,2.0g,17.5g,0.1g,2.2g,6mg
Mushroom - Home Style,200 ml,22,3.1g,3.3g,0.3g,1.0g,5mg
White Sauce Pasta,100 ml,380,10.0g,48.0g,16.0g,2.5g,450mg
Andhra Chicken Curry - Restaurant Style,150 ml,390,25.0g,9.0g,28.0g,1.5g,740mg
Aloo Tikki (2 pcs) - Home Style,150 ml,240,4.0g,32.0g,11.0g,3.0g,420mg
Shami Kabab (4 pcs) - Extra Cheese,50 ml,380,22.0g,16.0g,25.0g,2.0g,540mg
Bataka Vada - Extra Cheese,500 g,290,6.0g,38.0g,12.0g,3.0g,480mg
Chicken Biryani - Extra Cheese,50 ml,520,28.0g,65.0g,18.0g,2.0g,890mg
Broccoli,250 g,34,2.8g,6.6g,0.4g,2.6g,33mg
Capsicum (Green) - Home Style,100 g,20,0.9g,4.6g,0.2g,1.7g,3mg
Cheese Pizza (1 slice) ,100 g,300,11.5g,35.0g,13.0g,1.8g,560mg
Butterscotch Cake (1 slice) - Street Style,200 g,300,3.5g,40.0g,14.0g,0.5g,190mg
Chicken Noodles - Extra Cheese,150 g,440,22.0g,50.0g,17.0g,2.0g,820mg
Schezwan Fried Rice - Spicy,200 g,440,9.0g,64.0g,15.0g,3.5g,890mg
Mozzarella Cheese ,100 ml,85,6.0g,1.0g,6.0g,0g,140mg
Brown Bread (2 slices) - Mild,150 ml,140,6.0g,24.0g,2.0g,3.0g,280mg
Khandvi (4 pcs) - Street Style,150 ml,150,5.0g,24.0g,4.0g,2.0g,380mg
Flax Seeds (Alsi) - Street Style,150 g,75,2.5g,4.0g,6.0g,4.0g,2mg
White Bread (2 slices) ,150 g,160,5.0g,28.0g,2.5g,1.0g,300mg
Fish Biryani,150 g,500,28.0g,63.0g,17.0g,1.5g,860mg
Hara Bhara Kabab (4 pcs) - Restaurant Style,300 g,220,6.0g,28.0g,10.0g,4.5g,380mg
Prawn Curry - Street Style,100 ml,350,24.0g,9.0g,24.0g,1.0g,580mg
Masala Dosa - Home Style,150 ml,315,8.2g,48.5g,9.8g,4.2g,580mg
Hide & Seek (2 pcs) - Restaurant Style,100 g,105,1.5g,14.0g,5.0g,0.5g,35mg
Passion Fruit - Home Style,250 g,17,0.4g,4.2g,0.1g,1.8g,5mg
Soya Chaap (2 pcs) - Spicy,300 g,350,28.0g,20.0g,18.0g,6.0g,490mg
Poori Bhaji - Spicy,250 g,410,6.5g,52.0g,19.0g,4.0g,590mg
Pineapple Cake (1 slice) - Extra Cheese,100 g,260,3.0g,38.0g,10.0g,0.8g,170mg
Club Sandwich - Street Style,150 ml,450,18.0g,44.0g,22.0g,3.0g,720mg
Paneer Tikka Pizza (1 slice) - Extra Cheese,100 g,325,13.0g,35.0g,14.5g,2.0g,610mg
Mango,150 ml,90,1.4g,22.0g,0.5g,2.6g,1mg
Gatte ki Sabzi - Home Style,300 g,260,8.0g,20.0g,16.0g,4.0g,520mg
Mango Lassi - Mild,300 g,180,3.5g,32.0g,4.5g,0.5g,75mg
Cranberries ,100 ml,46,0.4g,12.0g,0.1g,4.6g,2mg
Rye Bread (2 slices) - Restaurant Style,500 g,150,5.5g,28.0g,2.0g,4.0g,310mg
Red Sauce Pasta - Spicy,200 g,310,9.0g,52.0g,8.0g,4.0g,490mg
Dragon Fruit - Extra Cheese,150 g,60,1.2g,13.0g,0.4g,3.0g,0mg
Spring Rolls (2 pcs) - Restaurant Style,100 g,220,5.0g,28.0g,10.0g,2.5g,410mg
Fig (Fresh) - Home Style,200 ml,37,0.4g,9.6g,0.2g,1.4g,1mg
Chicken Vindaloo - Restaurant Style,200 ml,420,24.0g,12.0g,30.0g,1.5g,820mg
Prawn Dim Sums - Spicy,50 ml,230,13.0g,28.0g,8.0g,1.0g,440mg
Multigrain Bread (2 slices) - Spicy,150 g,150,6.5g,25.0g,2.5g,3.5g,270mg
Chicken Spring Roll - Spicy,200 g,270,12.0g,28.0g,12.0g,2.0g,490mg
Cottage Cheese (Paneer) - Restaurant Style,200 g,265,18.0g,6.0g,18.0g,0g,150mg
Watermelon - Mild,150 ml,46,0.9g,11.5g,0.2g,0.6g,1mg
Maharaja Mac Chicken - Home Style,300 g,580,28.0g,52.0g,30.0g,3.0g,980mg
Patra - Street Style,200 g,170,3.0g,28.0g,5.5g,3.0g,410mg
Alfredo Pasta - Restaurant Style,200 g,420,12.0g,46.0g,20.0g,2.0g,520mg
Donut (Chocolate) - Street Style,50 ml,300,5.0g,34.0g,16.0g,1.0g,240mg
Chicken Noodle Soup - Mild,250 g,160,10.0g,16.0g,6.0g,1.5g,640mg
Matar Paneer - Extra Cheese,150 ml,380,12.0g,16.0g,29.0g,3.5g,540mg
Croissant (Chocolate) - Spicy,100 ml,280,5.0g,30.0g,16.0g,1.5g,230mg
Cream Crackers (2 pcs) - Home Style,500 g,75,1.2g,10.0g,3.0g,0.5g,70mg
Soya Chunk Biryani,50 ml,480,18.0g,70.0g,15.0g,6.0g,740mg
Sarson ka Saag - Spicy,200 ml,220,7.0g,12.0g,16.0g,5.5g,480mg
Sweet Corn Soup - Extra Cheese,100 g,110,3.5g,18.0g,3.0g,1.5g,520mg
Bhindi Masala - Home Style,150 ml,160,3.0g,14.0g,10.0g,4.5g,380mg
Salty Lassi - Extra Cheese,300 g,120,4.0g,20.0g,3.0g,0g,260mg
Gujarati Dal,200 g,200,8.0g,28.0g,6.0g,5.0g,440mg
Mint Rice - Street Style,250 g,290,5.5g,48.0g,7.5g,3.0g,460mg
Dates (Khajoor),100 ml,90,0.8g,24.0g,0.2g,2.0g,1mg
Soya Chunk Biryani,150 ml,480,18.0g,70.0g,15.0g,6.0g,740mg
Filet-O-Fish - Spicy,200 ml,360,15.0g,38.0g,17.0g,1.5g,660mg
Persimmon,250 g,70,0.6g,18.6g,0.2g,3.6g,1mg
Pepperoni Pizza (1 slice) - Home Style,300 g,310,14.0g,33.0g,14.0g,1.5g,680mg
Pav Bhaji - Restaurant Style,100 ml,380,9.0g,52.0g,16.0g,7.0g,620mg
White Bread (2 slices),150 g,160,5.0g,28.0g,2.5g,1.0g,300mg
Baingan Bharta - Street Style,500 g,180,3.5g,16.0g,12.0g,5.0g,420mg
Mexican Green Wave (1 slice),150 g,280,9.0g,34.0g,12.0g,3.0g,540mg
Guava - Street Style,150 g,68,2.6g,14.3g,1.0g,5.4g,2mg
Chocolate Cake (1 slice),500 g,280,4.0g,38.0g,12.0g,1.0g,200mg
Misal Pav - Spicy,200 ml,380,14.0g,48.0g,16.0g,7.0g,720mg
Dhokla (4 pcs) - Street Style,150 g,180,6.0g,28.0g,5.0g,2.5g,420mg
Kaju Katli (2 pcs) - Spicy,150 ml,110,2.0g,14.0g,5.5g,0.2g,10mg
Curd Rice,200 ml,220,6.0g,38.0g,4.5g,2.0g,310mg
Egg Biryani - Mild,300 g,490,18.0g,68.0g,16.0g,2.5g,810mg
Mac and Cheese - Street Style,250 g,410,14.0g,48.0g,18.0g,1.5g,560mg
Paneer Lababdar - Mild,150 ml,480,14.0g,15.0g,40.0g,2.0g,620mg
Schezwan Noodles - Home Style,300 g,380,8.0g,56.0g,13.0g,3.5g,880mg
Tofu Butter Masala - Restaurant Style,200 g,400,14.0g,14.0g,32.0g,3.5g,590mg
Flavored Yogurt (Strawberry) - Home Style,500 g,110,3.0g,18.0g,2.5g,0g,40mg
Chilli Chicken - Home Style,300 g,450,28.0g,24.0g,28.0g,1.5g,860mg
Bread Roll - Extra Cheese,200 ml,140,4.0g,25.0g,2.5g,1.2g,190mg
Chicken Tikka Masala,500 g,460,28.0g,14.0g,32.0g,1.5g,780mg
Cheddar Cheese - Spicy,50 ml,120,7.0g,0.5g,10.0g,0g,180mg
Manchow Soup - Street Style,200 ml,90,3.0g,12.0g,3.5g,1.5g,680mg
Hash Brown - Spicy,200 ml,150,1.5g,16.0g,9.0g,1.5g,280mg
Rasmalai (2 pcs) - Extra Cheese,100 g,240,6.0g,32.0g,10.0g,0g,70mg
Whole Wheat Bread (2 slices) - Mild,150 ml,145,6.0g,26.0g,2.0g,4.0g,290mg
Cheese Spread (1 tbsp) - Mild,250 g,45,2.0g,1.5g,3.5g,0g,120mg
Cupcake (Vanilla) - Extra Cheese,300 g,210,2.5g,32.0g,8.5g,0.5g,160mg
Fafda - Spicy,500 g,220,5.0g,28.0g,10.0g,2.0g,480mg
Prawn Malai Curry - Spicy,50 ml,420,22.0g,10.0g,32.0g,0.5g,560mg
Kolkata Biryani - Extra Cheese,200 g,560,24.0g,72.0g,20.0g,2.5g,890mg
Jalebi Fafda - Restaurant Style,500 g,380,7.0g,50.0g,17.0g,2.5g,520mg
Ragi Roti - Restaurant Style,100 ml,210,6.0g,38.0g,4.0g,5.0g,250mg
Flavored Yogurt (Strawberry) - Home Style,200 ml,110,3.0g,18.0g,2.5g,0g,40mg
Almond Milk - Mild,200 ml,60,2.0g,8.0g,2.5g,1.0g,150mg
Kolkata Biryani - Home Style,300 g,560,24.0g,72.0g,20.0g,2.5g,890mg
Milk (Toned) - Home Style,150 g,100,6.6g,9.8g,4.4g,0g,110mg
Paper Dosa - Extra Cheese,150 g,350,7.0g,52.0g,12.0g,3.0g,530mg
Muffin (Blueberry) - Extra Cheese,300 g,240,3.5g,36.0g,9.0g,1.5g,180mg
Lemon Rice - Extra Cheese,200 g,260,4.5g,48.0g,5.5g,2.0g,420mg
Veg Spring Roll,100 ml,210,4.5g,30.0g,8.5g,3.0g,430mg
Cucumber - Street Style,100 g,15,0.7g,3.6g,0.1g,0.5g,2mg
Tomato Rice - Restaurant Style,150 ml,270,5.0g,50.0g,5.0g,2.5g,490mg
Rye Bread (2 slices) - Spicy,50 ml,150,5.5g,28.0g,2.0g,4.0g,310mg
Pomegranate - Restaurant Style,150 g,83,1.7g,18.7g,1.2g,4.0g,3mg
Lucknowi Biryani - Extra Cheese,100 ml,600,28.0g,68.0g,23.0g,2.0g,950mg
Drumstick - Extra Cheese,200 g,64,2.1g,8.5g,0.2g,3.2g,8mg
Fafda - Home Style,250 g,220,5.0g,28.0g,10.0g,2.0g,480mg
Pepperoni Pizza (1 slice) - Restaurant Style,50 ml,310,14.0g,33.0g,14.0g,1.5g,680mg
Cupcake (Vanilla) - Mild,100 ml,210,2.5g,32.0g,8.5g,0.5g,160mg
Fish Moilee - Extra Cheese,250 g,360,20.0g,12.0g,25.0g,1.0g,510mg
Dal Fry,200 g,230,9.5g,26.0g,10.0g,5.5g,490mg
Ridge Gourd - Spicy,100 g,17,0.8g,3.8g,0.2g,1.2g,3mg
Tofu (Firm) - Spicy,200 ml,145,15.0g,4.0g,8.0g,2.0g,10mg
Roasted Chana - Spicy,50 ml,120,7.0g,18.0g,3.0g,4.5g,80mg
Tofu Matar - Restaurant Style,200 g,280,15.0g,18.0g,16.0g,4.0g,480mg
Reshmi Kabab (4 pcs) - Extra Cheese,250 g,400,28.0g,6.0g,29.0g,0.5g,560mg
Brown Bread (2 slices) - Restaurant Style,150 ml,140,6.0g,24.0g,2.0g,3.0g,280mg
Cheddar Cheese - Home Style,200 g,120,7.0g,0.5g,10.0g,0g,180mg
McSpicy Chicken Burger,200 ml,510,22.0g,46.0g,27.0g,2.0g,890mg
Lychee - Mild,100 ml,66,0.8g,16.5g,0.4g,1.3g,1mg
Apricots (Dried) - Extra Cheese,100 g,70,1.0g,18.0g,0.1g,2.0g,2mg
Malai Paneer Tikka - Extra Cheese,50 ml,420,15.0g,14.0g,34.0g,1.5g,560mg
Manchow Soup - Restaurant Style,100 g,90,3.0g,12.0g,3.5g,1.5g,680mg
Cucumber,50 ml,15,0.7g,3.6g,0.1g,0.5g,2mg
Paneer (Homemade) - Spicy,100 g,265,18.0g,6.0g,18.0g,0g,150mg
Watermelon - Spicy,150 g,46,0.9g,11.5g,0.2g,0.6g,1mg
Cottage Cheese (Paneer) - Home Style,300 g,265,18.0g,6.0g,18.0g,0g,150mg
Cream Crackers (2 pcs),300 g,75,1.2g,10.0g,3.0g,0.5g,70mg
Cheese Slice - Restaurant Style,150 g,70,4.5g,1.0g,5.5g,0g,180mg
Yogurt (Plain) - Spicy,150 g,61,3.5g,4.7g,3.3g,0g,40mg
Mozzarella Cheese - Spicy,100 g,85,6.0g,1.0g,6.0g,0g,140mg
Mozzarella Cheese - Home Style,50 ml,85,6.0g,1.0g,6.0g,0g,140mg
Motichoor Laddu - Spicy,100 g,145,3.0g,18.0g,7.0g,0.8g,22mg
Barfi (2 pcs) - Spicy,300 g,140,3.0g,18.0g,6.5g,0.3g,25mg
Poha - Restaurant Style,150 g,210,4.5g,38.0g,5.0g,3.5g,320mg
Veg Pulao - Street Style,150 ml,280,6.0g,52.0g,5.5g,3.0g,410mg
McSpicy Chicken Burger - Street Style,200 ml,510,22.0g,46.0g,27.0g,2.0g,890mg
Hazelnuts - Extra Cheese,50 ml,176,4.5g,5.0g,17.0g,3.0g,0mg
Salty Lassi - Restaurant Style,150 g,120,4.0g,20.0g,3.0g,0g,260mg
Curd Rice - Spicy,100 g,220,6.0g,38.0g,4.5g,2.0g,310mg
Chilli Paneer (Dry) - Spicy,100 g,420,14.0g,28.0g,28.0g,3.0g,720mg
Snake Gourd - Mild,500 g,20,0.8g,4.5g,0.2g,1.0g,4mg
Mohanthal - Spicy,100 ml,240,5.0g,32.0g,11.0g,1.0g,30mg
Dal Baati Churma - Street Style,200 g,650,18.0g,88.0g,24.0g,10.0g,580mg
Oat Milk - Spicy,150 ml,90,3.0g,14.0g,3.0g,1.5g,100mg
Kesari Bath,150 ml,350,3.0g,62.0g,10.0g,1.0g,15mg
Chilli Paneer (Gravy) - Spicy,250 g,390,13.0g,26.0g,26.0g,3.0g,740mg
Undhiyu - Extra Cheese,50 ml,280,6.0g,32.0g,14.0g,8.0g,440mg
Papaya - Restaurant Style,300 g,59,0.7g,15.0g,0.2g,2.5g,2mg
Veg Extravaganza (1 slice) - Street Style,250 g,320,12.0g,38.0g,13.5g,3.0g,620mg
Gajar Ka Halwa - Restaurant Style,200 g,260,4.0g,38.0g,10.0g,2.5g,50mg
Prawn Malai Curry - Extra Cheese,50 ml,420,22.0g,10.0g,32.0g,0.5g,560mg
Mushroom - Extra Cheese,250 g,22,3.1g,3.3g,0.3g,1.0g,5mg
Avocado - Home Style,200 ml,160,2.0g,8.5g,14.7g,6.7g,7mg
Tomato - Spicy,500 g,18,0.9g,3.9g,0.2g,1.2g,5mg
Kaju Katli (2 pcs) - Mild,150 g,110,2.0g,14.0g,5.5g,0.2g,10mg
Rava Dosa,300 g,290,6.0g,42.0g,10.0g,2.0g,510mg
Seekh Kabab (4 pcs) - Restaurant Style,300 g,340,24.0g,8.0g,24.0g,2.0g,520mg
Aloo Paratha,300 g,350,8.0g,48.0g,14.0g,4.0g,380mg
Vada (2 pieces) - Spicy,200 ml,250,6.0g,28.0g,13.0g,3.0g,450mg
Fafda - Street Style,150 g,220,5.0g,28.0g,10.0g,2.0g,480mg
Oatmeal Cookie,50 ml,110,2.0g,16.0g,4.5g,1.5g,65mg
Veg Pulao - Extra Cheese,50 ml,280,6.0g,52.0g,5.5g,3.0g,410mg
Chicken Tikka (6 pcs) - Street Style,50 ml,420,42.0g,6.0g,25.0g,0.5g,680mg
Tamarind Rice - Spicy,250 g,280,4.5g,52.0g,5.0g,2.5g,510mg
Peanuts (Raw) - Spicy,150 g,160,7.0g,5.0g,14.0g,2.5g,5mg
Veg Biryani - Extra Cheese,200 g,450,10.0g,72.0g,13.0g,5.0g,720mg
Club Sandwich - Spicy,200 g,450,18.0g,44.0g,22.0g,3.0g,720mg
Almonds (Badam) - Home Style,100 g,173,6.0g,6.0g,15.0g,3.5g,0mg
Mysore Pak (1 pc) - Spicy,250 g,130,2.0g,16.0g,6.5g,0.2g,15mg
Sarson ka Saag - Home Style,200 g,220,7.0g,12.0g,16.0g,5.5g,480mg
Walnuts (Akhrot) - Extra Cheese,200 g,196,4.5g,4.0g,19.5g,2.0g,1mg
McSpicy Paneer Burger - Home Style,200 ml,470,14.0g,48.0g,24.0g,2.5g,820mg
Kaju Katli (2 pcs) - Extra Cheese,250 g,110,2.0g,14.0g,5.5g,0.2g,10mg
Aloo Matar - Mild,200 g,190,4.5g,20.0g,10.0g,4.0g,410mg
Veg Pulao,150 ml,280,6.0g,52.0g,5.5g,3.0g,410mg
Club Sandwich - Street Style,100 ml,450,18.0g,44.0g,22.0g,3.0g,720mg
Manchow Soup - Street Style,100 g,90,3.0g,12.0g,3.5g,1.5g,680mg
Jeera Rice - Restaurant Style,100 ml,240,4.5g,48.0g,3.0g,1.0g,290mg
Sabudana Khichdi - Extra Cheese,200 g,250,3.5g,48.0g,5.0g,2.0g,280mg
Papdi Chaat - Restaurant Style,200 ml,280,5.0g,42.0g,10.0g,3.5g,460mg
Makki di Roti - Spicy,200 g,240,6.5g,38.0g,7.0g,5.0g,260mg
Poori Bhaji - Restaurant Style,150 ml,410,6.5g,52.0g,19.0g,4.0g,590mg
Pistachios (Pista) - Extra Cheese,250 g,160,5.8g,8.0g,12.5g,3.0g,1mg
Chole Masala - Spicy,50 ml,280,11.0g,30.0g,12.0g,7.0g,520mg
Garlic Fried Rice - Mild,50 ml,420,8.5g,60.0g,14.0g,2.5g,810mg
Jam (1 tbsp) - Street Style,300 g,55,0.1g,14.0g,0g,0.2g,2mg
Rajma Masala - Extra Cheese,100 g,260,12.0g,32.0g,9.0g,8.0g,490mg
Sarson ka Saag - Extra Cheese,100 g,220,7.0g,12.0g,16.0g,5.5g,480mg
Mutter Mushroom,300 g,200,5.0g,18.0g,11.0g,4.5g,430mg
Cinnamon Roll,500 g,290,5.0g,42.0g,11.0g,1.5g,250mg
Cheese N Corn Pizza (1 slice),300 g,290,10.0g,34.0g,13.0g,2.0g,550mg
Akki Roti - Spicy,300 g,220,5.0g,40.0g,4.5g,3.0g,290mg
Khandvi (4 pcs) - Extra Cheese,200 g,150,5.0g,24.0g,4.0g,2.0g,380mg
Upma - Street Style,250 g,280,6.0g,48.0g,7.0g,3.5g,480mg
Cherries - Home Style,500 g,50,1.0g,12.0g,0.3g,1.6g,0mg
Tofu Butter Masala - Home Style,150 ml,400,14.0g,14.0g,32.0g,3.5g,590mg
Tomato Rice - Spicy,150 ml,270,5.0g,50.0g,5.0g,2.5g,490mg
Nalli Nihari - Mild,500 g,560,30.0g,8.0g,46.0g,0.5g,780mg
Kaju Katli (2 pcs) - Extra Cheese,150 ml,110,2.0g,14.0g,5.5g,0.2g,10mg
Wonton Soup - Restaurant Style,250 g,140,8.0g,18.0g,4.5g,1.5g,610mg
Macadamia Nuts - Spicy,50 ml,215,2.5g,4.0g,22.5g,2.5g,1mg
Margherita Pizza (1 slice) - Extra Cheese,200 ml,285,12.0g,34.0g,11.0g,2.0g,520mg
Grilled Veg Sandwich - Home Style,200 ml,290,9.0g,40.0g,10.0g,4.5g,460mg
Peanuts (Raw) - Mild,200 g,160,7.0g,5.0g,14.0g,2.5g,5mg
Chole Bhature - Restaurant Style,50 ml,580,15.0g,78.0g,24.0g,8.0g,890mg
McVeggie Wrap - Street Style,100 ml,420,11.0g,48.0g,20.0g,4.0g,720mg
Tomato Soup - Restaurant Style,150 g,80,2.0g,14.0g,2.0g,1.5g,490mg
Chicken McNuggets (6 pcs) - Home Style,500 g,270,15.0g,16.0g,16.0g,1.0g,500mg
Jalebi Fafda,200 ml,380,7.0g,50.0g,17.0g,2.5g,520mg
Grapes,500 g,69,0.7g,18.0g,0.2g,0.9g,2mg
Moong Dal Halwa - Restaurant Style,150 g,350,8.0g,45.0g,16.0g,3.0g,40mg
Gulab Jamun (2 pcs) - Restaurant Style,500 g,200,3.0g,32.0g,7.0g,0.5g,60mg
Pomegranate - Extra Cheese,100 ml,83,1.7g,18.7g,1.2g,4.0g,3mg
White Bread (2 slices) - Extra Cheese,150 ml,160,5.0g,28.0g,2.5g,1.0g,300mg
Wonton Soup - Restaurant Style,200 g,140,8.0g,18.0g,4.5g,1.5g,610mg
Semiya Upma - Extra Cheese,100 ml,240,5.0g,42.0g,5.5g,2.5g,410mg
Jalebi Fafda - Extra Cheese,250 g,380,7.0g,50.0g,17.0g,2.5g,520mg
Haryali Tikka - Home Style,200 ml,400,40.0g,10.0g,23.0g,1.0g,660mg
Singapore Noodles - Home Style,200 ml,370,9.0g,54.0g,12.5g,3.0g,740mg
Pepperoni Pizza (1 slice) - Mild,250 g,310,14.0g,33.0g,14.0g,1.5g,680mg
Shami Kabab (4 pcs) - Mild,100 ml,380,22.0g,16.0g,25.0g,2.0g,540mg
Veg Biryani - Restaurant Style,100 g,450,10.0g,72.0g,13.0g,5.0g,720mg
Cheddar Cheese - Mild,300 g,120,7.0g,0.5g,10.0g,0g,180mg
Garlic Bread (2 pcs) - Street Style,100 ml,260,7.0g,34.0g,11.0g,2.0g,440mg
Dal Tadka - Mild,200 ml,210,9.0g,24.0g,9.0g,5.0g,460mg
Club Sandwich - Restaurant Style,150 g,450,18.0g,44.0g,22.0g,3.0g,720mg
Grilled Veg Sandwich - Home Style,150 g,290,9.0g,40.0g,10.0g,4.5g,460mg
Apple - Spicy,200 g,78,0.4g,20.8g,0.2g,3.6g,1mg
Drumstick - Spicy,200 g,64,2.1g,8.5g,0.2g,3.2g,8mg
Barfi (2 pcs) - Mild,150 ml,140,3.0g,18.0g,6.5g,0.3g,25mg
Deluxe Veggie (1 slice) - Street Style,300 g,295,10.5g,36.0g,12.0g,2.8g,590mg
Passion Fruit - Restaurant Style,100 g,17,0.4g,4.2g,0.1g,1.8g,5mg
Chicken Korma,100 ml,440,24.0g,16.0g,31.0g,1.5g,650mg
Gobi Manchurian (Dry) - Extra Cheese,150 ml,380,6.0g,42.0g,21.0g,5.0g,680mg
Cantaloupe - Street Style,100 g,34,0.8g,8.2g,0.2g,0.9g,16mg
Flavored Yogurt (Strawberry) - Street Style,300 g,110,3.0g,18.0g,2.5g,0g,40mg
Macadamia Nuts - Street Style,500 g,215,2.5g,4.0g,22.5g,2.5g,1mg
Reshmi Kabab (4 pcs) - Street Style,200 ml,400,28.0g,6.0g,29.0g,0.5g,560mg
Apricot - Extra Cheese,250 g,17,0.5g,3.9g,0.1g,0.7g,0mg
Brioche Bun - Street Style,300 g,220,6.0g,28.0g,10.0g,1.0g,230mg
Pav Bhaji - Spicy,300 g,380,9.0g,52.0g,16.0g,7.0g,620mg
Tangdi Kabab (2 pcs) - Spicy,100 g,440,38.0g,5.0g,29.0g,0.5g,680mg
Deluxe Veggie (1 slice),300 g,295,10.5g,36.0g,12.0g,2.8g,590mg
Buttermilk (Chaas) - Mild,200 ml,50,2.5g,6.0g,2.0g,0g,180mg
Kala Chana - Mild,100 ml,250,13.0g,34.0g,7.0g,9.0g,450mg
Mutter Mushroom - Spicy,50 ml,200,5.0g,18.0g,11.0g,4.5g,430mg
Dal Makhani - Home Style,100 ml,320,12.0g,28.0g,18.0g,6.0g,480mg
Malai Paneer Tikka,150 ml,420,15.0g,14.0g,34.0g,1.5g,560mg
Almonds (Badam),150 g,173,6.0g,6.0g,15.0g,3.5g,0mg
Paneer Do Pyaza - Spicy,100 g,430,13.0g,18.0g,34.0g,3.0g,590mg
Carrot - Street Style,200 g,41,0.9g,9.6g,0.2g,2.8g,69mg
Bhel Puri - Mild,500 g,210,4.0g,40.0g,5.0g,3.5g,340mg
Chicken Pasta - Restaurant Style,150 ml,420,22.0g,48.0g,16.0g,2.5g,590mg
Soan Papdi (2 pcs) - Home Style,200 ml,100,1.5g,12.0g,5.5g,0.2g,10mg
Gobi Manchurian (Gravy) - Home Style,150 g,350,5.5g,38.0g,19.0g,4.5g,720mg
Pomegranate - Home Style,200 g,83,1.7g,18.7g,1.2g,4.0g,3mg
Soft Serve Cone - Street Style,50 ml,150,3.5g,24.0g,4.5g,0g,80mg
Akki Roti - Restaurant Style,100 ml,220,5.0g,40.0g,4.5g,3.0g,290mg
Jeera Rice,500 g,240,4.5g,48.0g,3.0g,1.0g,290mg
Cheesecake (1 slice) - Mild,200 ml,350,7.0g,30.0g,22.0g,0.5g,280mg
Peanuts (Raw) - Spicy,200 g,160,7.0g,5.0g,14.0g,2.5g,5mg
Broccoli,100 g,34,2.8g,6.6g,0.4g,2.6g,33mg
Drumstick,100 ml,64,2.1g,8.5g,0.2g,3.2g,8mg
Tofu Bhurji - Street Style,100 g,260,18.0g,10.0g,17.0g,2.5g,490mg
Veg Biryani - Spicy,100 ml,450,10.0g,72.0g,13.0g,5.0g,720mg
Mutter Mushroom - Mild,300 g,200,5.0g,18.0g,11.0g,4.5g,430mg
Fried Rice (Veg) - Mild,250 g,380,8.0g,62.0g,11.0g,3.0g,720mg
Palak Paneer - Restaurant Style,100 g,350,14.0g,12.0g,27.0g,4.0g,490mg
Tofu Bhurji - Extra Cheese,50 ml,260,18.0g,10.0g,17.0g,2.5g,490mg
Sweet Potato - Restaurant Style,150 ml,86,1.6g,20.1g,0.1g,3.0g,55mg
Lucknowi Biryani - Extra Cheese,150 g,600,28.0g,68.0g,23.0g,2.0g,950mg
Hot and Sour Soup - Restaurant Style,100 ml,95,3.0g,13.0g,3.5g,1.5g,720mg
Cranberries - Spicy,50 ml,46,0.4g,12.0g,0.1g,4.6g,2mg
Gobi Manchurian (Dry) - Extra Cheese,100 g,380,6.0g,42.0g,21.0g,5.0g,680mg
Cluster Beans - Street Style,150 ml,41,3.2g,7.7g,0.2g,3.5g,4mg
Thatte Idli - Mild,150 g,200,5.5g,36.0g,4.5g,2.5g,360mg
Gatte ki Sabzi - Restaurant Style,250 g,260,8.0g,20.0g,16.0g,4.0g,520mg
Tofu (Firm) - Mild,100 ml,145,15.0g,4.0g,8.0g,2.0g,10mg
Seekh Kabab (4 pcs) - Extra Cheese,200 g,340,24.0g,8.0g,24.0g,2.0g,520mg
Strawberries - Restaurant Style,100 ml,32,0.7g,7.7g,0.3g,2.0g,1mg
Fried Rice (Veg) - Spicy,50 ml,380,8.0g,62.0g,11.0g,3.0g,720mg
Dragon Fruit - Restaurant Style,300 g,60,1.2g,13.0g,0.4g,3.0g,0mg
Fafda - Street Style,200 g,220,5.0g,28.0g,10.0g,2.0g,480mg
Beetroot - Mild,200 g,43,1.6g,9.6g,0.2g,2.8g,78mg
Gobi Manchurian (Dry) - Street Style,200 ml,380,6.0g,42.0g,21.0g,5.0g,680mg
Sabudana Vada - Spicy,250 g,230,4.0g,38.0g,7.0g,2.5g,340mg
McChicken Wrap - Extra Cheese,300 g,480,18.0g,46.0g,25.0g,2.5g,790mg
Brownie (1 piece) - Extra Cheese,150 ml,220,2.5g,28.0g,11.0g,1.0g,100mg
Milk (Skimmed) - Spicy,50 ml,68,6.8g,9.8g,0.4g,0g,120mg
Sabudana Vada - Mild,200 g,230,4.0g,38.0g,7.0g,2.5g,340mg
Cheese Pizza (1 slice),100 ml,300,11.5g,35.0g,13.0g,1.8g,560mg
Litchi - Street Style,300 g,66,0.8g,16.5g,0.4g,1.3g,1mg
Good Day (2 pcs) - Street Style,500 g,100,1.2g,13.0g,4.8g,0.4g,40mg
Hakka Noodles - Spicy,50 ml,340,7.5g,54.0g,10.0g,2.5g,720mg
Curd Rice,200 g,220,6.0g,38.0g,4.5g,2.0g,310mg
Tofu Bhurji - Extra Cheese,100 ml,260,18.0g,10.0g,17.0g,2.5g,490mg
Cucumber Sandwich - Extra Cheese,500 g,180,5.0g,30.0g,4.5g,3.0g,310mg
Kesari Bath - Spicy,100 ml,350,3.0g,62.0g,10.0g,1.0g,15mg
Prawn Noodles - Spicy,50 ml,420,20.0g,50.0g,16.0g,1.5g,840mg
Palak Dal - Street Style,200 ml,220,10.0g,22.0g,10.0g,5.0g,460mg
Malai Kofta - Mild,200 g,520,10.0g,38.0g,36.0g,5.0g,480mg
Cabbage,500 g,25,1.3g,5.8g,0.1g,2.5g,18mg
Prunes - Street Style,250 g,70,0.8g,18.5g,0.1g,2.0g,1mg
Grilled Chicken Sandwich - Restaurant Style,200 ml,380,24.0g,34.0g,16.0g,2.5g,680mg
Donut (Glazed) - Spicy,50 ml,270,4.0g,31.0g,15.0g,1.0g,220mg
Tamarind Rice,50 ml,280,4.5g,52.0g,5.0g,2.5g,510mg
Chicken Sausage Pizza (1 slice),200 ml,330,15.0g,32.0g,16.0g,1.5g,720mg
Akki Roti,500 g,220,5.0g,40.0g,4.5g,3.0g,290mg
Makki di Roti - Street Style,150 ml,240,6.5g,38.0g,7.0g,5.0g,260mg
Veg Sandwich - Mild,100 g,250,8.0g,38.0g,7.0g,4.0g,420mg
Rasgulla (2 pcs) - Extra Cheese,50 ml,150,4.0g,28.0g,2.5g,0g,35mg
Veg Noodles - Street Style,50 ml,320,8.0g,52.0g,8.5g,3.0g,680mg
Bagel - Home Style,150 ml,190,7.0g,36.0g,1.5g,2.0g,280mg
Egg Curry - Mild,150 ml,290,12.0g,10.0g,22.0g,1.5g,490mg
Corn (Sweet) - Street Style,200 g,86,3.3g,19.0g,1.2g,2.7g,15mg
Masala Dosa - Restaurant Style,250 g,315,8.2g,48.5g,9.8g,4.2g,580mg
Red Sauce Pasta - Mild,500 g,310,9.0g,52.0g,8.0g,4.0g,490mg
Honey (1 tbsp),500 g,64,0.1g,17.3g,0g,0g,1mg
Tofu Matar,100 g,280,15.0g,18.0g,16.0g,4.0g,480mg
Dal Baati Churma - Restaurant Style,500 g,650,18.0g,88.0g,24.0g,10.0g,580mg
Pani Puri (6 pieces) - Extra Cheese,500 g,180,3.2g,32.0g,4.8g,2.0g,290mg
Aloo Chaat - Street Style,250 g,220,4.0g,36.0g,7.0g,4.0g,380mg
Fish Biryani - Restaurant Style,150 ml,500,28.0g,63.0g,17.0g,1.5g,860mg
Dal Makhani - Mild,200 ml,320,12.0g,28.0g,18.0g,6.0g,480mg
Chilli Paneer (Gravy) - Street Style,200 g,390,13.0g,26.0g,26.0g,3.0g,740mg
Dal Baati Churma - Spicy,150 ml,650,18.0g,88.0g,24.0g,10.0g,580mg
Cantaloupe,50 ml,34,0.8g,8.2g,0.2g,0.9g,16mg
Good Day (2 pcs) - Restaurant Style,100 g,100,1.2g,13.0g,4.8g,0.4g,40mg
Jalebi Fafda - Street Style,200 g,380,7.0g,50.0g,17.0g,2.5g,520mg
Honeydew - Street Style,200 ml,55,0.8g,14.0g,0.2g,1.2g,18mg
Milk (Buffalo) - Restaurant Style,150 ml,180,7.6g,10.0g,13.0g,0g,130mg
Passion Fruit - Home Style,200 ml,17,0.4g,4.2g,0.1g,1.8g,5mg
Pad Thai Noodles,250 g,400,10.0g,58.0g,15.0g,3.0g,690mg
Tofu Matar - Mild,150 g,280,15.0g,18.0g,16.0g,4.0g,480mg
Cucumber,100 g,15,0.7g,3.6g,0.1g,0.5g,2mg
Tandoori Chicken (2 pcs),200 g,480,48.0g,4.0g,30.0g,0g,720mg
Dahi Puri (6 pieces) - Street Style,50 ml,250,5.5g,36.0g,9.0g,2.5g,380mg
Masala Dosa - Extra Cheese,200 g,315,8.2g,48.5g,9.8g,4.2g,580mg
Star Fruit - Spicy,150 g,28,0.9g,6.0g,0.3g,2.5g,2mg
Sweet Potato - Mild,250 g,86,1.6g,20.1g,0.1g,3.0g,55mg
Chicken Noodle Soup - Extra Cheese,150 ml,160,10.0g,16.0g,6.0g,1.5g,640mg
Bitter Gourd - Restaurant Style,150 g,17,1.0g,3.7g,0.2g,2.8g,5mg
Cheese Slice - Spicy,300 g,70,4.5g,1.0g,5.5g,0g,180mg
Manchow Soup - Mild,150 g,90,3.0g,12.0g,3.5g,1.5g,680mg
Peanut Butter (1 tbsp) - Extra Cheese,100 g,95,4.0g,3.5g,8.0g,1.0g,65mg
Milk Biscuit (2 pcs) - Street Style,150 g,85,1.5g,12.0g,3.5g,0.3g,45mg
Egg Masala - Street Style,200 ml,310,13.0g,12.0g,23.0g,1.5g,520mg
Gatte ki Sabzi - Home Style,100 g,260,8.0g,20.0g,16.0g,4.0g,520mg
Cranberries - Spicy,200 g,46,0.4g,12.0g,0.1g,4.6g,2mg
Sev Puri (6 pieces),200 ml,220,4.0g,34.0g,8.0g,2.5g,350mg
Passion Fruit - Street Style,100 ml,17,0.4g,4.2g,0.1g,1.8g,5mg
Red Velvet Cake (1 slice) - Extra Cheese,500 g,320,4.5g,42.0g,15.0g,1.0g,220mg
Donut (Glazed) - Restaurant Style,50 ml,270,4.0g,31.0g,15.0g,1.0g,220mg
Mooli Paratha - Home Style,100 ml,310,8.5g,45.0g,11.0g,4.5g,360mg
Pumpkin - Home Style,500 g,26,1.0g,6.5g,0.1g,0.5g,1mg
Ghee Rice - Spicy,250 g,320,4.0g,50.0g,11.0g,1.0g,310mg
Pine Nuts - Restaurant Style,500 g,190,4.0g,4.0g,19.0g,1.5g,1mg
Kachori (1 pc) - Home Style,200 ml,260,5.0g,30.0g,13.0g,2.5g,340mg
Blackberries - Home Style,300 g,43,1.4g,10.0g,0.5g,5.3g,1mg
Tomato Rice - Restaurant Style,100 g,270,5.0g,50.0g,5.0g,2.5g,490mg
Pomegranate - Restaurant Style,100 g,83,1.7g,18.7g,1.2g,4.0g,3mg
Poori (2 pieces) - Home Style,150 ml,240,4.0g,32.0g,11.0g,1.5g,280mg
McSpicy Chicken Burger - Home Style,250 g,510,22.0g,46.0g,27.0g,2.0g,890mg
Veg Biryani - Spicy,500 g,450,10.0g,72.0g,13.0g,5.0g,720mg
Chicken Chettinad - Home Style,100 ml,400,26.0g,10.0g,29.0g,2.0g,710mg
Lemon Rice - Extra Cheese,250 g,260,4.5g,48.0g,5.5g,2.0g,420mg
Ridge Gourd - Spicy,150 ml,17,0.8g,3.8g,0.2g,1.2g,3mg
Chow Mein - Extra Cheese,300 g,360,8.5g,50.0g,14.0g,3.0g,750mg
Ragi Mudde - Mild,50 ml,180,5.0g,38.0g,1.5g,4.5g,10mg
Manchow Soup - Home Style,150 g,90,3.0g,12.0g,3.5g,1.5g,680mg
Ciabatta - Spicy,100 ml,210,7.0g,40.0g,3.0g,2.0g,350mg
Set Dosa (3 pcs) - Home Style,100 ml,340,8.0g,54.0g,9.0g,4.0g,560mg
Chilli Tofu,200 g,340,14.0g,26.0g,20.0g,3.0g,680mg
Baingan Bharta - Extra Cheese,150 ml,180,3.5g,16.0g,12.0g,5.0g,420mg
Paper Dosa - Home Style,200 g,350,7.0g,52.0g,12.0g,3.0g,530mg
Chikki (Peanut Brittle) - Restaurant Style,150 g,140,4.0g,18.0g,6.0g,1.5g,15mg
Tofu Palak - Home Style,300 g,300,16.0g,12.0g,22.0g,4.5g,510mg
Chole Masala - Restaurant Style,300 g,280,11.0g,30.0g,12.0g,7.0g,520mg
Chicken Biryani - Spicy,50 ml,520,28.0g,65.0g,18.0g,2.0g,890mg
Papaya - Mild,250 g,59,0.7g,15.0g,0.2g,2.5g,2mg
Capsicum (Red) - Home Style,100 g,31,1.0g,6.0g,0.3g,2.1g,4mg
Sarson ka Saag - Home Style,200 ml,220,7.0g,12.0g,16.0g,5.5g,480mg
Maharaja Mac Chicken,200 g,580,28.0g,52.0g,30.0g,3.0g,980mg
Vanilla Cake (1 slice),200 g,220,3.0g,32.0g,9.0g,0.5g,180mg
Kanda Bhaji,300 g,280,4.0g,32.0g,15.0g,3.0g,460mg
Garlic Bread (2 pcs) - Home Style,150 g,260,7.0g,34.0g,11.0g,2.0g,440mg
Milk (Skimmed) - Mild,200 ml,68,6.8g,9.8g,0.4g,0g,120mg
Cinnamon Roll,100 g,290,5.0g,42.0g,11.0g,1.5g,250mg
Malai Tikka (6 pcs) - Extra Cheese,200 ml,460,38.0g,8.0g,30.0g,0.5g,640mg
Dahi Bhalla,50 ml,270,6.0g,38.0g,10.0g,3.0g,440mg
Rasmalai (2 pcs) - Home Style,250 g,240,6.0g,32.0g,10.0g,0g,70mg
Paper Dosa - Spicy,150 g,350,7.0g,52.0g,12.0g,3.0g,530mg
Vada Pav - Extra Cheese,50 ml,290,6.5g,38.0g,12.5g,2.5g,520mg
Pav Bhaji - Extra Cheese,250 g,380,9.0g,52.0g,16.0g,7.0g,620mg
Sunflower Seeds,200 g,175,6.0g,6.0g,15.5g,3.0g,2mg
Malai Kofta - Mild,50 ml,520,10.0g,38.0g,36.0g,5.0g,480mg
Pedha (2 pcs) - Street Style,50 ml,130,3.0g,18.0g,5.5g,0g,35mg
Milk (Skimmed) - Spicy,150 ml,68,6.8g,9.8g,0.4g,0g,120mg
Veg Sandwich - Restaurant Style,100 ml,250,8.0g,38.0g,7.0g,4.0g,420mg
Orange - Restaurant Style,150 ml,62,1.2g,15.4g,0.2g,3.1g,0mg
Tofu (Firm) - Home Style,150 ml,145,15.0g,4.0g,8.0g,2.0g,10mg
Peanuts (Roasted),150 ml,170,7.5g,6.0g,14.0g,2.5g,90mg
Brinjal (Eggplant) - Home Style,300 g,25,1.0g,5.9g,0.2g,3.0g,2mg
Mozzarella Cheese,500 g,85,6.0g,1.0g,6.0g,0g,140mg
McSpicy Chicken Burger - Mild,250 g,510,22.0g,46.0g,27.0g,2.0g,890mg
Tandoori Chicken (2 pcs) - Street Style,200 g,480,48.0g,4.0g,30.0g,0g,720mg
Kadai Chicken - Spicy,200 ml,420,27.0g,12.0g,30.0g,1.5g,690mg
Donut (Glazed) - Extra Cheese,150 ml,270,4.0g,31.0g,15.0g,1.0g,220mg
Capsicum (Red) - Extra Cheese,100 g,31,1.0g,6.0g,0.3g,2.1g,4mg
Strawberries - Mild,250 g,32,0.7g,7.7g,0.3g,2.0g,1mg
Prawn Malai Curry - Home Style,200 g,420,22.0g,10.0g,32.0g,0.5g,560mg
Bagel - Street Style,150 ml,190,7.0g,36.0g,1.5g,2.0g,280mg
Fafda - Mild,150 ml,220,5.0g,28.0g,10.0g,2.0g,480mg
Pav Bhaji - Spicy,300 g,380,9.0g,52.0g,16.0g,7.0g,620mg
Beetroot - Home Style,150 ml,43,1.6g,9.6g,0.2g,2.8g,78mg
Pepperoni Pizza (1 slice),200 ml,310,14.0g,33.0g,14.0g,1.5g,680mg
Mutton Rogan Josh - Restaurant Style,300 g,520,28.0g,10.0g,42.0g,1.0g,680mg
Rava Idli,200 g,190,4.5g,32.0g,5.0g,1.5g,350mg
Chole Bhature - Restaurant Style,200 ml,580,15.0g,78.0g,24.0g,8.0g,890mg
Cheesecake (1 slice) - Home Style,300 g,350,7.0g,30.0g,22.0g,0.5g,280mg
Focaccia - Mild,200 g,230,6.5g,38.0g,6.0g,2.0g,370mg
Lassi (Sweet) - Home Style,150 g,150,4.0g,28.0g,3.0g,0g,80mg
Prawn Dim Sums - Mild,100 ml,230,13.0g,28.0g,8.0g,1.0g,440mg
Vada (2 pieces) - Home Style,100 ml,250,6.0g,28.0g,13.0g,3.0g,450mg
Hide & Seek (2 pcs) - Street Style,50 ml,105,1.5g,14.0g,5.0g,0.5g,35mg
Flavored Yogurt (Mango) - Street Style,200 ml,115,3.0g,19.0g,2.5g,0g,40mg
Shortbread Cookie - Street Style,200 g,105,1.0g,12.0g,6.0g,0.2g,30mg
Chicken Fried Rice,50 ml,460,20.0g,58.0g,16.0g,1.5g,780mg
McVeggie Wrap - Spicy,200 ml,420,11.0g,48.0g,20.0g,4.0g,720mg
McFlurry Oreo - Spicy,200 ml,340,7.0g,48.0g,13.0g,1.0g,140mg
Mac and Cheese - Home Style,150 ml,410,14.0g,48.0g,18.0g,1.5g,560mg
French Fries (Large),300 g,430,6.0g,55.0g,21.0g,4.5g,260mg
Brazil Nuts - Extra Cheese,100 g,195,4.0g,3.5g,19.5g,2.0g,1mg
Cabbage - Restaurant Style,200 g,25,1.3g,5.8g,0.1g,2.5g,18mg
Fish Curry - Mild,100 g,340,22.0g,10.0g,23.0g,1.5g,540mg
Rasgulla (2 pcs) - Spicy,150 ml,150,4.0g,28.0g,2.5g,0g,35mg
Flax Seeds (Alsi) - Home Style,150 ml,75,2.5g,4.0g,6.0g,4.0g,2mg
Guava,200 ml,68,2.6g,14.3g,1.0g,5.4g,2mg
Barfi (2 pcs) - Spicy,500 g,140,3.0g,18.0g,6.5g,0.3g,25mg
Poha - Restaurant Style,250 g,210,4.5g,38.0g,5.0g,3.5g,320mg
Peach,150 ml,51,1.2g,12.4g,0.3g,2.0g,0mg
Tofu Palak - Extra Cheese,50 ml,300,16.0g,12.0g,22.0g,4.5g,510mg
Veg Extravaganza (1 slice) - Street Style,500 g,320,12.0g,38.0g,13.5g,3.0g,620mg
Mooli Paratha - Restaurant Style,100 g,310,8.5g,45.0g,11.0g,4.5g,360mg
Tofu Palak - Spicy,250 g,300,16.0g,12.0g,22.0g,4.5g,510mg
McVeggie Burger - Extra Cheese,300 g,380,9.0g,46.0g,17.0g,3.0g,680mg
McChicken Burger - Extra Cheese,200 ml,450,16.0g,44.0g,22.0g,2.0g,780mg
Kolkata Biryani - Home Style,50 ml,560,24.0g,72.0g,20.0g,2.5g,890mg
Sweet Potato - Extra Cheese,300 g,86,1.6g,20.1g,0.1g,3.0g,55mg
Veg Korma - Street Style,100 ml,340,7.0g,24.0g,25.0g,4.0g,480mg
Aloo Chaat - Home Style,200 ml,220,4.0g,36.0g,7.0g,4.0g,380mg
Oat Milk - Home Style,500 g,90,3.0g,14.0g,3.0g,1.5g,100mg
Broccoli - Home Style,200 ml,34,2.8g,6.6g,0.4g,2.6g,33mg
Mutton Keema - Spicy,250 g,420,32.0g,6.0g,30.0g,0.5g,620mg
Laddu (1 pc) - Spicy,150 g,150,3.5g,18.0g,7.5g,1.0g,20mg
Mooli Paratha - Spicy,150 g,310,8.5g,45.0g,11.0g,4.5g,360mg
McFlurry KitKat - Street Style,150 ml,350,7.5g,49.0g,14.0g,1.0g,150mg
Gulab Jamun (2 pcs) - Home Style,150 ml,200,3.0g,32.0g,7.0g,0.5g,60mg
Malai Kofta,150 g,520,10.0g,38.0g,36.0g,5.0g,480mg
Chicken Tikka (6 pcs) - Restaurant Style,150 ml,420,42.0g,6.0g,25.0g,0.5g,680mg
Mysore Pak (1 pc),500 g,130,2.0g,16.0g,6.5g,0.2g,15mg
Shortbread Cookie - Mild,500 g,105,1.0g,12.0g,6.0g,0.2g,30mg
Cheese N Corn Pizza (1 slice) - Extra Cheese,150 ml,290,10.0g,34.0g,13.0g,2.0g,550mg
Malai Chaap (2 pcs) - Restaurant Style,250 g,440,22.0g,18.0g,32.0g,3.0g,560mg
Chicken Dim Sums - Restaurant Style,100 g,240,14.0g,28.0g,8.0g,1.5g,420mg
Paneer (Homemade) - Mild,100 ml,265,18.0g,6.0g,18.0g,0g,150mg
Avocado - Mild,50 ml,160,2.0g,8.5g,14.7g,6.7g,7mg
Figs (Anjeer),300 g,75,1.0g,19.0g,0.3g,2.5g,2mg
Watermelon - Mild,250 g,46,0.9g,11.5g,0.2g,0.6g,1mg
Navratna Korma - Street Style,150 g,380,8.0g,22.0g,30.0g,4.5g,520mg
Brazil Nuts - Mild,500 g,195,4.0g,3.5g,19.5g,2.0g,1mg
Pear - Extra Cheese,150 ml,81,0.6g,21.5g,0.2g,4.6g,1mg
Butter Chicken - Home Style,150 ml,485,22.4g,12.6g,38.2g,1.8g,720mg
Dabeli - Spicy,50 ml,280,6.0g,42.0g,9.0g,3.5g,490mg
Pani Puri (6 pieces),100 g,180,3.2g,32.0g,4.8g,2.0g,290mg
Veg Korma - Home Style,100 ml,340,7.0g,24.0g,25.0g,4.0g,480mg
Vada Pav - Home Style,500 g,290,6.5g,38.0g,12.5g,2.5g,520mg
Capsicum (Green) - Street Style,200 ml,20,0.9g,4.6g,0.2g,1.7g,3mg
Malai Kofta - Restaurant Style,100 g,520,10.0g,38.0g,36.0g,5.0g,480mg
Milk (Buffalo),200 ml,180,7.6g,10.0g,13.0g,0g,130mg
Cottage Cheese (Paneer) - Extra Cheese,100 ml,265,18.0g,6.0g,18.0g,0g,150mg
Pav Bhaji - Street Style,150 g,380,9.0g,52.0g,16.0g,7.0g,620mg
Veg Noodles - Extra Cheese,500 g,320,8.0g,52.0g,8.5g,3.0g,680mg
Tuna Sandwich - Spicy,150 g,380,22.0g,34.0g,18.0g,2.0g,620mg
BLT Sandwich - Restaurant Style,500 g,430,18.0g,36.0g,24.0g,2.5g,760mg
Almond Milk - Restaurant Style,200 ml,60,2.0g,8.0g,2.5g,1.0g,150mg
Tofu Matar - Extra Cheese,100 ml,280,15.0g,18.0g,16.0g,4.0g,480mg
Kadhi Pakora - Home Style,200 ml,300,10.0g,28.0g,16.0g,3.0g,580mg
Semiya Upma - Spicy,100 ml,240,5.0g,42.0g,5.5g,2.5g,410mg
Pedha (2 pcs) - Mild,300 g,130,3.0g,18.0g,5.5g,0g,35mg
Farmhouse Pizza (1 slice) - Restaurant Style,150 ml,300,11.0g,36.0g,12.5g,2.5g,580mg
Palak Dal,300 g,220,10.0g,22.0g,10.0g,5.0g,460mg
McFlurry KitKat - Home Style,300 g,350,7.5g,49.0g,14.0g,1.0g,150mg
Peanuts (Roasted) - Restaurant Style,250 g,170,7.5g,6.0g,14.0g,2.5g,90mg
Veg Pasta - Spicy,300 g,330,9.0g,50.0g,10.0g,3.5g,460mg
Club Sandwich - Extra Cheese,500 g,450,18.0g,44.0g,22.0g,3.0g,720mg
Hung Curd - Restaurant Style,500 g,120,11.0g,5.0g,6.5g,0g,50mg
Vada Pav - Street Style,100 ml,290,6.5g,38.0g,12.5g,2.5g,520mg
Marie Biscuit (4 pcs),200 g,90,1.5g,14.0g,3.0g,0.5g,60mg
Donut (Chocolate) - Restaurant Style,500 g,300,5.0g,34.0g,16.0g,1.0g,240mg
McSpicy Chicken Burger - Mild,150 ml,510,22.0g,46.0g,27.0g,2.0g,890mg
Dahi Vada - Restaurant Style,200 g,290,7.0g,38.0g,12.0g,3.0g,420mg
Dal Tadka - Street Style,200 g,210,9.0g,24.0g,9.0g,5.0g,460mg
Prawn Fried Rice - Restaurant Style,300 g,440,18.0g,58.0g,15.0g,1.5g,790mg
BLT Sandwich - Street Style,100 ml,430,18.0g,36.0g,24.0g,2.5g,760mg
Jam (1 tbsp) - Restaurant Style,50 ml,55,0.1g,14.0g,0g,0.2g,2mg
Bread Roll,100 ml,140,4.0g,25.0g,2.5g,1.2g,190mg
Gobi Manchurian (Gravy),250 g,350,5.5g,38.0g,19.0g,4.5g,720mg
Kiwi - Mild,500 g,61,1.1g,14.7g,0.5g,3.0g,3mg
Dragon Fruit - Spicy,100 g,60,1.2g,13.0g,0.4g,3.0g,0mg
Jowar Roti - Restaurant Style,150 ml,200,6.0g,36.0g,3.5g,4.5g,220mg
Maharaja Mac Veg - Street Style,300 g,520,16.0g,54.0g,27.0g,4.0g,920mg
Veg Pulao - Spicy,200 ml,280,6.0g,52.0g,5.5g,3.0g,410mg
Bhatura - Street Style,100 ml,320,7.0g,42.0g,14.0g,2.0g,410mg
Kaju Katli (2 pcs) - Street Style,200 ml,110,2.0g,14.0g,5.5g,0.2g,10mg
Palak Paneer - Mild,150 ml,350,14.0g,12.0g,27.0g,4.0g,490mg
Cranberries - Mild,100 ml,46,0.4g,12.0g,0.1g,4.6g,2mg
Prawn Fried Rice,150 g,440,18.0g,58.0g,15.0g,1.5g,790mg
Chicken Chettinad - Street Style,100 ml,400,26.0g,10.0g,29.0g,2.0g,710mg
Tomato Soup - Mild,150 g,80,2.0g,14.0g,2.0g,1.5g,490mg
Avocado - Restaurant Style,200 g,160,2.0g,8.5g,14.7g,6.7g,7mg
Chicken Pasta - Extra Cheese,200 g,420,22.0g,48.0g,16.0g,2.5g,590mg
Carrot Cake (1 slice) - Spicy,150 g,310,4.5g,40.0g,15.0g,2.0g,230mg
Cheese Slice - Restaurant Style,150 ml,70,4.5g,1.0g,5.5g,0g,180mg
Milk (Buffalo) - Extra Cheese,150 ml,180,7.6g,10.0g,13.0g,0g,130mg
Navratna Korma - Home Style,100 ml,380,8.0g,22.0g,30.0g,4.5g,520mg
Brownie (1 piece),150 g,220,2.5g,28.0g,11.0g,1.0g,100mg
McFlurry Oreo - Home Style,500 g,340,7.0g,48.0g,13.0g,1.0g,140mg
Lemon Rice - Restaurant Style,500 g,260,4.5g,48.0g,5.5g,2.0g,420mg
Capsicum (Green) - Spicy,150 g,20,0.9g,4.6g,0.2g,1.7g,3mg
Digestive Biscuit (2 pcs),500 g,95,1.5g,13.0g,4.0g,1.0g,60mg
Butter Cookie (2 pcs) - Extra Cheese,150 ml,95,1.0g,12.0g,5.0g,0.2g,30mg
Malai Paneer Tikka - Street Style,300 g,420,15.0g,14.0g,34.0g,1.5g,560mg
Onion Dosa - Mild,50 ml,310,6.5g,44.0g,11.5g,2.5g,490mg
Sourdough (2 slices) - Spicy,150 ml,180,6.0g,34.0g,1.5g,1.5g,340mg
Soan Papdi (2 pcs) - Street Style,200 ml,100,1.5g,12.0g,5.5g,0.2g,10mg
Veg Noodles,50 ml,320,8.0g,52.0g,8.5g,3.0g,680mg
McSpicy Paneer Burger - Extra Cheese,100 ml,470,14.0g,48.0g,24.0g,2.5g,820mg
Dahi Puri (6 pieces) - Home Style,200 ml,250,5.5g,36.0g,9.0g,2.5g,380mg
Egg Bhurji - Mild,300 g,210,14.0g,4.0g,15.0g,0.5g,420mg
Prawn Noodles,250 g,420,20.0g,50.0g,16.0g,1.5g,840mg
Hakka Noodles - Restaurant Style,100 g,340,7.5g,54.0g,10.0g,2.5g,720mg
Egg Fried Rice - Mild,100 g,420,14.0g,60.0g,13.0g,2.0g,750mg
Bitter Gourd - Street Style,200 g,17,1.0g,3.7g,0.2g,2.8g,5mg
Mutton Rogan Josh - Mild,250 g,520,28.0g,10.0g,42.0g,1.0g,680mg
Hot and Sour Soup - Spicy,100 g,95,3.0g,13.0g,3.5g,1.5g,720mg
Pav Bhaji,500 g,380,9.0g,52.0g,16.0g,7.0g,620mg
Palak Dal - Mild,250 g,220,10.0g,22.0g,10.0g,5.0g,460mg
McSpicy Chicken Burger,150 ml,510,22.0g,46.0g,27.0g,2.0g,890mg
Dhokla (4 pcs) - Street Style,50 ml,180,6.0g,28.0g,5.0g,2.5g,420mg
Peanut Butter (1 tbsp) - Restaurant Style,200 g,95,4.0g,3.5g,8.0g,1.0g,65mg
Ragi Mudde - Spicy,150 ml,180,5.0g,38.0g,1.5g,4.5g,10mg
Pepperoni Pizza (1 slice) - Restaurant Style,300 g,310,14.0g,33.0g,14.0g,1.5g,680mg
Milk (Buffalo),50 ml,180,7.6g,10.0g,13.0g,0g,130mg
Egg Bhurji - Home Style,500 g,210,14.0g,4.0g,15.0g,0.5g,420mg
Good Day (2 pcs) - Street Style,200 ml,100,1.2g,13.0g,4.8g,0.4g,40mg
Glucose Biscuit (2 pcs) - Home Style,200 ml,85,1.0g,14.0g,2.5g,0.3g,50mg
Tofu Butter Masala - Restaurant Style,50 ml,400,14.0g,14.0g,32.0g,3.5g,590mg
Chicken Biryani - Street Style,100 g,520,28.0g,65.0g,18.0g,2.0g,890mg
Gobi Manchurian (Dry),150 ml,380,6.0g,42.0g,21.0g,5.0g,680mg
Paneer Paratha - Street Style,150 ml,400,12.0g,48.0g,18.0g,3.5g,420mg
Fox Nuts (Makhana) - Extra Cheese,150 ml,110,4.5g,20.0g,1.5g,4.0g,8mg
Navratna Korma - Street Style,500 g,380,8.0g,22.0g,30.0g,4.5g,520mg
McVeggie Burger - Restaurant Style,200 g,380,9.0g,46.0g,17.0g,3.0g,680mg
Pedha (2 pcs) - Extra Cheese,150 ml,130,3.0g,18.0g,5.5g,0g,35mg
Veg Spring Roll - Home Style,200 ml,210,4.5g,30.0g,8.5g,3.0g,430mg
Chicken Fried Rice - Mild,200 ml,460,20.0g,58.0g,16.0g,1.5g,780mg
Kolkata Biryani - Spicy,150 ml,560,24.0g,72.0g,20.0g,2.5g,890mg
Sarson ka Saag - Mild,150 ml,220,7.0g,12.0g,16.0g,5.5g,480mg
McFlurry Oreo - Mild,200 ml,340,7.0g,48.0g,13.0g,1.0g,140mg
Vanilla Cake (1 slice) - Spicy,300 g,220,3.0g,32.0g,9.0g,0.5g,180mg
Beetroot - Spicy,150 ml,43,1.6g,9.6g,0.2g,2.8g,78mg
Chicken Curry,150 ml,380,26.0g,8.0g,27.0g,1.0g,620mg
Roasted Chana - Street Style,500 g,120,7.0g,18.0g,3.0g,4.5g,80mg
White Sauce Pasta - Home Style,50 ml,380,10.0g,48.0g,16.0g,2.5g,450mg
Hash Brown - Home Style,200 g,150,1.5g,16.0g,9.0g,1.5g,280mg
Rajasthani Dal - Mild,500 g,250,10.5g,26.0g,11.0g,5.5g,510mg
Milk (Skimmed) - Spicy,150 ml,68,6.8g,9.8g,0.4g,0g,120mg
Watermelon,100 g,46,0.9g,11.5g,0.2g,0.6g,1mg
Chicken Curry - Restaurant Style,100 g,380,26.0g,8.0g,27.0g,1.0g,620mg
Raspberries - Home Style,100 ml,52,1.2g,12.0g,0.7g,6.5g,1mg
Kiwi - Street Style,250 g,61,1.1g,14.7g,0.5g,3.0g,3mg
Misal Pav - Mild,300 g,380,14.0g,48.0g,16.0g,7.0g,720mg
Pav Bhaji - Extra Cheese,100 ml,380,9.0g,52.0g,16.0g,7.0g,620mg
Peas (Green) - Home Style,300 g,81,5.4g,14.5g,0.4g,5.1g,5mg
Malai Tikka (6 pcs) - Mild,150 ml,460,38.0g,8.0g,30.0g,0.5g,640mg
Tofu Palak - Spicy,100 ml,300,16.0g,12.0g,22.0g,4.5g,510mg
Gatte ki Sabzi,150 ml,260,8.0g,20.0g,16.0g,4.0g,520mg
French Beans - Restaurant Style,50 ml,31,1.8g,7.0g,0.1g,3.4g,6mg
Sweet Potato - Spicy,50 ml,86,1.6g,20.1g,0.1g,3.0g,55mg
Paneer Sandwich - Home Style,300 g,340,12.0g,36.0g,16.0g,2.0g,520mg
Alfredo Pasta - Street Style,100 g,420,12.0g,46.0g,20.0g,2.0g,520mg
Red Velvet Cake (1 slice) - Street Style,250 g,320,4.5g,42.0g,15.0g,1.0g,220mg
Tofu Palak - Street Style,100 g,300,16.0g,12.0g,22.0g,4.5g,510mg
Kanda Bhaji - Street Style,100 ml,280,4.0g,32.0g,15.0g,3.0g,460mg
Paneer Sandwich - Spicy,100 ml,340,12.0g,36.0g,16.0g,2.0g,520mg
Fish Biryani - Extra Cheese,300 g,500,28.0g,63.0g,17.0g,1.5g,860mg
Margherita Pizza (1 slice) - Street Style,200 g,285,12.0g,34.0g,11.0g,2.0g,520mg
Raj Kachori - Spicy,300 g,350,7.0g,48.0g,15.0g,4.5g,520mg
Snake Gourd - Street Style,100 g,20,0.8g,4.5g,0.2g,1.0g,4mg
Medu Vada - Restaurant Style,100 ml,270,6.5g,30.0g,14.0g,3.5g,480mg
Bajra Roti - Mild,150 g,210,6.5g,37.0g,4.0g,5.0g,230mg
Methi Thepla - Mild,250 g,115,3.2g,15.5g,4.8g,2.2g,125mg
Veg Extravaganza (1 slice) - Spicy,150 ml,320,12.0g,38.0g,13.5g,3.0g,620mg
Patra,150 g,170,3.0g,28.0g,5.5g,3.0g,410mg
Cheesecake (1 slice) - Home Style,150 ml,350,7.0g,30.0g,22.0g,0.5g,280mg
Soya Chunk Biryani - Restaurant Style,150 g,480,18.0g,70.0g,15.0g,6.0g,740mg
Fruit Chaat - Mild,200 ml,130,2.0g,30.0g,1.0g,3.5g,40mg
Rasgulla (2 pcs) - Street Style,500 g,150,4.0g,28.0g,2.5g,0g,35mg
Prunes - Spicy,150 ml,70,0.8g,18.5g,0.1g,2.0g,1mg
Bataka Vada - Restaurant Style,50 ml,290,6.0g,38.0g,12.0g,3.0g,480mg
Sourdough (2 slices) - Street Style,500 g,180,6.0g,34.0g,1.5g,1.5g,340mg
Donut (Glazed) - Spicy,250 g,270,4.0g,31.0g,15.0g,1.0g,220mg
Aloo Tikki (2 pcs) - Extra Cheese,250 g,240,4.0g,32.0g,11.0g,3.0g,420mg
Pumpkin Seeds - Extra Cheese,50 ml,160,8.0g,4.0g,13.5g,1.5g,5mg
Cheesecake (1 slice),100 ml,350,7.0g,30.0g,22.0g,0.5g,280mg
Pine Nuts - Street Style,100 ml,190,4.0g,4.0g,19.0g,1.5g,1mg
Honey (1 tbsp) - Restaurant Style,250 g,64,0.1g,17.3g,0g,0g,1mg
Undhiyu - Street Style,50 ml,280,6.0g,32.0g,14.0g,8.0g,440mg
Sambar Vada - Restaurant Style,300 g,310,7.5g,38.0g,14.0g,4.0g,520mg
Poori (2 pieces) - Street Style,200 ml,240,4.0g,32.0g,11.0g,1.5g,280mg
Red Velvet Cake (1 slice) - Restaurant Style,200 g,320,4.5g,42.0g,15.0g,1.0g,220mg
Egg Fried Rice - Street Style,100 g,420,14.0g,60.0g,13.0g,2.0g,750mg
Salted Butter (1 tbsp) - Extra Cheese,200 g,102,0.1g,0g,11.5g,0g,90mg
Hide & Seek (2 pcs) - Spicy,250 g,105,1.5g,14.0g,5.0g,0.5g,35mg
Barfi (2 pcs) - Home Style,200 g,140,3.0g,18.0g,6.5g,0.3g,25mg
Prawn Curry - Spicy,500 g,350,24.0g,9.0g,24.0g,1.0g,580mg
Mozzarella Cheese,150 g,85,6.0g,1.0g,6.0g,0g,140mg
Sunflower Seeds - Mild,100 ml,175,6.0g,6.0g,15.5g,3.0g,2mg
Kala Chana - Home Style,100 g,250,13.0g,34.0g,7.0g,9.0g,450mg
Broccoli - Restaurant Style,150 g,34,2.8g,6.6g,0.4g,2.6g,33mg
Chicken Dim Sums,50 ml,240,14.0g,28.0g,8.0g,1.5g,420mg
Walnuts (Akhrot),500 g,196,4.5g,4.0g,19.5g,2.0g,1mg
Hyderabadi Biryani - Street Style,100 g,620,30.0g,70.0g,24.0g,2.5g,980mg
Methi Thepla - Mild,150 ml,115,3.2g,15.5g,4.8g,2.2g,125mg
Butter Cookie (2 pcs) - Restaurant Style,100 ml,95,1.0g,12.0g,5.0g,0.2g,30mg
BLT Sandwich - Street Style,300 g,430,18.0g,36.0g,24.0g,2.5g,760mg
Chicken Noodle Soup - Spicy,100 g,160,10.0g,16.0g,6.0g,1.5g,640mg
Oatmeal Cookie - Home Style,150 ml,110,2.0g,16.0g,4.5g,1.5g,65mg
Mooli Paratha,100 g,310,8.5g,45.0g,11.0g,4.5g,360mg
Éclair - Home Style,150 g,240,4.0g,26.0g,13.0g,0.5g,170mg
McAloo Tikki Burger - Restaurant Style,50 ml,345,8.0g,48.0g,14.0g,3.5g,650mg
McFlurry KitKat - Extra Cheese,500 g,350,7.5g,49.0g,14.0g,1.0g,150mg
Singapore Noodles - Extra Cheese,100 ml,370,9.0g,54.0g,12.5g,3.0g,740mg
Apricots (Dried) - Spicy,100 ml,70,1.0g,18.0g,0.1g,2.0g,2mg
Chole Bhature - Home Style,200 g,580,15.0g,78.0g,24.0g,8.0g,890mg
Cheese Pizza (1 slice) - Restaurant Style,200 ml,300,11.5g,35.0g,13.0g,1.8g,560mg
Chia Seeds - Mild,250 g,70,2.5g,6.0g,4.5g,5.0g,2mg
Pomegranate - Spicy,100 ml,83,1.7g,18.7g,1.2g,4.0g,3mg
Gatte ki Sabzi - Extra Cheese,150 g,260,8.0g,20.0g,16.0g,4.0g,520mg
Cranberries - Mild,50 ml,46,0.4g,12.0g,0.1g,4.6g,2mg
Haryali Tikka - Restaurant Style,200 ml,400,40.0g,10.0g,23.0g,1.0g,660mg
Black Forest Cake (1 slice) - Street Style,300 g,330,4.0g,44.0g,15.5g,1.0g,210mg
Masala Chaas - Spicy,200 ml,55,2.5g,7.0g,2.0g,0.5g,220mg
Milk (Buffalo) - Street Style,200 ml,180,7.6g,10.0g,13.0g,0g,130mg
Kheer - Home Style,100 g,220,6.0g,36.0g,6.0g,0.5g,60mg
Bread Omlette - Restaurant Style,200 ml,290,12.0g,28.0g,15.0g,2.0g,480mg
Tofu Korma - Mild,200 g,340,14.0g,20.0g,24.0g,3.0g,540mg
Rasgulla (2 pcs) - Restaurant Style,100 ml,150,4.0g,28.0g,2.5g,0g,35mg
Bitter Gourd - Restaurant Style,200 g,17,1.0g,3.7g,0.2g,2.8g,5mg
Navratna Korma,150 g,380,8.0g,22.0g,30.0g,4.5g,520mg
Malai Chaap (2 pcs) - Street Style,200 ml,440,22.0g,18.0g,32.0g,3.0g,560mg
Fried Rice (Veg),200 g,380,8.0g,62.0g,11.0g,3.0g,720mg
Yogurt (Plain) - Spicy,150 ml,61,3.5g,4.7g,3.3g,0g,40mg
Pomegranate - Mild,500 g,83,1.7g,18.7g,1.2g,4.0g,3mg
Bourbon Biscuit (2 pcs) - Spicy,50 ml,90,1.0g,12.0g,4.5g,0.5g,35mg
Whole Wheat Bread (2 slices) - Street Style,200 ml,145,6.0g,26.0g,2.0g,4.0g,290mg
Soya Chunk Biryani - Extra Cheese,100 g,480,18.0g,70.0g,15.0g,6.0g,740mg
Roasted Chana - Extra Cheese,300 g,120,7.0g,18.0g,3.0g,4.5g,80mg
Akki Roti,100 g,220,5.0g,40.0g,4.5g,3.0g,290mg
Set Dosa (3 pcs),500 g,340,8.0g,54.0g,9.0g,4.0g,560mg
Dim Sums (4 pcs) - Home Style,250 g,210,8.0g,30.0g,6.0g,2.0g,380mg
Brioche Bun - Mild,150 ml,220,6.0g,28.0g,10.0g,1.0g,230mg
Tofu Bhurji - Street Style,150 g,260,18.0g,10.0g,17.0g,2.5g,490mg
Peanut Butter (1 tbsp) - Street Style,200 ml,95,4.0g,3.5g,8.0g,1.0g,65mg
Chicken Korma - Spicy,50 ml,440,24.0g,16.0g,31.0g,1.5g,650mg
Dahi Puri (6 pieces) - Street Style,250 g,250,5.5g,36.0g,9.0g,2.5g,380mg
Pad Thai Noodles - Spicy,100 ml,400,10.0g,58.0g,15.0g,3.0g,690mg
Roasted Chana - Spicy,200 g,120,7.0g,18.0g,3.0g,4.5g,80mg
Donut (Chocolate) - Spicy,150 ml,300,5.0g,34.0g,16.0g,1.0g,240mg
French Toast - Home Style,250 g,310,9.0g,32.0g,16.0g,1.0g,350mg
Lassi (Sweet) - Street Style,100 g,150,4.0g,28.0g,3.0g,0g,80mg
Oats Porridge - Spicy,300 g,160,6.0g,28.0g,3.0g,4.0g,40mg
Lobia - Restaurant Style,200 ml,240,12.0g,36.0g,6.0g,8.5g,430mg
Banana,300 g,105,1.3g,27.0g,0.4g,3.1g,1mg
Lemon Rice - Street Style,200 ml,260,4.5g,48.0g,5.5g,2.0g,420mg
Cauliflower - Restaurant Style,200 g,25,1.9g,5.0g,0.3g,2.0g,30mg
Hara Bhara Kabab (4 pcs) - Mild,100 ml,220,6.0g,28.0g,10.0g,4.5g,380mg
Ragi Roti - Home Style,150 ml,210,6.0g,38.0g,4.0g,5.0g,250mg
Gobi Paratha - Spicy,150 ml,320,9.0g,46.0g,11.0g,5.0g,350mg
Palak Dal - Spicy,100 ml,220,10.0g,22.0g,10.0g,5.0g,460mg
Bajra Roti - Home Style,100 g,210,6.5g,37.0g,4.0g,5.0g,230mg
Paneer Tikka Pizza (1 slice) - Mild,500 g,325,13.0g,35.0g,14.5g,2.0g,610mg
Peach - Extra Cheese,200 ml,51,1.2g,12.4g,0.3g,2.0g,0mg
Lobia - Street Style,150 ml,240,12.0g,36.0g,6.0g,8.5g,430mg
Tofu Tikka Masala - Spicy,250 g,370,16.0g,16.0g,28.0g,3.5g,620mg
McVeggie Wrap,150 ml,420,11.0g,48.0g,20.0g,4.0g,720mg
Puran Poli (with ghee) - Extra Cheese,250 g,350,7.5g,58.0g,10.2g,3.5g,45mg
Pomegranate - Spicy,300 g,83,1.7g,18.7g,1.2g,4.0g,3mg
Veg Noodle Soup - Home Style,200 g,120,4.0g,18.0g,3.5g,2.0g,580mg
McAloo Tikki Burger - Street Style,300 g,345,8.0g,48.0g,14.0g,3.5g,650mg
Jam (1 tbsp) - Street Style,200 g,55,0.1g,14.0g,0g,0.2g,2mg
Haryali Tikka - Street Style,200 g,400,40.0g,10.0g,23.0g,1.0g,660mg
Matar Pulao - Spicy,250 g,290,7.5g,52.0g,6.0g,3.5g,400mg
Cabbage - Mild,100 ml,25,1.3g,5.8g,0.1g,2.5g,18mg
Yogurt (Plain) - Restaurant Style,250 g,61,3.5g,4.7g,3.3g,0g,40mg
Jalebi Fafda - Extra Cheese,200 ml,380,7.0g,50.0g,17.0g,2.5g,520mg
Dal Makhani - Home Style,150 ml,320,12.0g,28.0g,18.0g,6.0g,480mg
Corn Flakes with Milk - Restaurant Style,500 g,210,7.0g,38.0g,4.0g,2.0g,180mg
Thepla (1 pc) - Mild,300 g,110,3.0g,15.0g,4.5g,2.0g,120mg
Reshmi Kabab (4 pcs),200 g,400,28.0g,6.0g,29.0g,0.5g,560mg
Rava Dosa - Street Style,150 ml,290,6.0g,42.0g,10.0g,2.0g,510mg
Tofu Bhurji - Restaurant Style,100 g,260,18.0g,10.0g,17.0g,2.5g,490mg
Kadhi Pakora - Street Style,150 g,300,10.0g,28.0g,16.0g,3.0g,580mg
Chia Seeds - Spicy,150 g,70,2.5g,6.0g,4.5g,5.0g,2mg
Mutton Biryani - Extra Cheese,100 ml,580,32.0g,62.0g,22.0g,1.5g,920mg
Pistachios (Pista) - Street Style,200 ml,160,5.8g,8.0g,12.5g,3.0g,1mg
Pink Sauce Pasta - Street Style,100 g,350,9.5g,50.0g,12.0g,3.0g,470mg
McSpicy Chicken Burger - Mild,200 ml,510,22.0g,46.0g,27.0g,2.0g,890mg
Ragda Pattice,50 ml,310,8.0g,48.0g,10.0g,6.0g,540mg
Lobia,200 ml,240,12.0g,36.0g,6.0g,8.5g,430mg
Almond Milk - Spicy,150 g,60,2.0g,8.0g,2.5g,1.0g,150mg
Nalli Nihari - Home Style,100 ml,560,30.0g,8.0g,46.0g,0.5g,780mg
Pineapple Cake (1 slice) - Extra Cheese,50 ml,260,3.0g,38.0g,10.0g,0.8g,170mg
McVeggie Wrap - Restaurant Style,100 ml,420,11.0g,48.0g,20.0g,4.0g,720mg
Galouti Kabab (4 pcs) - Home Style,200 g,420,18.0g,14.0g,32.0g,1.5g,480mg
Chocolate Chip Cookie - Extra Cheese,50 ml,120,1.5g,16.0g,6.0g,0.5g,50mg
Shahi Paneer - Street Style,150 g,490,13.0g,14.0g,42.0g,2.5g,560mg
Chikki (Peanut Brittle) - Street Style,50 ml,140,4.0g,18.0g,6.0g,1.5g,15mg
Mohanthal - Street Style,100 ml,240,5.0g,32.0g,11.0g,1.0g,30mg
Plum - Extra Cheese,50 ml,30,0.5g,7.5g,0.2g,0.9g,0mg
Hyderabadi Biryani,300 g,620,30.0g,70.0g,24.0g,2.5g,980mg
Dahi (Curd) - Spicy,100 g,70,3.5g,5.0g,4.0g,0g,45mg
Blueberries - Extra Cheese,100 ml,57,0.7g,14.5g,0.3g,2.4g,1mg
Chicken Korma - Spicy,500 g,440,24.0g,16.0g,31.0g,1.5g,650mg
Medu Vada - Restaurant Style,150 ml,270,6.5g,30.0g,14.0g,3.5g,480mg
French Toast - Street Style,500 g,310,9.0g,32.0g,16.0g,1.0g,350mg
Malai Tikka (6 pcs) - Spicy,150 g,460,38.0g,8.0g,30.0g,0.5g,640mg
Cucumber Sandwich - Extra Cheese,300 g,180,5.0g,30.0g,4.5g,3.0g,310mg
Raspberries - Extra Cheese,300 g,52,1.2g,12.0g,0.7g,6.5g,1mg
Hara Bhara Kabab (4 pcs) - Spicy,200 g,220,6.0g,28.0g,10.0g,4.5g,380mg
Pink Sauce Pasta - Spicy,200 g,350,9.5g,50.0g,12.0g,3.0g,470mg
Chole Masala - Extra Cheese,200 ml,280,11.0g,30.0g,12.0g,7.0g,520mg
Butterscotch Cake (1 slice) - Mild,300 g,300,3.5g,40.0g,14.0g,0.5g,190mg
Paneer Lababdar - Spicy,300 g,480,14.0g,15.0g,40.0g,2.0g,620mg
Pumpkin - Extra Cheese,100 g,26,1.0g,6.5g,0.1g,0.5g,1mg
McVeggie Burger - Restaurant Style,300 g,380,9.0g,46.0g,17.0g,3.0g,680mg
Aloo Tikki (2 pcs) - Street Style,150 g,240,4.0g,32.0g,11.0g,3.0g,420mg
Veg Spring Roll - Mild,150 g,210,4.5g,30.0g,8.5g,3.0g,430mg
Yogurt (Plain) - Home Style,150 g,61,3.5g,4.7g,3.3g,0g,40mg
Blackberries - Extra Cheese,250 g,43,1.4g,10.0g,0.5g,5.3g,1mg
Pine Nuts - Mild,100 ml,190,4.0g,4.0g,19.0g,1.5g,1mg
Rava Dosa - Mild,150 ml,290,6.0g,42.0g,10.0g,2.0g,510mg
Lobia,100 g,240,12.0g,36.0g,6.0g,8.5g,430mg
Red Velvet Cake (1 slice) - Mild,200 g,320,4.5g,42.0g,15.0g,1.0g,220mg
Medu Vada - Restaurant Style,100 ml,270,6.5g,30.0g,14.0g,3.5g,480mg
Bagel - Extra Cheese,50 ml,190,7.0g,36.0g,1.5g,2.0g,280mg
Paneer Lababdar - Spicy,150 g,480,14.0g,15.0g,40.0g,2.0g,620mg
Afghani Chaap - Home Style,250 g,420,24.0g,16.0g,30.0g,3.5g,540mg
Persimmon - Street Style,200 g,70,0.6g,18.6g,0.2g,3.6g,1mg
Prawn Noodles - Restaurant Style,500 g,420,20.0g,50.0g,16.0g,1.5g,840mg
Cream Crackers (2 pcs) - Home Style,200 g,75,1.2g,10.0g,3.0g,0.5g,70mg
Butter (1 tbsp) - Street Style,100 g,102,0.1g,0g,11.5g,0g,1mg
Milk (Toned) - Home Style,150 g,100,6.6g,9.8g,4.4g,0g,110mg
Upma - Restaurant Style,150 g,280,6.0g,48.0g,7.0g,3.5g,480mg
Set Dosa (3 pcs) - Spicy,250 g,340,8.0g,54.0g,9.0g,4.0g,560mg
Gobi Manchurian (Gravy),200 g,350,5.5g,38.0g,19.0g,4.5g,720mg
Mutton Rogan Josh,150 g,520,28.0g,10.0g,42.0g,1.0g,680mg
Chicken Club Sandwich - Extra Cheese,150 g,500,26.0g,42.0g,25.0g,2.5g,790mg
Zucchini - Restaurant Style,100 ml,17,1.2g,3.1g,0.3g,1.0g,8mg
Good Day (2 pcs) - Home Style,150 ml,100,1.2g,13.0g,4.8g,0.4g,40mg
Aloo Gobi,150 ml,170,4.0g,20.0g,8.0g,4.0g,350mg
Mango Lassi - Home Style,250 g,180,3.5g,32.0g,4.5g,0.5g,75mg
Papdi Chaat - Extra Cheese,500 g,280,5.0g,42.0g,10.0g,3.5g,460mg
Veg Biryani - Spicy,50 ml,450,10.0g,72.0g,13.0g,5.0g,720mg
Mushroom Pulao - Spicy,500 g,300,7.0g,50.0g,8.0g,3.5g,440mg
Paper Dosa - Home Style,150 g,350,7.0g,52.0g,12.0g,3.0g,530mg
Milk (Full Fat) - Extra Cheese,500 g,124,6.4g,9.6g,7.0g,0g,100mg
Chicken Lollipop (4 pcs) - Restaurant Style,500 g,480,28.0g,22.0g,32.0g,1.0g,850mg
Cheese Spread (1 tbsp) - Extra Cheese,300 g,45,2.0g,1.5g,3.5g,0g,120mg
Margherita Pizza (1 slice),300 g,285,12.0g,34.0g,11.0g,2.0g,520mg
Pav Bhaji - Spicy,100 ml,380,9.0g,52.0g,16.0g,7.0g,620mg
Veg Noodles - Street Style,200 ml,320,8.0g,52.0g,8.5g,3.0g,680mg
BBQ Chicken Pizza (1 slice),200 ml,350,16.0g,34.0g,17.0g,1.5g,740mg
Rajma Masala - Spicy,500 g,260,12.0g,32.0g,9.0g,8.0g,490mg
Croissant (Chocolate) - Restaurant Style,150 ml,280,5.0g,30.0g,16.0g,1.5g,230mg
Sesame Seeds (Til) - Extra Cheese,200 g,90,2.5g,4.0g,8.0g,1.5g,2mg
Veg Sandwich - Home Style,100 ml,250,8.0g,38.0g,7.0g,4.0g,420mg
Capsicum (Green) - Home Style,200 ml,20,0.9g,4.6g,0.2g,1.7g,3mg
Spinach - Mild,300 g,23,2.9g,3.6g,0.4g,2.2g,79mg
Garlic Fried Rice,200 g,420,8.5g,60.0g,14.0g,2.5g,810mg
Tofu Bhurji - Restaurant Style,100 g,260,18.0g,10.0g,17.0g,2.5g,490mg
Pav Bhaji - Restaurant Style,500 g,380,9.0g,52.0g,16.0g,7.0g,620mg
Milk (Skimmed) - Home Style,200 g,68,6.8g,9.8g,0.4g,0g,120mg
Cheesecake (1 slice) - Spicy,250 g,350,7.0g,30.0g,22.0g,0.5g,280mg
Capsicum (Yellow),250 g,27,1.0g,6.3g,0.2g,1.8g,3mg
Avocado,100 ml,160,2.0g,8.5g,14.7g,6.7g,7mg
Dates (Khajoor) - Street Style,500 g,90,0.8g,24.0g,0.2g,2.0g,1mg
Macadamia Nuts - Home Style,250 g,215,2.5g,4.0g,22.5g,2.5g,1mg
Gulab Jamun (2 pcs) - Street Style,300 g,200,3.0g,32.0g,7.0g,0.5g,60mg
McVeggie Burger - Restaurant Style,50 ml,380,9.0g,46.0g,17.0g,3.0g,680mg
Bagel - Street Style,500 g,190,7.0g,36.0g,1.5g,2.0g,280mg
Dhokla (4 pcs) - Home Style,200 g,180,6.0g,28.0g,5.0g,2.5g,420mg
Set Dosa (3 pcs) - Mild,500 g,340,8.0g,54.0g,9.0g,4.0g,560mg
Brioche Bun,150 ml,220,6.0g,28.0g,10.0g,1.0g,230mg
Okra (Bhindi) - Extra Cheese,500 g,33,1.9g,7.5g,0.2g,3.2g,7mg
Ciabatta - Restaurant Style,50 ml,210,7.0g,40.0g,3.0g,2.0g,350mg
Peas (Green),500 g,81,5.4g,14.5g,0.4g,5.1g,5mg
Cabbage - Extra Cheese,50 ml,25,1.3g,5.8g,0.1g,2.5g,18mg
Kachori (1 pc) - Street Style,100 g,260,5.0g,30.0g,13.0g,2.5g,340mg
Butter Cookie (2 pcs) - Street Style,200 ml,95,1.0g,12.0g,5.0g,0.2g,30mg
French Fries (Large),100 ml,430,6.0g,55.0g,21.0g,4.5g,260mg
Rasmalai (2 pcs),150 g,240,6.0g,32.0g,10.0g,0g,70mg
Veg Pasta - Mild,300 g,330,9.0g,50.0g,10.0g,3.5g,460mg
Tofu Korma - Mild,200 ml,340,14.0g,20.0g,24.0g,3.0g,540mg
Pear - Street Style,200 g,81,0.6g,21.5g,0.2g,4.6g,1mg
Dal Fry,200 g,230,9.5g,26.0g,10.0g,5.5g,490mg
Kheer - Restaurant Style,300 g,220,6.0g,36.0g,6.0g,0.5g,60mg
Chicken Fried Rice - Extra Cheese,500 g,460,20.0g,58.0g,16.0g,1.5g,780mg
French Toast - Spicy,100 g,310,9.0g,32.0g,16.0g,1.0g,350mg
Mutton Korma - Spicy,500 g,540,26.0g,14.0g,43.0g,1.0g,640mg
Muffin (Chocolate) - Home Style,300 g,250,4.0g,34.0g,11.0g,1.5g,190mg
Schezwan Noodles - Mild,500 g,380,8.0g,56.0g,13.0g,3.5g,880mg
Veg Noodles - Mild,500 g,320,8.0g,52.0g,8.5g,3.0g,680mg
Afghani Chaap - Extra Cheese,250 g,420,24.0g,16.0g,30.0g,3.5g,540mg
Chikki (Peanut Brittle) - Spicy,200 g,140,4.0g,18.0g,6.0g,1.5g,15mg
Chicken Vindaloo,250 g,420,24.0g,12.0g,30.0g,1.5g,820mg
Buttermilk (Chaas) - Extra Cheese,100 g,50,2.5g,6.0g,2.0g,0g,180mg
Lobia - Extra Cheese,50 ml,240,12.0g,36.0g,6.0g,8.5g,430mg
Chow Mein - Restaurant Style,100 ml,360,8.5g,50.0g,14.0g,3.0g,750mg
Star Fruit - Extra Cheese,200 ml,28,0.9g,6.0g,0.3g,2.5g,2mg
Dal Makhani - Extra Cheese,500 g,320,12.0g,28.0g,18.0g,6.0g,480mg
Mohanthal - Home Style,250 g,240,5.0g,32.0g,11.0g,1.0g,30mg
Celery - Street Style,100 g,16,0.7g,3.0g,0.2g,1.6g,80mg
Sweet Potato - Extra Cheese,500 g,86,1.6g,20.1g,0.1g,3.0g,55mg
Ghee Rice - Restaurant Style,200 g,320,4.0g,50.0g,11.0g,1.0g,310mg
Cucumber - Restaurant Style,500 g,15,0.7g,3.6g,0.1g,0.5g,2mg
Fig (Fresh) - Home Style,250 g,37,0.4g,9.6g,0.2g,1.4g,1mg
Apricots (Dried) - Street Style,200 ml,70,1.0g,18.0g,0.1g,2.0g,2mg
Avocado - Home Style,500 g,160,2.0g,8.5g,14.7g,6.7g,7mg
Cream Crackers (2 pcs) - Mild,150 g,75,1.2g,10.0g,3.0g,0.5g,70mg
Potato,500 g,77,2.0g,17.5g,0.1g,2.2g,6mg
Goan Fish Curry - Extra Cheese,250 g,330,21.0g,11.0g,22.0g,1.5g,570mg
Watermelon - Mild,150 g,46,0.9g,11.5g,0.2g,0.6g,1mg
Poha - Mild,50 ml,210,4.5g,38.0g,5.0g,3.5g,320mg
McFlurry Oreo - Street Style,200 g,340,7.0g,48.0g,13.0g,1.0g,140mg
Butter (1 tbsp),200 g,102,0.1g,0g,11.5g,0g,1mg
Brazil Nuts - Mild,150 ml,195,4.0g,3.5g,19.5g,2.0g,1mg
Gajar Ka Halwa - Spicy,200 ml,260,4.0g,38.0g,10.0g,2.5g,50mg
Kolkata Biryani - Street Style,150 g,560,24.0g,72.0g,20.0g,2.5g,890mg
Undhiyu - Street Style,200 g,280,6.0g,32.0g,14.0g,8.0g,440mg
Malai Kofta - Home Style,200 g,520,10.0g,38.0g,36.0g,5.0g,480mg
Tofu (Firm) - Restaurant Style,50 ml,145,15.0g,4.0g,8.0g,2.0g,10mg
Fish Curry - Restaurant Style,200 ml,340,22.0g,10.0g,23.0g,1.5g,540mg
Seekh Kabab (4 pcs) - Street Style,500 g,340,24.0g,8.0g,24.0g,2.0g,520mg
Chicken Pasta - Home Style,50 ml,420,22.0g,48.0g,16.0g,2.5g,590mg
Tofu Tikka Masala - Mild,200 g,370,16.0g,16.0g,28.0g,3.5g,620mg
Makki di Roti - Spicy,150 ml,240,6.5g,38.0g,7.0g,5.0g,260mg
Misal Pav - Extra Cheese,500 g,380,14.0g,48.0g,16.0g,7.0g,720mg
Egg Bhurji - Street Style,150 ml,210,14.0g,4.0g,15.0g,0.5g,420mg
Coconut Rice - Home Style,300 g,340,4.0g,44.0g,17.0g,3.0g,280mg
Whole Wheat Bread (2 slices) - Street Style,50 ml,145,6.0g,26.0g,2.0g,4.0g,290mg
Bread Roll - Home Style,250 g,140,4.0g,25.0g,2.5g,1.2g,190mg
Chicken Tikka (6 pcs) - Street Style,250 g,420,42.0g,6.0g,25.0g,0.5g,680mg
Macaron (1 pc),300 g,90,1.5g,12.0g,4.0g,0.2g,15mg
Paper Dosa - Spicy,150 g,350,7.0g,52.0g,12.0g,3.0g,530mg
Spinach - Spicy,150 g,23,2.9g,3.6g,0.4g,2.2g,79mg
Baingan Bharta,150 g,180,3.5g,16.0g,12.0g,5.0g,420mg
Tomato Rice - Extra Cheese,200 ml,270,5.0g,50.0g,5.0g,2.5g,490mg
Nectarine - Extra Cheese,150 ml,62,1.5g,15.0g,0.5g,2.4g,0mg
Egg Masala - Street Style,100 ml,310,13.0g,12.0g,23.0g,1.5g,520mg
McFlurry Oreo - Restaurant Style,300 g,340,7.0g,48.0g,13.0g,1.0g,140mg
Chicken Spring Roll - Restaurant Style,100 g,270,12.0g,28.0g,12.0g,2.0g,490mg
Bread Roll,250 g,140,4.0g,25.0g,2.5g,1.2g,190mg
Maharaja Mac Chicken - Spicy,200 ml,580,28.0g,52.0g,30.0g,3.0g,980mg
Plum - Extra Cheese,200 g,30,0.5g,7.5g,0.2g,0.9g,0mg
Guava - Street Style,150 g,68,2.6g,14.3g,1.0g,5.4g,2mg
Chicken Vindaloo - Mild,300 g,420,24.0g,12.0g,30.0g,1.5g,820mg
Figs (Anjeer) - Mild,50 ml,75,1.0g,19.0g,0.3g,2.5g,2mg
Kolkata Biryani - Restaurant Style,100 ml,560,24.0g,72.0g,20.0g,2.5g,890mg
Kanchipuram Idli - Extra Cheese,500 g,210,5.0g,34.0g,6.0g,2.0g,380mg
Bourbon Biscuit (2 pcs) - Extra Cheese,100 ml,90,1.0g,12.0g,4.5g,0.5g,35mg
Malai Paneer Tikka - Home Style,100 ml,420,15.0g,14.0g,34.0g,1.5g,560mg
Cheese Spread (1 tbsp) - Extra Cheese,150 g,45,2.0g,1.5g,3.5g,0g,120mg
Rasmalai (2 pcs) - Home Style,200 ml,240,6.0g,32.0g,10.0g,0g,70mg
Tofu Matar - Restaurant Style,200 ml,280,15.0g,18.0g,16.0g,4.0g,480mg
Jackfruit - Mild,100 ml,95,1.7g,23.3g,0.6g,1.5g,2mg
Avocado - Street Style,300 g,160,2.0g,8.5g,14.7g,6.7g,7mg
Steamed Rice - Mild,150 ml,260,5.0g,58.0g,0.5g,1.0g,5mg
Chow Mein - Home Style,200 g,360,8.5g,50.0g,14.0g,3.0g,750mg
Mix Veg - Spicy,250 g,150,4.0g,18.0g,7.0g,4.5g,390mg
Hyderabadi Biryani - Mild,200 g,620,30.0g,70.0g,24.0g,2.5g,980mg
Veg Pasta - Home Style,200 ml,330,9.0g,50.0g,10.0g,3.5g,460mg
Cluster Beans - Mild,150 ml,41,3.2g,7.7g,0.2g,3.5g,4mg
McSpicy Paneer Burger - Spicy,100 g,470,14.0g,48.0g,24.0g,2.5g,820mg
Dhokla (4 pcs) - Extra Cheese,50 ml,180,6.0g,28.0g,5.0g,2.5g,420mg
Prawn Fried Rice,50 ml,440,18.0g,58.0g,15.0g,1.5g,790mg
Almond Milk - Home Style,50 ml,60,2.0g,8.0g,2.5g,1.0g,150mg
Broccoli,150 ml,34,2.8g,6.6g,0.4g,2.6g,33mg
Tofu Kadai - Spicy,300 g,360,15.0g,16.0g,26.0g,3.5g,580mg
Chicken Biryani - Spicy,100 ml,520,28.0g,65.0g,18.0g,2.0g,890mg
Veg Noodles - Spicy,500 g,320,8.0g,52.0g,8.5g,3.0g,680mg
Chocolate Chip Cookie - Restaurant Style,300 g,120,1.5g,16.0g,6.0g,0.5g,50mg
Croissant - Mild,200 ml,230,4.5g,26.0g,12.0g,1.5g,210mg
Matar Pulao - Street Style,100 ml,290,7.5g,52.0g,6.0g,3.5g,400mg
Tandoori Paneer Tikka - Restaurant Style,150 ml,380,16.0g,12.0g,30.0g,2.0g,540mg
Mozzarella Cheese - Restaurant Style,150 g,85,6.0g,1.0g,6.0g,0g,140mg
Shami Kabab (4 pcs) - Restaurant Style,500 g,380,22.0g,16.0g,25.0g,2.0g,540mg
Mushroom Pulao - Extra Cheese,250 g,300,7.0g,50.0g,8.0g,3.5g,440mg
Motichoor Laddu - Street Style,150 ml,145,3.0g,18.0g,7.0g,0.8g,22mg
Sunflower Seeds - Mild,250 g,175,6.0g,6.0g,15.5g,3.0g,2mg
Tuna Sandwich,150 ml,380,22.0g,34.0g,18.0g,2.0g,620mg
Pepperoni Pizza (1 slice) - Street Style,100 g,310,14.0g,33.0g,14.0g,1.5g,680mg
Tomato Soup - Restaurant Style,500 g,80,2.0g,14.0g,2.0g,1.5g,490mg
Carrot,300 g,41,0.9g,9.6g,0.2g,2.8g,69mg
Black Forest Cake (1 slice) - Street Style,500 g,330,4.0g,44.0g,15.5g,1.0g,210mg
Palak Dal - Spicy,100 g,220,10.0g,22.0g,10.0g,5.0g,460mg
Cheese Spread (1 tbsp) - Restaurant Style,200 ml,45,2.0g,1.5g,3.5g,0g,120mg
Soft Serve Cone - Spicy,150 g,150,3.5g,24.0g,4.5g,0g,80mg
Fafda - Spicy,150 g,220,5.0g,28.0g,10.0g,2.0g,480mg
Cream Crackers (2 pcs) - Restaurant Style,300 g,75,1.2g,10.0g,3.0g,0.5g,70mg
Dabeli - Spicy,100 ml,280,6.0g,42.0g,9.0g,3.5g,490mg
Cranberries - Extra Cheese,300 g,46,0.4g,12.0g,0.1g,4.6g,2mg
Plum - Street Style,50 ml,30,0.5g,7.5g,0.2g,0.9g,0mg
Almond Milk,150 ml,60,2.0g,8.0g,2.5g,1.0g,150mg
Paper Dosa - Spicy,150 g,350,7.0g,52.0g,12.0g,3.0g,530mg
Mutton Korma - Spicy,100 g,540,26.0g,14.0g,43.0g,1.0g,640mg
French Toast - Home Style,200 ml,310,9.0g,32.0g,16.0g,1.0g,350mg
Aloo Tikki (2 pcs) - Mild,200 g,240,4.0g,32.0g,11.0g,3.0g,420mg
Dates (Khajoor) - Spicy,250 g,90,0.8g,24.0g,0.2g,2.0g,1mg
Schezwan Fried Rice - Mild,50 ml,440,9.0g,64.0g,15.0g,3.5g,890mg
Pedha (2 pcs) - Mild,150 ml,130,3.0g,18.0g,5.5g,0g,35mg
Dahi Bhalla - Extra Cheese,150 g,270,6.0g,38.0g,10.0g,3.0g,440mg
Muskmelon,150 g,51,1.3g,12.0g,0.3g,1.1g,16mg
Digestive Biscuit (2 pcs) - Extra Cheese,150 ml,95,1.5g,13.0g,4.0g,1.0g,60mg
Cinnamon Roll - Extra Cheese,250 g,290,5.0g,42.0g,11.0g,1.5g,250mg
Thepla (1 pc) - Extra Cheese,100 g,110,3.0g,15.0g,4.5g,2.0g,120mg
Paper Dosa - Spicy,150 g,350,7.0g,52.0g,12.0g,3.0g,530mg
Bhel Puri - Home Style,150 ml,210,4.0g,40.0g,5.0g,3.5g,340mg
Pesto Pasta - Spicy,150 ml,400,10.0g,44.0g,21.0g,4.0g,360mg
Akki Roti - Restaurant Style,100 g,220,5.0g,40.0g,4.5g,3.0g,290mg
Sabudana Khichdi - Extra Cheese,150 g,250,3.5g,48.0g,5.0g,2.0g,280mg
Tomato,250 g,18,0.9g,3.9g,0.2g,1.2g,5mg
Thepla (1 pc) - Restaurant Style,150 g,110,3.0g,15.0g,4.5g,2.0g,120mg
Blackberries,300 g,43,1.4g,10.0g,0.5g,5.3g,1mg
Poori (2 pieces) - Home Style,100 g,240,4.0g,32.0g,11.0g,1.5g,280mg
Egg Sandwich - Restaurant Style,150 ml,320,14.0g,32.0g,15.0g,2.0g,540mg
Tuna Sandwich - Mild,500 g,380,22.0g,34.0g,18.0g,2.0g,620mg
Peas (Green) - Restaurant Style,500 g,81,5.4g,14.5g,0.4g,5.1g,5mg
Dal Tadka - Home Style,300 g,210,9.0g,24.0g,9.0g,5.0g,460mg
Kanda Bhaji - Restaurant Style,150 ml,280,4.0g,32.0g,15.0g,3.0g,460mg
Kanchipuram Idli - Mild,200 ml,210,5.0g,34.0g,6.0g,2.0g,380mg
Dates (Khajoor),50 ml,90,0.8g,24.0g,0.2g,2.0g,1mg
Dhokla (4 pcs) - Restaurant Style,50 ml,180,6.0g,28.0g,5.0g,2.5g,420mg
Undhiyu - Restaurant Style,500 g,280,6.0g,32.0g,14.0g,8.0g,440mg
Sarson ka Saag - Home Style,250 g,220,7.0g,12.0g,16.0g,5.5g,480mg
Mutton Rogan Josh,150 ml,520,28.0g,10.0g,42.0g,1.0g,680mg
Lettuce,100 g,15,1.4g,2.9g,0.2g,1.3g,28mg
Gajar Ka Halwa - Street Style,200 ml,260,4.0g,38.0g,10.0g,2.5g,50mg
Lucknowi Biryani - Restaurant Style,300 g,600,28.0g,68.0g,23.0g,2.0g,950mg
McFlurry Oreo - Mild,500 g,340,7.0g,48.0g,13.0g,1.0g,140mg
Rajasthani Dal,200 ml,250,10.5g,26.0g,11.0g,5.5g,510mg
Soan Papdi (2 pcs) - Home Style,500 g,100,1.5g,12.0g,5.5g,0.2g,10mg
Handvo - Spicy,200 g,210,7.0g,32.0g,7.0g,4.0g,390mg
Flavored Yogurt (Strawberry) - Mild,100 g,110,3.0g,18.0g,2.5g,0g,40mg
Chicken Spring Roll - Mild,100 g,270,12.0g,28.0g,12.0g,2.0g,490mg
Afghani Chaap - Mild,200 ml,420,24.0g,16.0g,30.0g,3.5g,540mg
Chicken Tikka Masala - Home Style,100 g,460,28.0g,14.0g,32.0g,1.5g,780mg
Manchow Soup - Street Style,150 ml,90,3.0g,12.0g,3.5g,1.5g,680mg
Avocado - Mild,100 ml,160,2.0g,8.5g,14.7g,6.7g,7mg
Rye Bread (2 slices) - Spicy,500 g,150,5.5g,28.0g,2.0g,4.0g,310mg
Chilli Paneer (Gravy),150 g,390,13.0g,26.0g,26.0g,3.0g,740mg
Arrabbiata Pasta - Spicy,100 ml,320,8.5g,52.0g,8.5g,4.5g,510mg
Yogurt (Plain),300 g,61,3.5g,4.7g,3.3g,0g,40mg
Beetroot - Spicy,500 g,43,1.6g,9.6g,0.2g,2.8g,78mg
Banana - Spicy,100 ml,105,1.3g,27.0g,0.4g,3.1g,1mg
Akki Roti - Restaurant Style,250 g,220,5.0g,40.0g,4.5g,3.0g,290mg
Tandoori Paneer Tikka - Extra Cheese,250 g,380,16.0g,12.0g,30.0g,2.0g,540mg
Flax Seeds (Alsi) - Restaurant Style,100 g,75,2.5g,4.0g,6.0g,4.0g,2mg
Chicken Pasta - Restaurant Style,200 ml,420,22.0g,48.0g,16.0g,2.5g,590mg
Jowar Roti - Extra Cheese,500 g,200,6.0g,36.0g,3.5g,4.5g,220mg
Paneer Tikka Pizza (1 slice) - Home Style,200 ml,325,13.0g,35.0g,14.5g,2.0g,610mg
Undhiyu - Restaurant Style,250 g,280,6.0g,32.0g,14.0g,8.0g,440mg
McAloo Tikki Burger - Spicy,200 ml,345,8.0g,48.0g,14.0g,3.5g,650mg
Bhindi Masala - Extra Cheese,250 g,160,3.0g,14.0g,10.0g,4.5g,380mg
Milk (Full Fat) - Mild,100 ml,124,6.4g,9.6g,7.0g,0g,100mg
Nalli Nihari - Home Style,50 ml,560,30.0g,8.0g,46.0g,0.5g,780mg
Bataka Vada - Street Style,200 g,290,6.0g,38.0g,12.0g,3.0g,480mg
Buttermilk (Chaas) - Street Style,150 ml,50,2.5g,6.0g,2.0g,0g,180mg
McSpicy Chicken Burger,500 g,510,22.0g,46.0g,27.0g,2.0g,890mg
Pesto Pasta - Street Style,250 g,400,10.0g,44.0g,21.0g,4.0g,360mg
Strawberries - Home Style,200 g,32,0.7g,7.7g,0.3g,2.0g,1mg
Hide & Seek (2 pcs) - Mild,200 g,105,1.5g,14.0g,5.0g,0.5g,35mg
Shortbread Cookie - Extra Cheese,200 g,105,1.0g,12.0g,6.0g,0.2g,30mg
Drumstick,50 ml,64,2.1g,8.5g,0.2g,3.2g,8mg
Focaccia - Street Style,150 g,230,6.5g,38.0g,6.0g,2.0g,370mg
Bataka Vada - Home Style,500 g,290,6.0g,38.0g,12.0g,3.0g,480mg
Chicken Curry - Extra Cheese,250 g,380,26.0g,8.0g,27.0g,1.0g,620mg
Paneer (Homemade) - Mild,200 g,265,18.0g,6.0g,18.0g,0g,150mg
Drumstick - Restaurant Style,500 g,64,2.1g,8.5g,0.2g,3.2g,8mg
Rasmalai (2 pcs) - Spicy,150 ml,240,6.0g,32.0g,10.0g,0g,70mg
Chicken McNuggets (6 pcs) - Street Style,200 g,270,15.0g,16.0g,16.0g,1.0g,500mg
Orange,500 g,62,1.2g,15.4g,0.2g,3.1g,0mg
McChicken Burger - Restaurant Style,50 ml,450,16.0g,44.0g,22.0g,2.0g,780mg
Mexican Green Wave (1 slice),200 ml,280,9.0g,34.0g,12.0g,3.0g,540mg
Cupcake (Vanilla) - Restaurant Style,150 ml,210,2.5g,32.0g,8.5g,0.5g,160mg
Kachori (1 pc),500 g,260,5.0g,30.0g,13.0g,2.5g,340mg
Plain Dosa,200 g,230,5.0g,38.0g,6.0g,2.5g,420mg
Chocolate Chip Cookie - Mild,300 g,120,1.5g,16.0g,6.0g,0.5g,50mg
Dal Makhani - Mild,500 g,320,12.0g,28.0g,18.0g,6.0g,480mg
Gatte ki Sabzi - Mild,250 g,260,8.0g,20.0g,16.0g,4.0g,520mg
Broccoli - Street Style,50 ml,34,2.8g,6.6g,0.4g,2.6g,33mg
Mango - Restaurant Style,200 g,90,1.4g,22.0g,0.5g,2.6g,1mg
Tofu Kadai - Extra Cheese,200 ml,360,15.0g,16.0g,26.0g,3.5g,580mg
Sabudana Vada - Restaurant Style,300 g,230,4.0g,38.0g,7.0g,2.5g,340mg
Cranberries - Spicy,100 g,46,0.4g,12.0g,0.1g,4.6g,2mg
Wonton Soup - Spicy,300 g,140,8.0g,18.0g,4.5g,1.5g,610mg
Hazelnuts - Home Style,200 ml,176,4.5g,5.0g,17.0g,3.0g,0mg
Jeera Rice - Home Style,100 ml,240,4.5g,48.0g,3.0g,1.0g,290mg
Chicken Fried Rice - Home Style,150 ml,460,20.0g,58.0g,16.0g,1.5g,780mg
Malai Paneer Tikka - Spicy,150 ml,420,15.0g,14.0g,34.0g,1.5g,560mg
Masala Chaas,150 ml,55,2.5g,7.0g,2.0g,0.5g,220mg
Brinjal (Eggplant) - Spicy,150 ml,25,1.0g,5.9g,0.2g,3.0g,2mg
Prawn Noodles - Home Style,200 ml,420,20.0g,50.0g,16.0g,1.5g,840mg
Peach - Street Style,250 g,51,1.2g,12.4g,0.3g,2.0g,0mg
Poha - Street Style,200 g,210,4.5g,38.0g,5.0g,3.5g,320mg
Pumpkin Seeds - Spicy,300 g,160,8.0g,4.0g,13.5g,1.5g,5mg
Glucose Biscuit (2 pcs) - Mild,100 ml,85,1.0g,14.0g,2.5g,0.3g,50mg
Apple - Home Style,50 ml,78,0.4g,20.8g,0.2g,3.6g,1mg
Chilli Paneer (Gravy) - Restaurant Style,200 g,390,13.0g,26.0g,26.0g,3.0g,740mg
Bagel,200 g,190,7.0g,36.0g,1.5g,2.0g,280mg
Milk (Buffalo) - Extra Cheese,100 g,180,7.6g,10.0g,13.0g,0g,130mg
Gobi Paratha - Restaurant Style,150 g,320,9.0g,46.0g,11.0g,5.0g,350mg
Mayonnaise (1 tbsp) - Home Style,300 g,94,0.1g,0.1g,10.0g,0g,90mg
Cranberries,150 g,46,0.4g,12.0g,0.1g,4.6g,2mg
Steamed Rice - Street Style,100 g,260,5.0g,58.0g,0.5g,1.0g,5mg
Zucchini - Extra Cheese,300 g,17,1.2g,3.1g,0.3g,1.0g,8mg
Tandoori Paneer Tikka - Mild,150 ml,380,16.0g,12.0g,30.0g,2.0g,540mg
Gobi Manchurian (Gravy) - Mild,500 g,350,5.5g,38.0g,19.0g,4.5g,720mg
Prunes,150 ml,70,0.8g,18.5g,0.1g,2.0g,1mg
Mango,250 g,90,1.4g,22.0g,0.5g,2.6g,1mg
Veg Biryani,50 ml,450,10.0g,72.0g,13.0g,5.0g,720mg
Dal Makhani - Spicy,250 g,320,12.0g,28.0g,18.0g,6.0g,480mg
Guava - Restaurant Style,300 g,68,2.6g,14.3g,1.0g,5.4g,2mg
Tofu (Firm) - Spicy,150 ml,145,15.0g,4.0g,8.0g,2.0g,10mg
Paneer Lababdar - Restaurant Style,150 ml,480,14.0g,15.0g,40.0g,2.0g,620mg
Tofu Palak - Spicy,300 g,300,16.0g,12.0g,22.0g,4.5g,510mg
McVeggie Burger - Mild,200 g,380,9.0g,46.0g,17.0g,3.0g,680mg
Pecans - Restaurant Style,100 g,200,2.5g,4.0g,21.0g,2.5g,0mg
Maharaja Mac Veg - Spicy,150 g,520,16.0g,54.0g,27.0g,4.0g,920mg
Shami Kabab (4 pcs) - Mild,150 ml,380,22.0g,16.0g,25.0g,2.0g,540mg
Pesto Pasta - Spicy,100 ml,400,10.0g,44.0g,21.0g,4.0g,360mg
Paneer Tikka Masala - Mild,150 ml,460,15.0g,16.0g,38.0g,2.5g,680mg
Sambar Vada - Home Style,50 ml,310,7.5g,38.0g,14.0g,4.0g,520mg
Sarson ka Saag - Spicy,500 g,220,7.0g,12.0g,16.0g,5.5g,480mg
Samosa (1 pc),150 ml,210,3.5g,24.0g,11.0g,2.0g,290mg
Butter Cookie (2 pcs) - Extra Cheese,150 ml,95,1.0g,12.0g,5.0g,0.2g,30mg
Dim Sums (4 pcs) - Home Style,100 g,210,8.0g,30.0g,6.0g,2.0g,380mg
Raisins (Kishmish) - Street Style,100 g,90,1.0g,24.0g,0.1g,1.0g,5mg
Donut (Glazed) - Extra Cheese,100 ml,270,4.0g,31.0g,15.0g,1.0g,220mg
Soan Papdi (2 pcs) - Restaurant Style,200 g,100,1.5g,12.0g,5.5g,0.2g,10mg
Bhatura - Restaurant Style,300 g,320,7.0g,42.0g,14.0g,2.0g,410mg
Gobi Manchurian (Gravy) - Restaurant Style,200 ml,350,5.5g,38.0g,19.0g,4.5g,720mg
Dim Sums (4 pcs) - Home Style,100 ml,210,8.0g,30.0g,6.0g,2.0g,380mg
Soy Milk - Mild,200 ml,80,6.0g,8.0g,4.0g,1.0g,120mg
Hot and Sour Soup - Spicy,100 ml,95,3.0g,13.0g,3.5g,1.5g,720mg
Sesame Seeds (Til) - Mild,200 g,90,2.5g,4.0g,8.0g,1.5g,2mg
Peas (Green) - Restaurant Style,100 g,81,5.4g,14.5g,0.4g,5.1g,5mg
Fish Biryani - Restaurant Style,100 ml,500,28.0g,63.0g,17.0g,1.5g,860mg
Alfredo Pasta - Extra Cheese,50 ml,420,12.0g,46.0g,20.0g,2.0g,520mg
Flavored Yogurt (Mango) - Restaurant Style,150 g,115,3.0g,19.0g,2.5g,0g,40mg
Palak Paneer - Mild,500 g,350,14.0g,12.0g,27.0g,4.0g,490mg
Paneer Do Pyaza - Home Style,200 ml,430,13.0g,18.0g,34.0g,3.0g,590mg
Apricots (Dried) - Street Style,150 ml,70,1.0g,18.0g,0.1g,2.0g,2mg
Cucumber Sandwich - Spicy,500 g,180,5.0g,30.0g,4.5g,3.0g,310mg
Aloo Tikki (2 pcs) - Extra Cheese,100 g,240,4.0g,32.0g,11.0g,3.0g,420mg
Kala Chana - Spicy,50 ml,250,13.0g,34.0g,7.0g,9.0g,450mg
Chocolate Chip Cookie - Home Style,150 g,120,1.5g,16.0g,6.0g,0.5g,50mg
Dabeli - Street Style,300 g,280,6.0g,42.0g,9.0g,3.5g,490mg
Baingan Bharta,200 g,180,3.5g,16.0g,12.0g,5.0g,420mg
Bhel Puri - Street Style,50 ml,210,4.0g,40.0g,5.0g,3.5g,340mg
Masala Dosa - Home Style,500 g,315,8.2g,48.5g,9.8g,4.2g,580mg
Mutton Rogan Josh - Spicy,100 ml,520,28.0g,10.0g,42.0g,1.0g,680mg
Ragi Mudde - Extra Cheese,100 g,180,5.0g,38.0g,1.5g,4.5g,10mg
Walnuts (Akhrot) - Spicy,250 g,196,4.5g,4.0g,19.5g,2.0g,1mg
Macaron (1 pc) - Restaurant Style,200 g,90,1.5g,12.0g,4.0g,0.2g,15mg
Digestive Biscuit (2 pcs) - Mild,200 g,95,1.5g,13.0g,4.0g,1.0g,60mg
Litchi - Restaurant Style,500 g,66,0.8g,16.5g,0.4g,1.3g,1mg
Pepperoni Pizza (1 slice),150 g,310,14.0g,33.0g,14.0g,1.5g,680mg
McVeggie Wrap - Home Style,500 g,420,11.0g,48.0g,20.0g,4.0g,720mg
Cheddar Cheese,150 g,120,7.0g,0.5g,10.0g,0g,180mg
Payasam,300 g,210,5.0g,38.0g,5.0g,0.5g,55mg
Almonds (Badam) - Restaurant Style,200 g,173,6.0g,6.0g,15.0g,3.5g,0mg
Tofu Bhurji - Street Style,250 g,260,18.0g,10.0g,17.0g,2.5g,490mg
Prawn Malai Curry - Restaurant Style,100 g,420,22.0g,10.0g,32.0g,0.5g,560mg
Set Dosa (3 pcs) - Street Style,100 g,340,8.0g,54.0g,9.0g,4.0g,560mg
Pumpkin - Extra Cheese,150 g,26,1.0g,6.5g,0.1g,0.5g,1mg
Chocolate Cake (1 slice) - Restaurant Style,200 ml,280,4.0g,38.0g,12.0g,1.0g,200mg
Palak Paneer - Mild,100 g,350,14.0g,12.0g,27.0g,4.0g,490mg
Sarson ka Saag - Restaurant Style,300 g,220,7.0g,12.0g,16.0g,5.5g,480mg
Hyderabadi Biryani - Street Style,150 g,620,30.0g,70.0g,24.0g,2.5g,980mg
Yogurt (Plain) - Mild,100 g,61,3.5g,4.7g,3.3g,0g,40mg
Peas (Green) - Restaurant Style,300 g,81,5.4g,14.5g,0.4g,5.1g,5mg
Red Velvet Cake (1 slice) - Home Style,150 ml,320,4.5g,42.0g,15.0g,1.0g,220mg
Mutton Curry - Restaurant Style,150 g,500,27.0g,9.0g,40.0g,1.0g,660mg
Flavored Yogurt (Mango) - Street Style,50 ml,115,3.0g,19.0g,2.5g,0g,40mg
Palak Dal,150 g,220,10.0g,22.0g,10.0g,5.0g,460mg
Sev Puri (6 pieces) - Restaurant Style,150 g,220,4.0g,34.0g,8.0g,2.5g,350mg
Tomato Rice - Home Style,100 g,270,5.0g,50.0g,5.0g,2.5g,490mg
Black Forest Cake (1 slice) - Spicy,200 g,330,4.0g,44.0g,15.5g,1.0g,210mg
Misal Pav - Street Style,500 g,380,14.0g,48.0g,16.0g,7.0g,720mg
Oats Porridge - Home Style,150 g,160,6.0g,28.0g,3.0g,4.0g,40mg
Banana,150 g,105,1.3g,27.0g,0.4g,3.1g,1mg
Tomato - Extra Cheese,50 ml,18,0.9g,3.9g,0.2g,1.2g,5mg
French Fries (Large) - Street Style,250 g,430,6.0g,55.0g,21.0g,4.5g,260mg
Fish Biryani - Street Style,100 ml,500,28.0g,63.0g,17.0g,1.5g,860mg
Kolkata Biryani - Spicy,250 g,560,24.0g,72.0g,20.0g,2.5g,890mg
Dim Sums (4 pcs) - Street Style,100 ml,210,8.0g,30.0g,6.0g,2.0g,380mg
Dhokla (4 pcs) - Home Style,150 g,180,6.0g,28.0g,5.0g,2.5g,420mg
Milk Biscuit (2 pcs) - Restaurant Style,50 ml,85,1.5g,12.0g,3.5g,0.3g,45mg
Muskmelon - Spicy,200 ml,51,1.3g,12.0g,0.3g,1.1g,16mg
Honey (1 tbsp) - Extra Cheese,250 g,64,0.1g,17.3g,0g,0g,1mg
Cheese Pizza (1 slice) - Spicy,100 g,300,11.5g,35.0g,13.0g,1.8g,560mg
Chikki (Peanut Brittle) - Street Style,200 ml,140,4.0g,18.0g,6.0g,1.5g,15mg
Aloo Chaat,200 g,220,4.0g,36.0g,7.0g,4.0g,380mg
Paneer Tikka Pizza (1 slice) - Street Style,250 g,325,13.0g,35.0g,14.5g,2.0g,610mg
Barfi (2 pcs) - Home Style,200 g,140,3.0g,18.0g,6.5g,0.3g,25mg
Undhiyu - Mild,150 g,280,6.0g,32.0g,14.0g,8.0g,440mg
Paneer Lababdar - Spicy,100 ml,480,14.0g,15.0g,40.0g,2.0g,620mg
Club Sandwich - Mild,50 ml,450,18.0g,44.0g,22.0g,3.0g,720mg
Brioche Bun - Restaurant Style,200 ml,220,6.0g,28.0g,10.0g,1.0g,230mg
Milk Biscuit (2 pcs) - Street Style,50 ml,85,1.5g,12.0g,3.5g,0.3g,45mg
Celery - Extra Cheese,150 ml,16,0.7g,3.0g,0.2g,1.6g,80mg
Oat Milk - Mild,200 ml,90,3.0g,14.0g,3.0g,1.5g,100mg
Aloo Matar - Home Style,150 ml,190,4.5g,20.0g,10.0g,4.0g,410mg
Chicken Tikka (6 pcs) - Home Style,500 g,420,42.0g,6.0g,25.0g,0.5g,680mg
Schezwan Fried Rice - Street Style,200 ml,440,9.0g,64.0g,15.0g,3.5g,890mg
Mac and Cheese - Mild,300 g,410,14.0g,48.0g,18.0g,1.5g,560mg
Poha - Street Style,300 g,210,4.5g,38.0g,5.0g,3.5g,320mg
Corn Flakes with Milk - Restaurant Style,150 ml,210,7.0g,38.0g,4.0g,2.0g,180mg
Pineapple Cake (1 slice) - Mild,250 g,260,3.0g,38.0g,10.0g,0.8g,170mg
Cranberries - Mild,200 ml,46,0.4g,12.0g,0.1g,4.6g,2mg
Ghee Rice - Spicy,300 g,320,4.0g,50.0g,11.0g,1.0g,310mg
McAloo Tikki Burger - Spicy,100 ml,345,8.0g,48.0g,14.0g,3.5g,650mg
Jam (1 tbsp),150 g,55,0.1g,14.0g,0g,0.2g,2mg
Nutella (1 tbsp) - Extra Cheese,150 g,100,1.2g,11.0g,5.5g,0.5g,8mg
Lucknowi Biryani - Restaurant Style,150 g,600,28.0g,68.0g,23.0g,2.0g,950mg
Pomegranate - Spicy,200 ml,83,1.7g,18.7g,1.2g,4.0g,3mg
Soya Pulao - Restaurant Style,200 ml,310,12.0g,48.0g,8.0g,4.0g,480mg
Rasgulla (2 pcs) - Extra Cheese,150 ml,150,4.0g,28.0g,2.5g,0g,35mg
Potato,250 g,77,2.0g,17.5g,0.1g,2.2g,6mg
Kheer - Street Style,100 ml,220,6.0g,36.0g,6.0g,0.5g,60mg
Tuna Sandwich - Mild,100 g,380,22.0g,34.0g,18.0g,2.0g,620mg
Undhiyu - Home Style,100 ml,280,6.0g,32.0g,14.0g,8.0g,440mg
Apple - Mild,200 ml,78,0.4g,20.8g,0.2g,3.6g,1mg
Khandvi (4 pcs) - Street Style,100 ml,150,5.0g,24.0g,4.0g,2.0g,380mg
Paneer Paratha - Extra Cheese,100 ml,400,12.0g,48.0g,18.0g,3.5g,420mg
Macadamia Nuts - Street Style,100 g,215,2.5g,4.0g,22.5g,2.5g,1mg
Chocolate Chip Cookie - Mild,100 g,120,1.5g,16.0g,6.0g,0.5g,50mg
Egg Noodles - Spicy,300 g,390,14.0g,52.0g,14.0g,2.0g,780mg
Black Forest Cake (1 slice) - Spicy,50 ml,330,4.0g,44.0g,15.5g,1.0g,210mg
Bhindi Masala - Restaurant Style,250 g,160,3.0g,14.0g,10.0g,4.5g,380mg
Spring Rolls (2 pcs),150 g,220,5.0g,28.0g,10.0g,2.5g,410mg
White Sauce Pasta - Street Style,200 ml,380,10.0g,48.0g,16.0g,2.5g,450mg
Sweet Potato - Extra Cheese,100 g,86,1.6g,20.1g,0.1g,3.0g,55mg
Milk Biscuit (2 pcs),100 g,85,1.5g,12.0g,3.5g,0.3g,45mg
Matar Paneer - Restaurant Style,100 ml,380,12.0g,16.0g,29.0g,3.5g,540mg
Peanuts (Roasted) - Street Style,100 ml,170,7.5g,6.0g,14.0g,2.5g,90mg
Cheesecake (1 slice) - Home Style,100 ml,350,7.0g,30.0g,22.0g,0.5g,280mg
Curd Rice,100 ml,220,6.0g,38.0g,4.5g,2.0g,310mg
Raisins (Kishmish) - Spicy,200 ml,90,1.0g,24.0g,0.1g,1.0g,5mg
Chicken McNuggets (6 pcs),150 g,270,15.0g,16.0g,16.0g,1.0g,500mg
Chicken Noodles - Spicy,250 g,440,22.0g,50.0g,17.0g,2.0g,820mg
Banana - Home Style,150 ml,105,1.3g,27.0g,0.4g,3.1g,1mg
Dal Baati Churma - Restaurant Style,150 g,650,18.0g,88.0g,24.0g,10.0g,580mg
Sev Puri (6 pieces) - Extra Cheese,200 g,220,4.0g,34.0g,8.0g,2.5g,350mg
Rava Idli - Street Style,100 g,190,4.5g,32.0g,5.0g,1.5g,350mg
Pineapple Cake (1 slice) - Home Style,150 g,260,3.0g,38.0g,10.0g,0.8g,170mg
Kheer - Street Style,50 ml,220,6.0g,36.0g,6.0g,0.5g,60mg
Margherita Pizza (1 slice) - Mild,500 g,285,12.0g,34.0g,11.0g,2.0g,520mg
Aglio Olio Pasta - Restaurant Style,100 ml,340,8.0g,50.0g,11.0g,3.0g,380mg
Dahi Bhalla - Home Style,100 g,270,6.0g,38.0g,10.0g,3.0g,440mg
Paneer Sandwich - Home Style,500 g,340,12.0g,36.0g,16.0g,2.0g,520mg
Cheese Slice - Mild,50 ml,70,4.5g,1.0g,5.5g,0g,180mg
Kanchipuram Idli - Spicy,200 ml,210,5.0g,34.0g,6.0g,2.0g,380mg
Maharaja Mac Chicken - Restaurant Style,100 ml,580,28.0g,52.0g,30.0g,3.0g,980mg
Oat Milk - Street Style,50 ml,90,3.0g,14.0g,3.0g,1.5g,100mg
Khakhra (1 pc) - Extra Cheese,100 ml,70,2.0g,10.0g,2.5g,1.5g,80mg
Brownie (1 piece) - Extra Cheese,500 g,220,2.5g,28.0g,11.0g,1.0g,100mg
Oatmeal Cookie - Home Style,250 g,110,2.0g,16.0g,4.5g,1.5g,65mg
Butterscotch Cake (1 slice) - Spicy,500 g,300,3.5g,40.0g,14.0g,0.5g,190mg
Bhatura - Restaurant Style,100 g,320,7.0g,42.0g,14.0g,2.0g,410mg
Kala Chana - Street Style,150 ml,250,13.0g,34.0g,7.0g,9.0g,450mg
Prawn Biryani - Spicy,50 ml,510,26.0g,64.0g,18.0g,1.5g,880mg
Snake Gourd - Street Style,500 g,20,0.8g,4.5g,0.2g,1.0g,4mg
Veg Biryani - Spicy,200 g,450,10.0g,72.0g,13.0g,5.0g,720mg
Egg Biryani - Restaurant Style,200 ml,490,18.0g,68.0g,16.0g,2.5g,810mg
Semiya Upma,100 ml,240,5.0g,42.0g,5.5g,2.5g,410mg
Chicken Club Sandwich - Extra Cheese,100 ml,500,26.0g,42.0g,25.0g,2.5g,790mg
Prawn Dim Sums - Home Style,150 g,230,13.0g,28.0g,8.0g,1.0g,440mg
Mohanthal,100 ml,240,5.0g,32.0g,11.0g,1.0g,30mg
Dahi Puri (6 pieces) - Mild,100 ml,250,5.5g,36.0g,9.0g,2.5g,380mg
Sweet Corn Soup - Spicy,200 ml,110,3.5g,18.0g,3.0g,1.5g,520mg
French Toast - Home Style,200 g,310,9.0g,32.0g,16.0g,1.0g,350mg
Cauliflower,50 ml,25,1.9g,5.0g,0.3g,2.0g,30mg
Hash Brown - Street Style,250 g,150,1.5g,16.0g,9.0g,1.5g,280mg
Gatte ki Sabzi - Home Style,50 ml,260,8.0g,20.0g,16.0g,4.0g,520mg
Mutton Curry,200 ml,500,27.0g,9.0g,40.0g,1.0g,660mg
Khakhra (1 pc) - Restaurant Style,100 ml,70,2.0g,10.0g,2.5g,1.5g,80mg
Grapes ,200 g,69,0.7g,18.0g,0.2g,0.9g,2mg
Steamed Rice,100 g,260,5.0g,58.0g,0.5g,1.0g,5mg
Gobi Manchurian (Gravy),250 g,350,5.5g,38.0g,19.0g,4.5g,720mg
French Toast - Restaurant Style,500 g,310,9.0g,32.0g,16.0g,1.0g,350mg
Pomegranate - Street Style,150 g,83,1.7g,18.7g,1.2g,4.0g,3mg
Upma - Extra Cheese,50 ml,280,6.0g,48.0g,7.0g,3.5g,480mg
Margherita Pizza (1 slice) - Home Style,100 ml,285,12.0g,34.0g,11.0g,2.0g,520mg
Donut (Chocolate) - Mild,50 ml,300,5.0g,34.0g,16.0g,1.0g,240mg
Greek Yogurt - Restaurant Style,150 ml,100,10.0g,4.0g,5.0g,0g,35mg
Peanuts (Roasted) - Spicy,200 g,170,7.5g,6.0g,14.0g,2.5g,90mg
Watermelon - Home Style,50 ml,46,0.9g,11.5g,0.2g,0.6g,1mg
Dahi Vada - Street Style,50 ml,290,7.0g,38.0g,12.0g,3.0g,420mg
Chicken Biryani - Spicy,100 g,520,28.0g,65.0g,18.0g,2.0g,890mg
Cranberries - Spicy,200 ml,46,0.4g,12.0g,0.1g,4.6g,2mg
Poha Jalebi - Extra Cheese,50 ml,380,5.0g,62.0g,13.0g,2.5g,360mg
Cheese Pizza (1 slice) - Restaurant Style,200 ml,300,11.5g,35.0g,13.0g,1.8g,560mg
Peanuts (Raw) - Mild,250 g,160,7.0g,5.0g,14.0g,2.5g,5mg
Bataka Vada - Restaurant Style,250 g,290,6.0g,38.0g,12.0g,3.0g,480mg
Hakka Noodles - Extra Cheese,150 g,340,7.5g,54.0g,10.0g,2.5g,720mg
Egg Curry,200 ml,290,12.0g,10.0g,22.0g,1.5g,490mg
Chicken Pasta,200 ml,420,22.0g,48.0g,16.0g,2.5g,590mg
Prawn Malai Curry - Spicy,150 ml,420,22.0g,10.0g,32.0g,0.5g,560mg
Dahi Vada - Home Style,500 g,290,7.0g,38.0g,12.0g,3.0g,420mg
Gobi Paratha - Extra Cheese,150 ml,320,9.0g,46.0g,11.0g,5.0g,350mg
Chicken Chettinad,150 ml,400,26.0g,10.0g,29.0g,2.0g,710mg
Samosa (1 pc) - Spicy,150 g,210,3.5g,24.0g,11.0g,2.0g,290mg
Cheesecake (1 slice) - Restaurant Style,100 g,350,7.0g,30.0g,22.0g,0.5g,280mg
Guava - Extra Cheese,100 ml,68,2.6g,14.3g,1.0g,5.4g,2mg
Macadamia Nuts - Mild,200 ml,215,2.5g,4.0g,22.5g,2.5g,1mg
Rasgulla (2 pcs),50 ml,150,4.0g,28.0g,2.5g,0g,35mg
Shahi Paneer - Mild,250 g,490,13.0g,14.0g,42.0g,2.5g,560mg
Mango Lassi - Spicy,100 ml,180,3.5g,32.0g,4.5g,0.5g,75mg
Tomato - Mild,150 ml,18,0.9g,3.9g,0.2g,1.2g,5mg
Egg Sandwich,150 ml,320,14.0g,32.0g,15.0g,2.0g,540mg
Ragda Pattice - Home Style,50 ml,310,8.0g,48.0g,10.0g,6.0g,540mg
Butter (1 tbsp) - Home Style,300 g,102,0.1g,0g,11.5g,0g,1mg
Tomato Rice - Spicy,250 g,270,5.0g,50.0g,5.0g,2.5g,490mg
Dim Sums (4 pcs) - Street Style,250 g,210,8.0g,30.0g,6.0g,2.0g,380mg
Chilli Paneer (Dry) - Home Style,200 ml,420,14.0g,28.0g,28.0g,3.0g,720mg
Vanilla Cake (1 slice) - Spicy,150 ml,220,3.0g,32.0g,9.0g,0.5g,180mg
Sev Puri (6 pieces) - Extra Cheese,50 ml,220,4.0g,34.0g,8.0g,2.5g,350mg
White Sauce Pasta - Mild,100 g,380,10.0g,48.0g,16.0g,2.5g,450mg
Focaccia - Home Style,300 g,230,6.5g,38.0g,6.0g,2.0g,370mg
Onion Dosa,100 g,310,6.5g,44.0g,11.5g,2.5g,490mg
Cheddar Cheese - Restaurant Style,50 ml,120,7.0g,0.5g,10.0g,0g,180mg
Raj Kachori,150 g,350,7.0g,48.0g,15.0g,4.5g,520mg
Chocolate Cake (1 slice) - Restaurant Style,50 ml,280,4.0g,38.0g,12.0g,1.0g,200mg
Butter (1 tbsp) - Restaurant Style,150 g,102,0.1g,0g,11.5g,0g,1mg
Milk (Skimmed) - Home Style,250 g,68,6.8g,9.8g,0.4g,0g,120mg
Chicken Dim Sums - Restaurant Style,100 g,240,14.0g,28.0g,8.0g,1.5g,420mg
Mango Lassi - Home Style,300 g,180,3.5g,32.0g,4.5g,0.5g,75mg
Vada Pav - Spicy,200 ml,290,6.5g,38.0g,12.5g,2.5g,520mg
Egg Masala - Restaurant Style,100 ml,310,13.0g,12.0g,23.0g,1.5g,520mg
Paneer Tikka Pizza (1 slice) - Street Style,500 g,325,13.0g,35.0g,14.5g,2.0g,610mg
Deluxe Veggie (1 slice) - Home Style,100 g,295,10.5g,36.0g,12.0g,2.8g,590mg
Chicken Curry - Street Style,50 ml,380,26.0g,8.0g,27.0g,1.0g,620mg
Lychee,200 g,66,0.8g,16.5g,0.4g,1.3g,1mg
Mango - Mild,150 ml,90,1.4g,22.0g,0.5g,2.6g,1mg
Cabbage - Extra Cheese,300 g,25,1.3g,5.8g,0.1g,2.5g,18mg
Paneer (Homemade) - Home Style,50 ml,265,18.0g,6.0g,18.0g,0g,150mg
Flax Seeds (Alsi) - Street Style,150 ml,75,2.5g,4.0g,6.0g,4.0g,2mg
Dragon Fruit,50 ml,60,1.2g,13.0g,0.4g,3.0g,0mg
Pineapple Cake (1 slice),150 ml,260,3.0g,38.0g,10.0g,0.8g,170mg
Paneer Tikka Pizza (1 slice) - Extra Cheese,300 g,325,13.0g,35.0g,14.5g,2.0g,610mg
Haryali Tikka,200 g,400,40.0g,10.0g,23.0g,1.0g,660mg
Cheese Spread (1 tbsp),100 g,45,2.0g,1.5g,3.5g,0g,120mg
Broccoli - Home Style,100 g,34,2.8g,6.6g,0.4g,2.6g,33mg
Gatte ki Sabzi,200 ml,260,8.0g,20.0g,16.0g,4.0g,520mg
Patra,250 g,170,3.0g,28.0g,5.5g,3.0g,410mg
Spring Rolls (2 pcs) - Spicy,250 g,220,5.0g,28.0g,10.0g,2.5g,410mg
Chicken Spring Roll - Restaurant Style,150 g,270,12.0g,28.0g,12.0g,2.0g,490mg
Aloo Gobi - Restaurant Style,100 g,170,4.0g,20.0g,8.0g,4.0g,350mg
Mango - Home Style,500 g,90,1.4g,22.0g,0.5g,2.6g,1mg
Paneer Tikka Masala - Home Style,50 ml,460,15.0g,16.0g,38.0g,2.5g,680mg
Gulab Jamun (2 pcs) - Home Style,500 g,200,3.0g,32.0g,7.0g,0.5g,60mg
Manchow Soup - Spicy,150 ml,90,3.0g,12.0g,3.5g,1.5g,680mg
Snake Gourd,250 g,20,0.8g,4.5g,0.2g,1.0g,4mg
Custard Apple - Restaurant Style,200 g,101,2.1g,23.5g,0.6g,2.4g,4mg
Dal Fry - Restaurant Style,200 g,230,9.5g,26.0g,10.0g,5.5g,490mg
Dahi (Curd) - Spicy,150 g,70,3.5g,5.0g,4.0g,0g,45mg
Tofu (Firm) - Spicy,100 ml,145,15.0g,4.0g,8.0g,2.0g,10mg
Chicken Spring Roll - Extra Cheese,150 g,270,12.0g,28.0g,12.0g,2.0g,490mg
White Bread (2 slices) - Mild,200 g,160,5.0g,28.0g,2.5g,1.0g,300mg
French Toast - Street Style,200 ml,310,9.0g,32.0g,16.0g,1.0g,350mg
Fafda - Mild,100 ml,220,5.0g,28.0g,10.0g,2.0g,480mg
Whole Wheat Bread (2 slices) - Spicy,200 g,145,6.0g,26.0g,2.0g,4.0g,290mg
Pongal - Mild,50 ml,340,8.0g,58.0g,8.5g,3.0g,420mg
Masala Chaas - Restaurant Style,100 ml,55,2.5g,7.0g,2.0g,0.5g,220mg
Palak Dal,100 g,220,10.0g,22.0g,10.0g,5.0g,460mg
Sabudana Khichdi - Extra Cheese,150 g,250,3.5g,48.0g,5.0g,2.0g,280mg
Good Day (2 pcs) - Street Style,250 g,100,1.2g,13.0g,4.8g,0.4g,40mg
Manchow Soup - Extra Cheese,150 ml,90,3.0g,12.0g,3.5g,1.5g,680mg
Pepperoni Pizza (1 slice) - Spicy,150 ml,310,14.0g,33.0g,14.0g,1.5g,680mg
Lemon Rice - Extra Cheese,150 ml,260,4.5g,48.0g,5.5g,2.0g,420mg
Banana - Restaurant Style,50 ml,105,1.3g,27.0g,0.4g,3.1g,1mg
Brown Bread (2 slices) - Spicy,300 g,140,6.0g,24.0g,2.0g,3.0g,280mg
Ghee Rice - Street Style,300 g,320,4.0g,50.0g,11.0g,1.0g,310mg
Vanilla Cake (1 slice) - Home Style,300 g,220,3.0g,32.0g,9.0g,0.5g,180mg
Peanuts (Raw) - Extra Cheese,200 ml,160,7.0g,5.0g,14.0g,2.5g,5mg
Cheese Slice - Home Style,150 ml,70,4.5g,1.0g,5.5g,0g,180mg
Mayonnaise (1 tbsp) - Restaurant Style,500 g,94,0.1g,0.1g,10.0g,0g,90mg
Panchmel Dal,300 g,240,10.0g,27.0g,10.5g,5.5g,470mg
Soya Pulao,100 g,310,12.0g,48.0g,8.0g,4.0g,480mg
Mango Lassi - Extra Cheese,100 ml,180,3.5g,32.0g,4.5g,0.5g,75mg
Veg Pasta,200 ml,330,9.0g,50.0g,10.0g,3.5g,460mg
Fafda - Extra Cheese,200 g,220,5.0g,28.0g,10.0g,2.0g,480mg
Cream Crackers (2 pcs) - Street Style,250 g,75,1.2g,10.0g,3.0g,0.5g,70mg
Soy Milk - Home Style,250 g,80,6.0g,8.0g,4.0g,1.0g,120mg
Tamarind Rice - Extra Cheese,500 g,280,4.5g,52.0g,5.0g,2.5g,510mg
Soy Milk - Street Style,300 g,80,6.0g,8.0g,4.0g,1.0g,120mg
Cupcake (Vanilla) - Restaurant Style,300 g,210,2.5g,32.0g,8.5g,0.5g,160mg
Thatte Idli - Spicy,500 g,200,5.5g,36.0g,4.5g,2.5g,360mg
Hazelnuts - Restaurant Style,150 g,176,4.5g,5.0g,17.0g,3.0g,0mg
McChicken Wrap - Mild,250 g,480,18.0g,46.0g,25.0g,2.5g,790mg
Paneer Lababdar - Extra Cheese,150 g,480,14.0g,15.0g,40.0g,2.0g,620mg
Set Dosa (3 pcs) - Extra Cheese,150 g,340,8.0g,54.0g,9.0g,4.0g,560mg
Custard Apple - Home Style,300 g,101,2.1g,23.5g,0.6g,2.4g,4mg
Brioche Bun,150 g,220,6.0g,28.0g,10.0g,1.0g,230mg
French Toast - Restaurant Style,500 g,310,9.0g,32.0g,16.0g,1.0g,350mg
Hide & Seek (2 pcs) - Street Style,300 g,105,1.5g,14.0g,5.0g,0.5g,35mg
Hazelnuts - Mild,500 g,176,4.5g,5.0g,17.0g,3.0g,0mg
Kadai Chicken - Home Style,150 ml,420,27.0g,12.0g,30.0g,1.5g,690mg
Tomato - Restaurant Style,50 ml,18,0.9g,3.9g,0.2g,1.2g,5mg
Kadai Paneer - Extra Cheese,250 g,420,12.5g,15.0g,34.0g,3.0g,610mg
Orange - Home Style,300 g,62,1.2g,15.4g,0.2g,3.1g,0mg
Chocolate Chip Cookie,200 g,120,1.5g,16.0g,6.0g,0.5g,50mg
Poori (2 pieces) - Home Style,200 ml,240,4.0g,32.0g,11.0g,1.5g,280mg
Banana - Home Style,500 g,105,1.3g,27.0g,0.4g,3.1g,1mg
Sabudana Khichdi - Extra Cheese,200 g,250,3.5g,48.0g,5.0g,2.0g,280mg
Fish Biryani - Restaurant Style,200 ml,500,28.0g,63.0g,17.0g,1.5g,860mg
Mutton Biryani - Spicy,150 ml,580,32.0g,62.0g,22.0g,1.5g,920mg
Chicken Chettinad - Home Style,250 g,400,26.0g,10.0g,29.0g,2.0g,710mg
Hazelnuts,100 ml,176,4.5g,5.0g,17.0g,3.0g,0mg
Red Sauce Pasta - Mild,100 g,310,9.0g,52.0g,8.0g,4.0g,490mg
Hash Brown - Spicy,200 ml,150,1.5g,16.0g,9.0g,1.5g,280mg
Pav Bhaji - Mild,150 g,380,9.0g,52.0g,16.0g,7.0g,620mg
Donut (Chocolate) - Extra Cheese,300 g,300,5.0g,34.0g,16.0g,1.0g,240mg
Oreo (2 pcs) - Spicy,50 ml,110,1.0g,16.0g,5.0g,0.5g,75mg
Tangdi Kabab (2 pcs) - Spicy,200 ml,440,38.0g,5.0g,29.0g,0.5g,680mg
Hung Curd,500 g,120,11.0g,5.0g,6.5g,0g,50mg
Schezwan Fried Rice,50 ml,440,9.0g,64.0g,15.0g,3.5g,890mg
Fried Rice (Veg) - Extra Cheese,100 g,380,8.0g,62.0g,11.0g,3.0g,720mg
Bagel - Restaurant Style,200 ml,190,7.0g,36.0g,1.5g,2.0g,280mg
Goan Fish Curry - Home Style,200 ml,330,21.0g,11.0g,22.0g,1.5g,570mg
Fried Rice (Veg),150 g,380,8.0g,62.0g,11.0g,3.0g,720mg
Dal Fry - Mild,100 g,230,9.5g,26.0g,10.0g,5.5g,490mg
Oats Porridge - Home Style,100 ml,160,6.0g,28.0g,3.0g,4.0g,40mg
Pad Thai Noodles,100 g,400,10.0g,58.0g,15.0g,3.0g,690mg
Mutter Mushroom - Home Style,200 ml,200,5.0g,18.0g,11.0g,4.5g,430mg
Chikki (Peanut Brittle) - Spicy,100 ml,140,4.0g,18.0g,6.0g,1.5g,15mg
Undhiyu - Spicy,150 g,280,6.0g,32.0g,14.0g,8.0g,440mg
Arrabbiata Pasta - Spicy,200 ml,320,8.5g,52.0g,8.5g,4.5g,510mg
Star Fruit - Home Style,200 ml,28,0.9g,6.0g,0.3g,2.5g,2mg
Thatte Idli - Restaurant Style,100 g,200,5.5g,36.0g,4.5g,2.5g,360mg
Raj Kachori - Mild,250 g,350,7.0g,48.0g,15.0g,4.5g,520mg
Dim Sums (4 pcs) - Street Style,500 g,210,8.0g,30.0g,6.0g,2.0g,380mg
Paneer Sandwich - Mild,250 g,340,12.0g,36.0g,16.0g,2.0g,520mg
Baingan Bharta - Extra Cheese,150 g,180,3.5g,16.0g,12.0g,5.0g,420mg
Chicken Sausage Pizza (1 slice) - Extra Cheese,50 ml,330,15.0g,32.0g,16.0g,1.5g,720mg
Chicken Korma - Mild,100 ml,440,24.0g,16.0g,31.0g,1.5g,650mg
Ragi Mudde - Street Style,50 ml,180,5.0g,38.0g,1.5g,4.5g,10mg
Curd Rice,50 ml,220,6.0g,38.0g,4.5g,2.0g,310mg
Sweet Potato - Extra Cheese,500 g,86,1.6g,20.1g,0.1g,3.0g,55mg
Sarson ka Saag - Mild,150 g,220,7.0g,12.0g,16.0g,5.5g,480mg
Mayonnaise (1 tbsp) - Spicy,50 ml,94,0.1g,0.1g,10.0g,0g,90mg
Salty Lassi - Mild,150 g,120,4.0g,20.0g,3.0g,0g,260mg
Cottage Cheese (Paneer) - Restaurant Style,50 ml,265,18.0g,6.0g,18.0g,0g,150mg
Ragi Roti - Extra Cheese,200 ml,210,6.0g,38.0g,4.0g,5.0g,250mg
Celery - Home Style,150 ml,16,0.7g,3.0g,0.2g,1.6g,80mg
Butter (1 tbsp) - Mild,100 g,102,0.1g,0g,11.5g,0g,1mg
Maharaja Mac Chicken,150 g,580,28.0g,52.0g,30.0g,3.0g,980mg
French Toast - Restaurant Style,150 ml,310,9.0g,32.0g,16.0g,1.0g,350mg
Laddu (1 pc) - Street Style,150 ml,150,3.5g,18.0g,7.5g,1.0g,20mg
Shahi Paneer,500 g,490,13.0g,14.0g,42.0g,2.5g,560mg
Chilli Paneer (Dry) - Home Style,100 g,420,14.0g,28.0g,28.0g,3.0g,720mg
Goan Fish Curry - Street Style,50 ml,330,21.0g,11.0g,22.0g,1.5g,570mg
Bajra Roti,150 g,210,6.5g,37.0g,4.0g,5.0g,230mg
Jeera Rice - Home Style,150 ml,240,4.5g,48.0g,3.0g,1.0g,290mg
Tomato - Spicy,500 g,18,0.9g,3.9g,0.2g,1.2g,5mg
Dim Sums (4 pcs) - Street Style,200 g,210,8.0g,30.0g,6.0g,2.0g,380mg
Galouti Kabab (4 pcs) - Street Style,150 g,420,18.0g,14.0g,32.0g,1.5g,480mg
Digestive Biscuit (2 pcs) - Restaurant Style,200 g,95,1.5g,13.0g,4.0g,1.0g,60mg
Egg Noodles - Extra Cheese,200 ml,390,14.0g,52.0g,14.0g,2.0g,780mg
Dum Aloo - Street Style,50 ml,240,4.0g,22.0g,15.0g,3.0g,460mg
Tamarind Rice - Extra Cheese,100 g,280,4.5g,52.0g,5.0g,2.5g,510mg
Coconut Rice - Street Style,250 g,340,4.0g,44.0g,17.0g,3.0g,280mg
Veg Korma - Street Style,100 g,340,7.0g,24.0g,25.0g,4.0g,480mg
Hazelnuts,150 ml,176,4.5g,5.0g,17.0g,3.0g,0mg
Medu Vada,200 g,270,6.5g,30.0g,14.0g,3.5g,480mg
Chicken Biryani - Mild,500 g,520,28.0g,65.0g,18.0g,2.0g,890mg
Fried Rice (Veg) - Extra Cheese,50 ml,380,8.0g,62.0g,11.0g,3.0g,720mg
Matar Paneer,300 g,380,12.0g,16.0g,29.0g,3.5g,540mg
Capsicum (Yellow) - Spicy,200 g,27,1.0g,6.3g,0.2g,1.8g,3mg
Andhra Chicken Curry - Home Style,150 ml,390,25.0g,9.0g,28.0g,1.5g,740mg
Lobia - Mild,100 ml,240,12.0g,36.0g,6.0g,8.5g,430mg
Cashews (Kaju) - Restaurant Style,300 g,160,5.2g,9.0g,12.0g,1.0g,5mg
Figs (Anjeer) - Extra Cheese,50 ml,75,1.0g,19.0g,0.3g,2.5g,2mg
Veg Pasta - Mild,100 g,330,9.0g,50.0g,10.0g,3.5g,460mg
Dal Tadka - Home Style,150 g,210,9.0g,24.0g,9.0g,5.0g,460mg
Flavored Yogurt (Mango) - Mild,250 g,115,3.0g,19.0g,2.5g,0g,40mg
Sourdough (2 slices) - Extra Cheese,200 ml,180,6.0g,34.0g,1.5g,1.5g,340mg
Chicken Tikka Masala - Mild,100 ml,460,28.0g,14.0g,32.0g,1.5g,780mg
Capsicum (Yellow) - Mild,250 g,27,1.0g,6.3g,0.2g,1.8g,3mg
Chocolate Cake (1 slice),150 ml,280,4.0g,38.0g,12.0g,1.0g,200mg
Yogurt (Plain) - Restaurant Style,100 ml,61,3.5g,4.7g,3.3g,0g,40mg
Chicken Lollipop (4 pcs) - Mild,150 ml,480,28.0g,22.0g,32.0g,1.0g,850mg
Pav (Ladi Pav 1 pc) - Street Style,150 ml,110,3.0g,20.0g,1.5g,1.0g,160mg
Kachori (1 pc) - Mild,250 g,260,5.0g,30.0g,13.0g,2.5g,340mg
Apple - Spicy,150 ml,78,0.4g,20.8g,0.2g,3.6g,1mg
Pad Thai Noodles - Spicy,500 g,400,10.0g,58.0g,15.0g,3.0g,690mg
Palak Paneer - Spicy,100 ml,350,14.0g,12.0g,27.0g,4.0g,490mg
Medu Vada - Mild,100 ml,270,6.5g,30.0g,14.0g,3.5g,480mg
Pineapple Cake (1 slice) - Home Style,500 g,260,3.0g,38.0g,10.0g,0.8g,170mg
Pear - Street Style,500 g,81,0.6g,21.5g,0.2g,4.6g,1mg
Broccoli - Home Style,150 g,34,2.8g,6.6g,0.4g,2.6g,33mg
Gujarati Dal,300 g,200,8.0g,28.0g,6.0g,5.0g,440mg
Oreo (2 pcs) - Street Style,150 g,110,1.0g,16.0g,5.0g,0.5g,75mg
Flavored Yogurt (Strawberry) - Extra Cheese,150 g,110,3.0g,18.0g,2.5g,0g,40mg
Capsicum (Yellow),100 g,27,1.0g,6.3g,0.2g,1.8g,3mg
Egg Masala - Extra Cheese,250 g,310,13.0g,12.0g,23.0g,1.5g,520mg
Thatte Idli - Mild,150 ml,200,5.5g,36.0g,4.5g,2.5g,360mg
Spinach - Home Style,300 g,23,2.9g,3.6g,0.4g,2.2g,79mg
Apple,150 ml,78,0.4g,20.8g,0.2g,3.6g,1mg
Snake Gourd - Spicy,250 g,20,0.8g,4.5g,0.2g,1.0g,4mg
Paneer Sandwich - Restaurant Style,200 ml,340,12.0g,36.0g,16.0g,2.0g,520mg
Dal Baati Churma - Mild,300 g,650,18.0g,88.0g,24.0g,10.0g,580mg
Paneer Tikka Masala - Mild,200 ml,460,15.0g,16.0g,38.0g,2.5g,680mg
Kala Chana - Home Style,100 g,250,13.0g,34.0g,7.0g,9.0g,450mg
Chow Mein - Restaurant Style,500 g,360,8.5g,50.0g,14.0g,3.0g,750mg
Undhiyu - Street Style,100 g,280,6.0g,32.0g,14.0g,8.0g,440mg
Greek Yogurt,150 g,100,10.0g,4.0g,5.0g,0g,35mg
Red Sauce Pasta - Street Style,200 g,310,9.0g,52.0g,8.0g,4.0g,490mg
Chow Mein,200 ml,360,8.5g,50.0g,14.0g,3.0g,750mg
Pine Nuts - Extra Cheese,200 ml,190,4.0g,4.0g,19.0g,1.5g,1mg
Ghee Rice - Street Style,200 ml,320,4.0g,50.0g,11.0g,1.0g,310mg
Dabeli - Home Style,150 ml,280,6.0g,42.0g,9.0g,3.5g,490mg
Soya Chaap (2 pcs) - Restaurant Style,100 g,350,28.0g,20.0g,18.0g,6.0g,490mg
Kaju Katli (2 pcs) - Spicy,100 ml,110,2.0g,14.0g,5.5g,0.2g,10mg
Paneer Lababdar - Street Style,200 g,480,14.0g,15.0g,40.0g,2.0g,620mg
Vada Pav,200 g,290,6.5g,38.0g,12.5g,2.5g,520mg
Cluster Beans - Home Style,100 ml,41,3.2g,7.7g,0.2g,3.5g,4mg
Cauliflower - Spicy,500 g,25,1.9g,5.0g,0.3g,2.0g,30mg
Paneer Paratha - Extra Cheese,250 g,400,12.0g,48.0g,18.0g,3.5g,420mg
Mutton Korma - Spicy,100 g,540,26.0g,14.0g,43.0g,1.0g,640mg
Bataka Vada - Spicy,200 g,290,6.0g,38.0g,12.0g,3.0g,480mg
Malai Paneer Tikka - Extra Cheese,300 g,420,15.0g,14.0g,34.0g,1.5g,560mg
Plain Dosa - Street Style,200 ml,230,5.0g,38.0g,6.0g,2.5g,420mg
Aloo Chaat - Restaurant Style,300 g,220,4.0g,36.0g,7.0g,4.0g,380mg
McAloo Tikki Burger - Spicy,300 g,345,8.0g,48.0g,14.0g,3.5g,650mg
McVeggie Burger - Street Style,300 g,380,9.0g,46.0g,17.0g,3.0g,680mg
Pumpkin - Spicy,300 g,26,1.0g,6.5g,0.1g,0.5g,1mg
Apricots (Dried) - Home Style,300 g,70,1.0g,18.0g,0.1g,2.0g,2mg
Tofu Tikka Masala - Restaurant Style,150 g,370,16.0g,16.0g,28.0g,3.5g,620mg
Paneer Butter Masala - Home Style,500 g,450,14.5g,14.0g,36.0g,2.5g,650mg
Tofu Palak - Extra Cheese,200 ml,300,16.0g,12.0g,22.0g,4.5g,510mg
Malai Kofta - Spicy,150 g,520,10.0g,38.0g,36.0g,5.0g,480mg
Grapes , 300 g,69,0.7g,18.0g,0.2g,0.9g,2mg
Garlic Noodles - Home Style,100 g,350,7.5g,52.0g,12.0g,2.5g,760mg
Watermelon - Mild,300 g,46,0.9g,11.5g,0.2g,0.6g,1mg
Okra (Bhindi) - Spicy,200 ml,33,1.9g,7.5g,0.2g,3.2g,7mg
Peanuts (Raw) - Spicy,50 ml,160,7.0g,5.0g,14.0g,2.5g,5mg
Cranberries - Spicy,200 g,46,0.4g,12.0g,0.1g,4.6g,2mg
Palak Paneer - Extra Cheese,500 g,350,14.0g,12.0g,27.0g,4.0g,490mg
McSpicy Paneer Burger - Street Style,250 g,470,14.0g,48.0g,24.0g,2.5g,820mg
Upma - Extra Cheese,50 ml,280,6.0g,48.0g,7.0g,3.5g,480mg
Sabudana Khichdi - Street Style,150 g,250,3.5g,48.0g,5.0g,2.0g,280mg
Salted Butter (1 tbsp) - Restaurant Style,150 ml,102,0.1g,0g,11.5g,0g,90mg
Pani Puri (6 pieces) - Home Style,250 g,180,3.2g,32.0g,4.8g,2.0g,290mg
Veg Noodles - Home Style,50 ml,320,8.0g,52.0g,8.5g,3.0g,680mg
Walnuts (Akhrot),500 g,196,4.5g,4.0g,19.5g,2.0g,1mg
Ragi Roti,200 g,210,6.0g,38.0g,4.0g,5.0g,250mg
Papaya - Restaurant Style,50 ml,59,0.7g,15.0g,0.2g,2.5g,2mg
Wonton Soup - Street Style,150 ml,140,8.0g,18.0g,4.5g,1.5g,610mg
Oatmeal Cookie - Spicy,500 g,110,2.0g,16.0g,4.5g,1.5g,65mg
Kanda Bhaji - Extra Cheese,50 ml,280,4.0g,32.0g,15.0g,3.0g,460mg
Celery - Home Style,100 ml,16,0.7g,3.0g,0.2g,1.6g,80mg
Garlic Noodles,500 g,350,7.5g,52.0g,12.0g,2.5g,760mg
Rajma Masala - Restaurant Style,100 ml,260,12.0g,32.0g,9.0g,8.0g,490mg
Muskmelon - Street Style,500 g,51,1.3g,12.0g,0.3g,1.1g,16mg
Lobia - Street Style,100 ml,240,12.0g,36.0g,6.0g,8.5g,430mg
Grilled Veg Sandwich - Extra Cheese,100 g,290,9.0g,40.0g,10.0g,4.5g,460mg
Sev Puri (6 pieces) - Home Style,150 g,220,4.0g,34.0g,8.0g,2.5g,350mg
Sweet Corn Soup - Street Style,100 g,110,3.5g,18.0g,3.0g,1.5g,520mg
Grapes ,500 g,69,0.7g,18.0g,0.2g,0.9g,2mg
Andhra Chicken Curry - Restaurant Style,200 ml,390,25.0g,9.0g,28.0g,1.5g,740mg
Tamarind Rice - Restaurant Style,200 ml,280,4.5g,52.0g,5.0g,2.5g,510mg
Chikki (Peanut Brittle) - Restaurant Style,300 g,140,4.0g,18.0g,6.0g,1.5g,15mg
Dum Aloo - Mild,200 ml,240,4.0g,22.0g,15.0g,3.0g,460mg
Grapes,100 g,69,0.7g,18.0g,0.2g,0.9g,2mg
White Sauce Pasta - Street Style,50 ml,380,10.0g,48.0g,16.0g,2.5g,450mg
Oats Porridge,150 ml,160,6.0g,28.0g,3.0g,4.0g,40mg
Poori (2 pieces) - Spicy,200 g,240,4.0g,32.0g,11.0g,1.5g,280mg
Black Forest Cake (1 slice),150 ml,330,4.0g,44.0g,15.5g,1.0g,210mg
Sesame Seeds (Til) - Home Style,200 g,90,2.5g,4.0g,8.0g,1.5g,2mg
Chocolate Cake (1 slice) - Home Style,200 g,280,4.0g,38.0g,12.0g,1.0g,200mg
Ridge Gourd - Spicy,100 g,17,0.8g,3.8g,0.2g,1.2g,3mg
Milk Biscuit (2 pcs),100 ml,85,1.5g,12.0g,3.5g,0.3g,45mg
Chicken Lollipop (4 pcs) - Extra Cheese,150 g,480,28.0g,22.0g,32.0g,1.0g,850mg
Rasmalai (2 pcs) - Extra Cheese,250 g,240,6.0g,32.0g,10.0g,0g,70mg
Kadai Paneer - Extra Cheese,100 ml,420,12.5g,15.0g,34.0g,3.0g,610mg
Buttermilk (Chaas) - Street Style,250 g,50,2.5g,6.0g,2.0g,0g,180mg
Dabeli - Street Style,250 g,280,6.0g,42.0g,9.0g,3.5g,490mg
Apple - Home Style,100 ml,78,0.4g,20.8g,0.2g,3.6g,1mg
Paneer Sandwich,200 ml,340,12.0g,36.0g,16.0g,2.0g,520mg
Makki di Roti - Mild,100 g,240,6.5g,38.0g,7.0g,5.0g,260mg
Akki Roti - Mild,150 g,220,5.0g,40.0g,4.5g,3.0g,290mg
Shami Kabab (4 pcs) - Home Style,250 g,380,22.0g,16.0g,25.0g,2.0g,540mg
Soya Chaap (2 pcs) - Spicy,150 g,350,28.0g,20.0g,18.0g,6.0g,490mg
Dum Aloo - Extra Cheese,300 g,240,4.0g,22.0g,15.0g,3.0g,460mg
Prawn Dim Sums - Mild,100 g,230,13.0g,28.0g,8.0g,1.0g,440mg
Seekh Kabab (4 pcs) - Home Style,200 g,340,24.0g,8.0g,24.0g,2.0g,520mg
Matar Pulao - Spicy,100 ml,290,7.5g,52.0g,6.0g,3.5g,400mg
Cheddar Cheese,100 ml,120,7.0g,0.5g,10.0g,0g,180mg
Hash Brown - Restaurant Style,50 ml,150,1.5g,16.0g,9.0g,1.5g,280mg
Jackfruit - Restaurant Style,500 g,95,1.7g,23.3g,0.6g,1.5g,2mg
Bread Omlette - Street Style,200 g,290,12.0g,28.0g,15.0g,2.0g,480mg
Chole Bhature - Mild,50 ml,580,15.0g,78.0g,24.0g,8.0g,890mg
Soya Pulao - Extra Cheese,300 g,310,12.0g,48.0g,8.0g,4.0g,480mg
Sourdough (2 slices) - Spicy,250 g,180,6.0g,34.0g,1.5g,1.5g,340mg
Mutton Curry - Street Style,50 ml,500,27.0g,9.0g,40.0g,1.0g,660mg
Tofu (Firm) - Street Style,300 g,145,15.0g,4.0g,8.0g,2.0g,10mg
McFlurry KitKat - Street Style,500 g,350,7.5g,49.0g,14.0g,1.0g,150mg
Almonds (Badam) - Restaurant Style,150 g,173,6.0g,6.0g,15.0g,3.5g,0mg
Kaju Katli (2 pcs) - Spicy,200 ml,110,2.0g,14.0g,5.5g,0.2g,10mg
French Toast - Extra Cheese,150 g,310,9.0g,32.0g,16.0g,1.0g,350mg
Tomato Rice - Mild,250 g,270,5.0g,50.0g,5.0g,2.5g,490mg
Spinach - Spicy,500 g,23,2.9g,3.6g,0.4g,2.2g,79mg
Sunflower Seeds - Restaurant Style,200 ml,175,6.0g,6.0g,15.5g,3.0g,2mg
French Fries (Medium) - Home Style,150 ml,320,4.5g,41.0g,15.5g,3.5g,190mg
Bhindi Masala - Street Style,150 g,160,3.0g,14.0g,10.0g,4.5g,380mg
Parle Biscuit (2 pcs) - Spicy,200 ml,80,1.0g,12.0g,3.0g,0.3g,40mg
Fish Biryani - Restaurant Style,100 g,500,28.0g,63.0g,17.0g,1.5g,860mg
Tandoori Chicken (2 pcs) - Street Style,200 ml,480,48.0g,4.0g,30.0g,0g,720mg
Shami Kabab (4 pcs),200 ml,380,22.0g,16.0g,25.0g,2.0g,540mg
Farmhouse Pizza (1 slice) - Home Style,500 g,300,11.0g,36.0g,12.5g,2.5g,580mg
McChicken Burger - Restaurant Style,200 g,450,16.0g,44.0g,22.0g,2.0g,780mg
Tamarind Rice,150 ml,280,4.5g,52.0g,5.0g,2.5g,510mg
French Toast - Extra Cheese,50 ml,310,9.0g,32.0g,16.0g,1.0g,350mg
Focaccia - Home Style,200 ml,230,6.5g,38.0g,6.0g,2.0g,370mg
Pineapple - Extra Cheese,100 ml,50,0.5g,13.1g,0.1g,1.4g,1mg
Bitter Gourd - Extra Cheese,200 g,17,1.0g,3.7g,0.2g,2.8g,5mg
Blueberries - Street Style,200 ml,57,0.7g,14.5g,0.3g,2.4g,1mg
Poori (2 pieces) - Extra Cheese,500 g,240,4.0g,32.0g,11.0g,1.5g,280mg
Tofu Matar - Spicy,100 g,280,15.0g,18.0g,16.0g,4.0g,480mg
Bajra Roti - Restaurant Style,50 ml,210,6.5g,37.0g,4.0g,5.0g,230mg
Fox Nuts (Makhana) - Home Style,200 g,110,4.5g,20.0g,1.5g,4.0g,8mg
Aloo Paratha - Spicy,150 ml,350,8.0g,48.0g,14.0g,4.0g,380mg
BBQ Chicken Pizza (1 slice) - Home Style,150 g,350,16.0g,34.0g,17.0g,1.5g,740mg
Muskmelon - Restaurant Style,250 g,51,1.3g,12.0g,0.3g,1.1g,16mg
Mexican Green Wave (1 slice) - Spicy,100 ml,280,9.0g,34.0g,12.0g,3.0g,540mg
Cheese N Corn Pizza (1 slice) - Home Style,250 g,290,10.0g,34.0g,13.0g,2.0g,550mg
Cinnamon Roll - Extra Cheese,250 g,290,5.0g,42.0g,11.0g,1.5g,250mg
Bagel - Extra Cheese,100 g,190,7.0g,36.0g,1.5g,2.0g,280mg
Laddu (1 pc) - Restaurant Style,500 g,150,3.5g,18.0g,7.5g,1.0g,20mg
Poha Jalebi - Mild,150 ml,380,5.0g,62.0g,13.0g,2.5g,360mg
Bajra Roti,250 g,210,6.5g,37.0g,4.0g,5.0g,230mg
French Toast - Street Style,200 ml,310,9.0g,32.0g,16.0g,1.0g,350mg
Dragon Fruit,200 g,60,1.2g,13.0g,0.4g,3.0g,0mg
Cheese N Corn Pizza (1 slice) - Restaurant Style,100 g,290,10.0g,34.0g,13.0g,2.0g,550mg
Mozzarella Cheese,150 ml,85,6.0g,1.0g,6.0g,0g,140mg
Passion Fruit - Extra Cheese,250 g,17,0.4g,4.2g,0.1g,1.8g,5mg
Veg Extravaganza (1 slice) - Home Style,150 ml,320,12.0g,38.0g,13.5g,3.0g,620mg
McSpicy Paneer Burger,300 g,470,14.0g,48.0g,24.0g,2.5g,820mg
Strawberries - Street Style,500 g,32,0.7g,7.7g,0.3g,2.0g,1mg
Makki di Roti - Restaurant Style,100 g,240,6.5g,38.0g,7.0g,5.0g,260mg
Mysore Pak (1 pc) - Spicy,100 ml,130,2.0g,16.0g,6.5g,0.2g,15mg
Mutton Biryani - Street Style,200 ml,580,32.0g,62.0g,22.0g,1.5g,920mg
Honey (1 tbsp) - Restaurant Style,50 ml,64,0.1g,17.3g,0g,0g,1mg
Mayonnaise (1 tbsp) - Street Style,250 g,94,0.1g,0.1g,10.0g,0g,90mg
BBQ Chicken Pizza (1 slice) - Street Style,250 g,350,16.0g,34.0g,17.0g,1.5g,740mg
Curd Rice - Extra Cheese,300 g,220,6.0g,38.0g,4.5g,2.0g,310mg
Jalebi Fafda - Mild,50 ml,380,7.0g,50.0g,17.0g,2.5g,520mg
Plum - Street Style,100 g,30,0.5g,7.5g,0.2g,0.9g,0mg
Raj Kachori - Home Style,300 g,350,7.0g,48.0g,15.0g,4.5g,520mg
Glucose Biscuit (2 pcs),500 g,85,1.0g,14.0g,2.5g,0.3g,50mg
McFlurry KitKat - Mild,300 g,350,7.5g,49.0g,14.0g,1.0g,150mg
McAloo Tikki Burger - Spicy,500 g,345,8.0g,48.0g,14.0g,3.5g,650mg
Handvo - Extra Cheese,100 ml,210,7.0g,32.0g,7.0g,4.0g,390mg
Chilli Paneer (Gravy),50 ml,390,13.0g,26.0g,26.0g,3.0g,740mg
Lucknowi Biryani - Street Style,300 g,600,28.0g,68.0g,23.0g,2.0g,950mg
Masala Chaas - Extra Cheese,150 g,55,2.5g,7.0g,2.0g,0.5g,220mg
Deluxe Veggie (1 slice) - Street Style,150 ml,295,10.5g,36.0g,12.0g,2.8g,590mg
Tandoori Paneer Tikka - Restaurant Style,100 ml,380,16.0g,12.0g,30.0g,2.0g,540mg
Rye Bread (2 slices) - Mild,500 g,150,5.5g,28.0g,2.0g,4.0g,310mg
Rye Bread (2 slices) - Home Style,300 g,150,5.5g,28.0g,2.0g,4.0g,310mg
Patra - Spicy,200 ml,170,3.0g,28.0g,5.5g,3.0g,410mg
Bread Omlette - Home Style,150 g,290,12.0g,28.0g,15.0g,2.0g,480mg
Snake Gourd - Street Style,200 ml,20,0.8g,4.5g,0.2g,1.0g,4mg
Mexican Green Wave (1 slice) - Extra Cheese,300 g,280,9.0g,34.0g,12.0g,3.0g,540mg
Chow Mein - Mild,150 g,360,8.5g,50.0g,14.0g,3.0g,750mg
Peanuts (Roasted) - Street Style,200 g,170,7.5g,6.0g,14.0g,2.5g,90mg
Cheese N Corn Pizza (1 slice) - Extra Cheese,150 ml,290,10.0g,34.0g,13.0g,2.0g,550mg
Garlic Bread (2 pcs) - Street Style,300 g,260,7.0g,34.0g,11.0g,2.0g,440mg
Palak Dal - Street Style,250 g,220,10.0g,22.0g,10.0g,5.0g,460mg
Veg Pasta - Spicy,200 ml,330,9.0g,50.0g,10.0g,3.5g,460mg
Macaron (1 pc) - Restaurant Style,150 ml,90,1.5g,12.0g,4.0g,0.2g,15mg
Veg Extravaganza (1 slice) - Home Style,150 g,320,12.0g,38.0g,13.5g,3.0g,620mg
Rasgulla (2 pcs) - Home Style,150 g,150,4.0g,28.0g,2.5g,0g,35mg
Brownie (1 piece) - Extra Cheese,200 g,220,2.5g,28.0g,11.0g,1.0g,100mg
Almonds (Badam) - Mild,200 g,173,6.0g,6.0g,15.0g,3.5g,0mg
Almonds (Badam),150 g,173,6.0g,6.0g,15.0g,3.5g,0mg
Egg Noodles - Street Style,250 g,390,14.0g,52.0g,14.0g,2.0g,780mg
Grilled Veg Sandwich - Mild,150 ml,290,9.0g,40.0g,10.0g,4.5g,460mg
Gobi Manchurian (Dry) - Mild,300 g,380,6.0g,42.0g,21.0g,5.0g,680mg
Flax Seeds (Alsi) - Mild,500 g,75,2.5g,4.0g,6.0g,4.0g,2mg
Upma - Spicy,150 g,280,6.0g,48.0g,7.0g,3.5g,480mg
Grilled Chicken Sandwich - Mild,500 g,380,24.0g,34.0g,16.0g,2.5g,680mg
Corn Flakes with Milk,150 ml,210,7.0g,38.0g,4.0g,2.0g,180mg
Red Sauce Pasta - Extra Cheese,300 g,310,9.0g,52.0g,8.0g,4.0g,490mg
Rava Idli - Extra Cheese,200 ml,190,4.5g,32.0g,5.0g,1.5g,350mg
Apple - Spicy,250 g,78,0.4g,20.8g,0.2g,3.6g,1mg
Tandoori Chicken (2 pcs),100 ml,480,48.0g,4.0g,30.0g,0g,720mg
Pepperoni Pizza (1 slice),500 g,310,14.0g,33.0g,14.0g,1.5g,680mg
Chicken Lollipop (4 pcs) - Street Style,100 ml,480,28.0g,22.0g,32.0g,1.0g,850mg
Veg Noodle Soup - Home Style,200 g,120,4.0g,18.0g,3.5g,2.0g,580mg
Mayonnaise (1 tbsp) - Street Style,250 g,94,0.1g,0.1g,10.0g,0g,90mg
Chocolate Cake (1 slice) - Home Style,200 g,280,4.0g,38.0g,12.0g,1.0g,200mg
Egg Masala - Extra Cheese,300 g,310,13.0g,12.0g,23.0g,1.5g,520mg
Red Sauce Pasta - Mild,200 ml,310,9.0g,52.0g,8.0g,4.0g,490mg
Lettuce - Spicy,100 g,15,1.4g,2.9g,0.2g,1.3g,28mg
Idli (2 pieces) - Street Style,200 ml,120,4.0g,24.0g,0.5g,2.0g,280mg
Salted Butter (1 tbsp) - Mild,100 ml,102,0.1g,0g,11.5g,0g,90mg
Bhatura - Mild,250 g,320,7.0g,42.0g,14.0g,2.0g,410mg
Sarson ka Saag - Spicy,150 ml,220,7.0g,12.0g,16.0g,5.5g,480mg
Tandoori Chicken (2 pcs) - Extra Cheese,200 ml,480,48.0g,4.0g,30.0g,0g,720mg
Brown Bread (2 slices),100 g,140,6.0g,24.0g,2.0g,3.0g,280mg
Oatmeal Cookie - Mild,500 g,110,2.0g,16.0g,4.5g,1.5g,65mg
Sunflower Seeds - Restaurant Style,100 ml,175,6.0g,6.0g,15.5g,3.0g,2mg
Seekh Kabab (4 pcs) - Street Style,100 ml,340,24.0g,8.0g,24.0g,2.0g,520mg
Hakka Noodles - Mild,300 g,340,7.5g,54.0g,10.0g,2.5g,720mg
Gulab Jamun (2 pcs) - Spicy,50 ml,200,3.0g,32.0g,7.0g,0.5g,60mg
Prawn Dim Sums - Restaurant Style,150 g,230,13.0g,28.0g,8.0g,1.0g,440mg
Egg Curry - Mild,200 ml,290,12.0g,10.0g,22.0g,1.5g,490mg
Vada (2 pieces) - Home Style,500 g,250,6.0g,28.0g,13.0g,3.0g,450mg
Tofu Kadai,150 g,360,15.0g,16.0g,26.0g,3.5g,580mg
Strawberries - Extra Cheese,250 g,32,0.7g,7.7g,0.3g,2.0g,1mg
Milk (Skimmed),200 g,68,6.8g,9.8g,0.4g,0g,120mg
Milk (Buffalo) - Restaurant Style,200 g,180,7.6g,10.0g,13.0g,0g,130mg
Pecans,500 g,200,2.5g,4.0g,21.0g,2.5g,0mg
Tofu (Soft) - Restaurant Style,150 ml,70,7.0g,2.0g,4.0g,0.5g,8mg
Matar Pulao - Mild,200 g,290,7.5g,52.0g,6.0g,3.5g,400mg
Paper Dosa - Mild,50 ml,350,7.0g,52.0g,12.0g,3.0g,530mg
Malai Tikka (6 pcs) - Home Style,300 g,460,38.0g,8.0g,30.0g,0.5g,640mg
Rye Bread (2 slices) - Home Style,50 ml,150,5.5g,28.0g,2.0g,4.0g,310mg
Kolkata Biryani - Home Style,150 g,560,24.0g,72.0g,20.0g,2.5g,890mg
Masala Chaas - Street Style,300 g,55,2.5g,7.0g,2.0g,0.5g,220mg
Tamarind Rice - Street Style,150 g,280,4.5g,52.0g,5.0g,2.5g,510mg
Chocolate Chip Cookie - Home Style,300 g,120,1.5g,16.0g,6.0g,0.5g,50mg
Pesto Pasta - Extra Cheese,300 g,400,10.0g,44.0g,21.0g,4.0g,360mg
Kala Chana - Spicy,100 ml,250,13.0g,34.0g,7.0g,9.0g,450mg
Idli (2 pieces) - Extra Cheese,300 g,120,4.0g,24.0g,0.5g,2.0g,280mg
Wonton Soup - Street Style,100 g,140,8.0g,18.0g,4.5g,1.5g,610mg
Lemon Rice,200 g,260,4.5g,48.0g,5.5g,2.0g,420mg
Paneer Butter Masala - Restaurant Style,100 g,450,14.5g,14.0g,36.0g,2.5g,650mg
Strawberries - Restaurant Style,150 g,32,0.7g,7.7g,0.3g,2.0g,1mg
Kala Chana - Restaurant Style,250 g,250,13.0g,34.0g,7.0g,9.0g,450mg
Macaron (1 pc) - Mild,200 g,90,1.5g,12.0g,4.0g,0.2g,15mg
Cinnamon Roll,200 g,290,5.0g,42.0g,11.0g,1.5g,250mg
Plum - Street Style,300 g,30,0.5g,7.5g,0.2g,0.9g,0mg
Margherita Pizza (1 slice),250 g,285,12.0g,34.0g,11.0g,2.0g,520mg
Prawn Biryani - Home Style,100 g,510,26.0g,64.0g,18.0g,1.5g,880mg
Tofu Butter Masala,100 ml,400,14.0g,14.0g,32.0g,3.5g,590mg
Tofu (Firm) - Restaurant Style,200 ml,145,15.0g,4.0g,8.0g,2.0g,10mg
Bajra Roti - Mild,200 g,210,6.5g,37.0g,4.0g,5.0g,230mg
Mac and Cheese - Extra Cheese,150 g,410,14.0g,48.0g,18.0g,1.5g,560mg
Tomato Soup - Mild,150 g,80,2.0g,14.0g,2.0g,1.5g,490mg
Pad Thai Noodles - Spicy,150 g,400,10.0g,58.0g,15.0g,3.0g,690mg
Snake Gourd - Street Style,200 ml,20,0.8g,4.5g,0.2g,1.0g,4mg
Chicken Vindaloo - Extra Cheese,150 g,420,24.0g,12.0g,30.0g,1.5g,820mg
Sourdough (2 slices) - Home Style,500 g,180,6.0g,34.0g,1.5g,1.5g,340mg
Prunes - Restaurant Style,50 ml,70,0.8g,18.5g,0.1g,2.0g,1mg
Soft Serve Cone - Home Style,50 ml,150,3.5g,24.0g,4.5g,0g,80mg
Litchi,300 g,66,0.8g,16.5g,0.4g,1.3g,1mg
Egg Noodles - Street Style,50 ml,390,14.0g,52.0g,14.0g,2.0g,780mg
Sourdough (2 slices) - Restaurant Style,150 ml,180,6.0g,34.0g,1.5g,1.5g,340mg
Sourdough (2 slices) - Home Style,300 g,180,6.0g,34.0g,1.5g,1.5g,340mg
Lobia - Extra Cheese,200 g,240,12.0g,36.0g,6.0g,8.5g,430mg
Mango - Spicy,50 ml,90,1.4g,22.0g,0.5g,2.6g,1mg
Veg Pasta,100 ml,330,9.0g,50.0g,10.0g,3.5g,460mg
Vada Pav,150 g,290,6.5g,38.0g,12.5g,2.5g,520mg
Malai Tikka (6 pcs) - Mild,250 g,460,38.0g,8.0g,30.0g,0.5g,640mg
Mysore Pak (1 pc) - Home Style,500 g,130,2.0g,16.0g,6.5g,0.2g,15mg
Motichoor Laddu - Mild,200 ml,145,3.0g,18.0g,7.0g,0.8g,22mg
Ragda Pattice - Restaurant Style,250 g,310,8.0g,48.0g,10.0g,6.0g,540mg
Grapes,250 g,69,0.7g,18.0g,0.2g,0.9g,2mg
Cashews (Kaju),50 ml,160,5.2g,9.0g,12.0g,1.0g,5mg
Celery - Spicy,50 ml,16,0.7g,3.0g,0.2g,1.6g,80mg
Milk (Toned) - Restaurant Style,200 g,100,6.6g,9.8g,4.4g,0g,110mg
Brownie (1 piece) - Restaurant Style,200 g,220,2.5g,28.0g,11.0g,1.0g,100mg
Prawn Dim Sums - Restaurant Style,100 g,230,13.0g,28.0g,8.0g,1.0g,440mg
Dal Makhani - Extra Cheese,300 g,320,12.0g,28.0g,18.0g,6.0g,480mg
Almond Milk - Restaurant Style,150 ml,60,2.0g,8.0g,2.5g,1.0g,150mg
Dahi (Curd) - Extra Cheese,150 g,70,3.5g,5.0g,4.0g,0g,45mg
Spinach - Spicy,100 ml,23,2.9g,3.6g,0.4g,2.2g,79mg
Maharaja Mac Veg - Mild,250 g,520,16.0g,54.0g,27.0g,4.0g,920mg
Prawn Malai Curry - Spicy,200 ml,420,22.0g,10.0g,32.0g,0.5g,560mg
Pomegranate - Extra Cheese,500 g,83,1.7g,18.7g,1.2g,4.0g,3mg
Tofu (Firm) - Extra Cheese,300 g,145,15.0g,4.0g,8.0g,2.0g,10mg
Milk (Toned) - Spicy,200 g,100,6.6g,9.8g,4.4g,0g,110mg
Chikki (Peanut Brittle) - Mild,300 g,140,4.0g,18.0g,6.0g,1.5g,15mg
Pomegranate - Spicy,200 ml,83,1.7g,18.7g,1.2g,4.0g,3mg
Onion Dosa - Street Style,100 ml,310,6.5g,44.0g,11.5g,2.5g,490mg
Prawn Noodles - Mild,50 ml,420,20.0g,50.0g,16.0g,1.5g,840mg
Dates (Khajoor) - Mild,100 g,90,0.8g,24.0g,0.2g,2.0g,1mg
Glucose Biscuit (2 pcs),300 g,85,1.0g,14.0g,2.5g,0.3g,50mg
Hash Brown - Home Style,100 ml,150,1.5g,16.0g,9.0g,1.5g,280mg
Chia Seeds,150 g,70,2.5g,6.0g,4.5g,5.0g,2mg
Malai Kofta - Street Style,300 g,520,10.0g,38.0g,36.0g,5.0g,480mg
Apricot - Mild,100 g,17,0.5g,3.9g,0.1g,0.7g,0mg
Chicken Dim Sums - Extra Cheese,150 ml,240,14.0g,28.0g,8.0g,1.5g,420mg
Deluxe Veggie (1 slice),300 g,295,10.5g,36.0g,12.0g,2.8g,590mg
Star Fruit,150 ml,28,0.9g,6.0g,0.3g,2.5g,2mg
Kadhi Pakora - Street Style,200 g,300,10.0g,28.0g,16.0g,3.0g,580mg
Deluxe Veggie (1 slice) - Restaurant Style,200 g,295,10.5g,36.0g,12.0g,2.8g,590mg
Chicken Tikka (6 pcs) - Restaurant Style,50 ml,420,42.0g,6.0g,25.0g,0.5g,680mg
Fish Curry - Home Style,500 g,340,22.0g,10.0g,23.0g,1.5g,540mg
Brazil Nuts - Home Style,150 g,195,4.0g,3.5g,19.5g,2.0g,1mg
Bitter Gourd - Home Style,150 ml,17,1.0g,3.7g,0.2g,2.8g,5mg
Tofu Tikka Masala - Extra Cheese,500 g,370,16.0g,16.0g,28.0g,3.5g,620mg
Nutella (1 tbsp) - Home Style,150 ml,100,1.2g,11.0g,5.5g,0.5g,8mg
Ghee Rice - Home Style,200 ml,320,4.0g,50.0g,11.0g,1.0g,310mg
Parle Biscuit (2 pcs) - Spicy,150 g,80,1.0g,12.0g,3.0g,0.3g,40mg
Almonds (Badam) - Street Style,200 g,173,6.0g,6.0g,15.0g,3.5g,0mg
Rajasthani Dal - Street Style,50 ml,250,10.5g,26.0g,11.0g,5.5g,510mg
French Toast,150 g,310,9.0g,32.0g,16.0g,1.0g,350mg
Nalli Nihari - Spicy,150 g,560,30.0g,8.0g,46.0g,0.5g,780mg
Almond Milk - Extra Cheese,150 g,60,2.0g,8.0g,2.5g,1.0g,150mg
Pumpkin - Restaurant Style,250 g,26,1.0g,6.5g,0.1g,0.5g,1mg
Payasam - Spicy,300 g,210,5.0g,38.0g,5.0g,0.5g,55mg
McVeggie Wrap - Spicy,150 ml,420,11.0g,48.0g,20.0g,4.0g,720mg
Gobi Manchurian (Dry) - Home Style,50 ml,380,6.0g,42.0g,21.0g,5.0g,680mg
Multigrain Bread (2 slices) - Spicy,200 g,150,6.5g,25.0g,2.5g,3.5g,270mg
Farmhouse Pizza (1 slice) - Home Style,100 ml,300,11.0g,36.0g,12.5g,2.5g,580mg
Kachori (1 pc) - Mild,250 g,260,5.0g,30.0g,13.0g,2.5g,340mg
Gobi Manchurian (Dry) - Mild,250 g,380,6.0g,42.0g,21.0g,5.0g,680mg
Hash Brown - Street Style,150 g,150,1.5g,16.0g,9.0g,1.5g,280mg
Mysore Pak (1 pc),500 g,130,2.0g,16.0g,6.5g,0.2g,15mg
Corn (Sweet) - Restaurant Style,500 g,86,3.3g,19.0g,1.2g,2.7g,15mg
Donut (Chocolate) - Mild,150 g,300,5.0g,34.0g,16.0g,1.0g,240mg
Dahi Bhalla - Home Style,250 g,270,6.0g,38.0g,10.0g,3.0g,440mg
McSpicy Paneer Burger - Home Style,500 g,470,14.0g,48.0g,24.0g,2.5g,820mg
Club Sandwich - Home Style,100 g,450,18.0g,44.0g,22.0g,3.0g,720mg
Chicken McNuggets (6 pcs),250 g,270,15.0g,16.0g,16.0g,1.0g,500mg
Tofu Kadai - Mild,500 g,360,15.0g,16.0g,26.0g,3.5g,580mg
Capsicum (Red) - Spicy,500 g,31,1.0g,6.0g,0.3g,2.1g,4mg
Vada Pav - Extra Cheese,500 g,290,6.5g,38.0g,12.5g,2.5g,520mg
Idli (2 pieces) - Extra Cheese,100 ml,120,4.0g,24.0g,0.5g,2.0g,280mg
Litchi - Home Style,150 g,66,0.8g,16.5g,0.4g,1.3g,1mg
Chilli Fish - Restaurant Style,200 g,410,26.0g,26.0g,24.0g,1.5g,790mg
Yogurt (Plain) - Home Style,150 g,61,3.5g,4.7g,3.3g,0g,40mg
Donut (Glazed) - Extra Cheese,250 g,270,4.0g,31.0g,15.0g,1.0g,220mg
Egg Noodles - Mild,200 ml,390,14.0g,52.0g,14.0g,2.0g,780mg
Corn Flakes with Milk,200 ml,210,7.0g,38.0g,4.0g,2.0g,180mg
Zucchini - Street Style,250 g,17,1.2g,3.1g,0.3g,1.0g,8mg
Ragi Mudde - Spicy,300 g,180,5.0g,38.0g,1.5g,4.5g,10mg
McSpicy Paneer Burger - Mild,100 ml,470,14.0g,48.0g,24.0g,2.5g,820mg
Jam (1 tbsp),150 g,55,0.1g,14.0g,0g,0.2g,2mg
Pepperoni Pizza (1 slice) - Mild,100 ml,310,14.0g,33.0g,14.0g,1.5g,680mg
Corn (Sweet) - Home Style,300 g,86,3.3g,19.0g,1.2g,2.7g,15mg
Pepperoni Pizza (1 slice) - Spicy,150 ml,310,14.0g,33.0g,14.0g,1.5g,680mg
Paneer Biryani - Extra Cheese,300 g,520,14.0g,68.0g,20.0g,4.0g,780mg
Chole Bhature - Spicy,300 g,580,15.0g,78.0g,24.0g,8.0g,890mg
Parle Biscuit (2 pcs),100 g,80,1.0g,12.0g,3.0g,0.3g,40mg
Hash Brown - Spicy,250 g,150,1.5g,16.0g,9.0g,1.5g,280mg
Matar Paneer,100 ml,380,12.0g,16.0g,29.0g,3.5g,540mg
Pedha (2 pcs) - Home Style,200 g,130,3.0g,18.0g,5.5g,0g,35mg
Payasam - Mild,200 g,210,5.0g,38.0g,5.0g,0.5g,55mg
Brown Bread (2 slices),250 g,140,6.0g,24.0g,2.0g,3.0g,280mg
Corn (Sweet) - Home Style,100 ml,86,3.3g,19.0g,1.2g,2.7g,15mg
Zucchini - Mild,150 ml,17,1.2g,3.1g,0.3g,1.0g,8mg
Chicken Fried Rice - Street Style,50 ml,460,20.0g,58.0g,16.0g,1.5g,780mg
Capsicum (Red),100 g,31,1.0g,6.0g,0.3g,2.1g,4mg
Maharaja Mac Veg - Mild,150 ml,520,16.0g,54.0g,27.0g,4.0g,920mg
Paneer (Homemade) - Spicy,300 g,265,18.0g,6.0g,18.0g,0g,150mg
Prawn Fried Rice - Extra Cheese,300 g,440,18.0g,58.0g,15.0g,1.5g,790mg
Chia Seeds - Extra Cheese,150 g,70,2.5g,6.0g,4.5g,5.0g,2mg
Schezwan Noodles,100 g,380,8.0g,56.0g,13.0g,3.5g,880mg
Kadhi Pakora - Extra Cheese,100 g,300,10.0g,28.0g,16.0g,3.0g,580mg
Veg Sandwich - Extra Cheese,150 g,250,8.0g,38.0g,7.0g,4.0g,420mg
Cucumber - Street Style,150 ml,15,0.7g,3.6g,0.1g,0.5g,2mg
Bottle Gourd - Home Style,100 ml,14,0.6g,3.4g,0.1g,0.6g,2mg
Sev Puri (6 pieces) - Home Style,100 ml,220,4.0g,34.0g,8.0g,2.5g,350mg
Chicken Dim Sums - Restaurant Style,250 g,240,14.0g,28.0g,8.0g,1.5g,420mg
Rava Idli - Restaurant Style,300 g,190,4.5g,32.0g,5.0g,1.5g,350mg
Cranberries - Extra Cheese,200 g,46,0.4g,12.0g,0.1g,4.6g,2mg
Cheesecake (1 slice) - Spicy,200 ml,350,7.0g,30.0g,22.0g,0.5g,280mg
Kanda Bhaji - Home Style,100 g,280,4.0g,32.0g,15.0g,3.0g,460mg
Alfredo Pasta - Restaurant Style,200 g,420,12.0g,46.0g,20.0g,2.0g,520mg
Veg Noodle Soup,250 g,120,4.0g,18.0g,3.5g,2.0g,580mg
Tofu (Soft) - Street Style,200 ml,70,7.0g,2.0g,4.0g,0.5g,8mg
Rava Idli - Home Style,300 g,190,4.5g,32.0g,5.0g,1.5g,350mg
Honeydew - Restaurant Style,500 g,55,0.8g,14.0g,0.2g,1.2g,18mg
Egg Bhurji - Mild,200 ml,210,14.0g,4.0g,15.0g,0.5g,420mg
Mac and Cheese - Home Style,150 ml,410,14.0g,48.0g,18.0g,1.5g,560mg
Chilli Paneer (Dry) - Extra Cheese,100 ml,420,14.0g,28.0g,28.0g,3.0g,720mg
Roasted Chana - Street Style,150 ml,120,7.0g,18.0g,3.0g,4.5g,80mg
Maharaja Mac Veg,150 ml,520,16.0g,54.0g,27.0g,4.0g,920mg
Éclair - Mild,500 g,240,4.0g,26.0g,13.0g,0.5g,170mg
Prawn Dim Sums - Home Style,250 g,230,13.0g,28.0g,8.0g,1.0g,440mg
Pongal - Mild,50 ml,340,8.0g,58.0g,8.5g,3.0g,420mg
Haryali Tikka - Extra Cheese,100 g,400,40.0g,10.0g,23.0g,1.0g,660mg
Pine Nuts - Restaurant Style,100 ml,190,4.0g,4.0g,19.0g,1.5g,1mg
Donut (Chocolate) - Home Style,200 ml,300,5.0g,34.0g,16.0g,1.0g,240mg
Sourdough (2 slices) - Home Style,50 ml,180,6.0g,34.0g,1.5g,1.5g,340mg
Veg Biryani - Extra Cheese,200 g,450,10.0g,72.0g,13.0g,5.0g,720mg
Milk (Full Fat) - Extra Cheese,250 g,124,6.4g,9.6g,7.0g,0g,100mg
Plain Dosa - Extra Cheese,300 g,230,5.0g,38.0g,6.0g,2.5g,420mg
Aloo Gobi - Mild,50 ml,170,4.0g,20.0g,8.0g,4.0g,350mg
Brazil Nuts - Extra Cheese,200 g,195,4.0g,3.5g,19.5g,2.0g,1mg
Pistachios (Pista) - Restaurant Style,200 g,160,5.8g,8.0g,12.5g,3.0g,1mg
Brazil Nuts - Extra Cheese,100 g,195,4.0g,3.5g,19.5g,2.0g,1mg
Veg Pasta - Spicy,250 g,330,9.0g,50.0g,10.0g,3.5g,460mg
Cheese Spread (1 tbsp) - Extra Cheese,100 ml,45,2.0g,1.5g,3.5g,0g,120mg
Hyderabadi Biryani - Street Style,100 g,620,30.0g,70.0g,24.0g,2.5g,980mg
Good Day (2 pcs) - Mild,300 g,100,1.2g,13.0g,4.8g,0.4g,40mg
McChicken Burger - Street Style,100 g,450,16.0g,44.0g,22.0g,2.0g,780mg
Pink Sauce Pasta,300 g,350,9.5g,50.0g,12.0g,3.0g,470mg
Peanuts (Roasted) - Restaurant Style,200 ml,170,7.5g,6.0g,14.0g,2.5g,90mg
Cheese Spread (1 tbsp),200 g,45,2.0g,1.5g,3.5g,0g,120mg
Cranberries - Extra Cheese,150 g,46,0.4g,12.0g,0.1g,4.6g,2mg
Sourdough (2 slices),250 g,180,6.0g,34.0g,1.5g,1.5g,340mg
Cantaloupe - Extra Cheese,100 ml,34,0.8g,8.2g,0.2g,0.9g,16mg
Mutton Biryani - Street Style,500 g,580,32.0g,62.0g,22.0g,1.5g,920mg
Lychee - Extra Cheese,50 ml,66,0.8g,16.5g,0.4g,1.3g,1mg
Brazil Nuts,100 ml,195,4.0g,3.5g,19.5g,2.0g,1mg
Haryali Tikka - Spicy,200 g,400,40.0g,10.0g,23.0g,1.0g,660mg
Carrot - Street Style,300 g,41,0.9g,9.6g,0.2g,2.8g,69mg
Chole Bhature - Home Style,150 g,580,15.0g,78.0g,24.0g,8.0g,890mg
Digestive Biscuit (2 pcs) - Extra Cheese,150 g,95,1.5g,13.0g,4.0g,1.0g,60mg
Chicken Noodles - Street Style,150 g,440,22.0g,50.0g,17.0g,2.0g,820mg
Egg Masala - Street Style,100 ml,310,13.0g,12.0g,23.0g,1.5g,520mg
Drumstick - Extra Cheese,200 g,64,2.1g,8.5g,0.2g,3.2g,8mg
Kanchipuram Idli - Home Style,100 g,210,5.0g,34.0g,6.0g,2.0g,380mg
Kiwi - Spicy,50 ml,61,1.1g,14.7g,0.5g,3.0g,3mg
Veg Spring Roll - Extra Cheese,150 g,210,4.5g,30.0g,8.5g,3.0g,430mg
Nutella (1 tbsp) - Restaurant Style,100 g,100,1.2g,11.0g,5.5g,0.5g,8mg
Prawn Noodles - Extra Cheese,50 ml,420,20.0g,50.0g,16.0g,1.5g,840mg
Dim Sums (4 pcs) - Home Style,200 ml,210,8.0g,30.0g,6.0g,2.0g,380mg
Chikki (Peanut Brittle) - Extra Cheese,250 g,140,4.0g,18.0g,6.0g,1.5g,15mg
Pav Bhaji - Street Style,150 g,380,9.0g,52.0g,16.0g,7.0g,620mg
Peanuts (Raw) - Mild,100 g,160,7.0g,5.0g,14.0g,2.5g,5mg
Tofu Butter Masala - Street Style,100 ml,400,14.0g,14.0g,32.0g,3.5g,590mg
Chia Seeds - Home Style,100 g,70,2.5g,6.0g,4.5g,5.0g,2mg
Milk (Buffalo),150 ml,180,7.6g,10.0g,13.0g,0g,130mg
Blackberries - Restaurant Style,100 g,43,1.4g,10.0g,0.5g,5.3g,1mg
Egg Masala - Spicy,100 g,310,13.0g,12.0g,23.0g,1.5g,520mg
Masala Dosa - Extra Cheese,50 ml,315,8.2g,48.5g,9.8g,4.2g,580mg
Chow Mein,300 g,360,8.5g,50.0g,14.0g,3.0g,750mg
Banana,300 g,105,1.3g,27.0g,0.4g,3.1g,1mg
Khakhra (1 pc),100 g,70,2.0g,10.0g,2.5g,1.5g,80mg
Kolkata Biryani - Spicy,250 g,560,24.0g,72.0g,20.0g,2.5g,890mg
Capsicum (Green) - Home Style,200 g,20,0.9g,4.6g,0.2g,1.7g,3mg
Hara Bhara Kabab (4 pcs) - Extra Cheese,500 g,220,6.0g,28.0g,10.0g,4.5g,380mg
Rye Bread (2 slices) - Home Style,200 g,150,5.5g,28.0g,2.0g,4.0g,310mg
Shami Kabab (4 pcs) - Spicy,150 g,380,22.0g,16.0g,25.0g,2.0g,540mg
Chicken Lollipop (4 pcs),100 ml,480,28.0g,22.0g,32.0g,1.0g,850mg
Red Velvet Cake (1 slice) - Home Style,150 ml,320,4.5g,42.0g,15.0g,1.0g,220mg
White Sauce Pasta,100 ml,380,10.0g,48.0g,16.0g,2.5g,450mg
Figs (Anjeer),150 g,75,1.0g,19.0g,0.3g,2.5g,2mg
Chicken Curry,250 g,380,26.0g,8.0g,27.0g,1.0g,620mg
Prawn Biryani - Home Style,300 g,510,26.0g,64.0g,18.0g,1.5g,880mg
Black Forest Cake (1 slice) - Home Style,100 g,330,4.0g,44.0g,15.5g,1.0g,210mg
Palak Dal - Street Style,100 g,220,10.0g,22.0g,10.0g,5.0g,460mg
Poori (2 pieces) - Street Style,200 ml,240,4.0g,32.0g,11.0g,1.5g,280mg
Brownie (1 piece) - Spicy,200 ml,220,2.5g,28.0g,11.0g,1.0g,100mg
Sabudana Khichdi - Spicy,300 g,250,3.5g,48.0g,5.0g,2.0g,280mg
Fish Curry - Spicy,50 ml,340,22.0g,10.0g,23.0g,1.5g,540mg
Nalli Nihari,200 ml,560,30.0g,8.0g,46.0g,0.5g,780mg
Kheer - Extra Cheese,200 g,220,6.0g,36.0g,6.0g,0.5g,60mg
Tofu Korma,50 ml,340,14.0g,20.0g,24.0g,3.0g,540mg
Aloo Chaat - Spicy,300 g,220,4.0g,36.0g,7.0g,4.0g,380mg
Hash Brown - Restaurant Style,500 g,150,1.5g,16.0g,9.0g,1.5g,280mg
Chilli Paneer (Gravy) - Mild,100 g,390,13.0g,26.0g,26.0g,3.0g,740mg
Poha Jalebi,50 ml,380,5.0g,62.0g,13.0g,2.5g,360mg
Almond Milk - Mild,200 ml,60,2.0g,8.0g,2.5g,1.0g,150mg
Kadhi Pakora - Street Style,150 ml,300,10.0g,28.0g,16.0g,3.0g,580mg
Jeera Rice,50 ml,240,4.5g,48.0g,3.0g,1.0g,290mg
Mayonnaise (1 tbsp) - Home Style,150 g,94,0.1g,0.1g,10.0g,0g,90mg
Dragon Fruit - Street Style,100 ml,60,1.2g,13.0g,0.4g,3.0g,0mg
Passion Fruit - Spicy,50 ml,17,0.4g,4.2g,0.1g,1.8g,5mg
Khakhra (1 pc) - Restaurant Style,100 g,70,2.0g,10.0g,2.5g,1.5g,80mg
Lucknowi Biryani,150 g,600,28.0g,68.0g,23.0g,2.0g,950mg
Payasam,250 g,210,5.0g,38.0g,5.0g,0.5g,55mg
Sweet Potato - Home Style,100 ml,86,1.6g,20.1g,0.1g,3.0g,55mg
Pongal - Spicy,150 g,340,8.0g,58.0g,8.5g,3.0g,420mg
Cream Crackers (2 pcs) - Street Style,500 g,75,1.2g,10.0g,3.0g,0.5g,70mg
McVeggie Burger - Restaurant Style,200 g,380,9.0g,46.0g,17.0g,3.0g,680mg
Bhindi Masala - Spicy,200 g,160,3.0g,14.0g,10.0g,4.5g,380mg
Pineapple - Mild,300 g,50,0.5g,13.1g,0.1g,1.4g,1mg
Rye Bread (2 slices) - Extra Cheese,250 g,150,5.5g,28.0g,2.0g,4.0g,310mg
Mix Veg - Mild,200 ml,150,4.0g,18.0g,7.0g,4.5g,390mg
Prawn Dim Sums - Street Style,500 g,230,13.0g,28.0g,8.0g,1.0g,440mg
Star Fruit - Spicy,100 ml,28,0.9g,6.0g,0.3g,2.5g,2mg
Flavored Yogurt (Mango) - Home Style,100 ml,115,3.0g,19.0g,2.5g,0g,40mg
Prawn Curry - Mild,500 g,350,24.0g,9.0g,24.0g,1.0g,580mg
Schezwan Fried Rice - Street Style,100 g,440,9.0g,64.0g,15.0g,3.5g,890mg
Oatmeal Cookie - Mild,50 ml,110,2.0g,16.0g,4.5g,1.5g,65mg
Peanut Butter (1 tbsp) - Home Style,150 ml,95,4.0g,3.5g,8.0g,1.0g,65mg
Chicken Biryani - Restaurant Style,500 g,520,28.0g,65.0g,18.0g,2.0g,890mg
Kaju Katli (2 pcs) - Extra Cheese,100 ml,110,2.0g,14.0g,5.5g,0.2g,10mg
Fox Nuts (Makhana) - Restaurant Style,300 g,110,4.5g,20.0g,1.5g,4.0g,8mg
Veg Spring Roll - Restaurant Style,300 g,210,4.5g,30.0g,8.5g,3.0g,430mg
Apple - Extra Cheese,100 ml,78,0.4g,20.8g,0.2g,3.6g,1mg
Roasted Chana - Extra Cheese,100 g,120,7.0g,18.0g,3.0g,4.5g,80mg
Tofu Korma - Home Style,100 ml,340,14.0g,20.0g,24.0g,3.0g,540mg
Cottage Cheese (Paneer),100 g,265,18.0g,6.0g,18.0g,0g,150mg
Éclair - Home Style,200 g,240,4.0g,26.0g,13.0g,0.5g,170mg
Cashews (Kaju) - Mild,200 g,160,5.2g,9.0g,12.0g,1.0g,5mg
Broccoli,100 g,34,2.8g,6.6g,0.4g,2.6g,33mg
Garlic Noodles - Extra Cheese,150 g,350,7.5g,52.0g,12.0g,2.5g,760mg
Matar Pulao - Extra Cheese,250 g,290,7.5g,52.0g,6.0g,3.5g,400mg
McVeggie Burger - Street Style,50 ml,380,9.0g,46.0g,17.0g,3.0g,680mg
Figs (Anjeer) - Home Style,150 g,75,1.0g,19.0g,0.3g,2.5g,2mg
Croissant - Street Style,50 ml,230,4.5g,26.0g,12.0g,1.5g,210mg
Dim Sums (4 pcs) - Restaurant Style,150 ml,210,8.0g,30.0g,6.0g,2.0g,380mg
Dhokla (4 pcs) - Home Style,100 ml,180,6.0g,28.0g,5.0g,2.5g,420mg
Undhiyu - Extra Cheese,500 g,280,6.0g,32.0g,14.0g,8.0g,440mg
Navratna Korma - Restaurant Style,100 g,380,8.0g,22.0g,30.0g,4.5g,520mg
Kadai Chicken - Mild,200 ml,420,27.0g,12.0g,30.0g,1.5g,690mg
Akki Roti - Street Style,200 g,220,5.0g,40.0g,4.5g,3.0g,290mg
Milk (Buffalo),50 ml,180,7.6g,10.0g,13.0g,0g,130mg
Set Dosa (3 pcs) - Mild,150 g,340,8.0g,54.0g,9.0g,4.0g,560mg
Vada (2 pieces) - Mild,300 g,250,6.0g,28.0g,13.0g,3.0g,450mg
Poori (2 pieces),50 ml,240,4.0g,32.0g,11.0g,1.5g,280mg
Mint Rice - Extra Cheese,50 ml,290,5.5g,48.0g,7.5g,3.0g,460mg
Rajasthani Dal - Home Style,150 g,250,10.5g,26.0g,11.0g,5.5g,510mg
Curd Rice - Home Style,250 g,220,6.0g,38.0g,4.5g,2.0g,310mg
Lettuce - Mild,150 g,15,1.4g,2.9g,0.2g,1.3g,28mg
Barfi (2 pcs) - Restaurant Style,150 g,140,3.0g,18.0g,6.5g,0.3g,25mg
Sunflower Seeds,100 g,175,6.0g,6.0g,15.5g,3.0g,2mg
Parle Biscuit (2 pcs) - Street Style,500 g,80,1.0g,12.0g,3.0g,0.3g,40mg
Snake Gourd - Extra Cheese,50 ml,20,0.8g,4.5g,0.2g,1.0g,4mg
Apple,250 g,78,0.4g,20.8g,0.2g,3.6g,1mg
Tandoori Chicken (2 pcs) - Spicy,150 ml,480,48.0g,4.0g,30.0g,0g,720mg
Dal Fry - Street Style,500 g,230,9.5g,26.0g,10.0g,5.5g,490mg
Hakka Noodles,150 ml,340,7.5g,54.0g,10.0g,2.5g,720mg
Nectarine - Restaurant Style,200 g,62,1.5g,15.0g,0.5g,2.4g,0mg
McAloo Tikki Burger - Mild,150 g,345,8.0g,48.0g,14.0g,3.5g,650mg
Strawberries - Extra Cheese,100 ml,32,0.7g,7.7g,0.3g,2.0g,1mg
Brinjal (Eggplant) - Restaurant Style,300 g,25,1.0g,5.9g,0.2g,3.0g,2mg
Kaju Katli (2 pcs) - Mild,100 ml,110,2.0g,14.0g,5.5g,0.2g,10mg
Strawberries,150 ml,32,0.7g,7.7g,0.3g,2.0g,1mg
Cheese Spread (1 tbsp),300 g,45,2.0g,1.5g,3.5g,0g,120mg
Puran Poli (with ghee) - Home Style,150 g,350,7.5g,58.0g,10.2g,3.5g,45mg
Tofu Korma,150 g,340,14.0g,20.0g,24.0g,3.0g,540mg
Buttermilk (Chaas) - Restaurant Style,500 g,50,2.5g,6.0g,2.0g,0g,180mg
Star Fruit - Spicy,150 ml,28,0.9g,6.0g,0.3g,2.5g,2mg
Plum - Spicy,150 g,30,0.5g,7.5g,0.2g,0.9g,0mg
Jalebi Fafda,100 g,380,7.0g,50.0g,17.0g,2.5g,520mg
Mix Veg,200 ml,150,4.0g,18.0g,7.0g,4.5g,390mg
Oat Milk,250 g,90,3.0g,14.0g,3.0g,1.5g,100mg
Tomato - Home Style,200 ml,18,0.9g,3.9g,0.2g,1.2g,5mg
Reshmi Kabab (4 pcs) - Restaurant Style,50 ml,400,28.0g,6.0g,29.0g,0.5g,560mg
Margherita Pizza (1 slice),150 g,285,12.0g,34.0g,11.0g,2.0g,520mg
Chicken Tikka (6 pcs) - Mild,150 g,420,42.0g,6.0g,25.0g,0.5g,680mg
Aloo Paratha - Restaurant Style,150 ml,350,8.0g,48.0g,14.0g,4.0g,380mg
Snake Gourd - Home Style,50 ml,20,0.8g,4.5g,0.2g,1.0g,4mg
Coconut Rice - Street Style,250 g,340,4.0g,44.0g,17.0g,3.0g,280mg
Lettuce,200 g,15,1.4g,2.9g,0.2g,1.3g,28mg
Set Dosa (3 pcs) - Extra Cheese,300 g,340,8.0g,54.0g,9.0g,4.0g,560mg
Shami Kabab (4 pcs),300 g,380,22.0g,16.0g,25.0g,2.0g,540mg
Ragi Mudde - Mild,50 ml,180,5.0g,38.0g,1.5g,4.5g,10mg
Paneer Tikka Pizza (1 slice) - Mild,200 ml,325,13.0g,35.0g,14.5g,2.0g,610mg
Muskmelon - Spicy,100 g,51,1.3g,12.0g,0.3g,1.1g,16mg
Mango,150 ml,90,1.4g,22.0g,0.5g,2.6g,1mg
Moong Dal Halwa,100 ml,350,8.0g,45.0g,16.0g,3.0g,40mg
Papdi Chaat - Mild,150 ml,280,5.0g,42.0g,10.0g,3.5g,460mg
Tandoori Chicken (2 pcs) - Mild,300 g,480,48.0g,4.0g,30.0g,0g,720mg
Shortbread Cookie - Mild,50 ml,105,1.0g,12.0g,6.0g,0.2g,30mg
Dabeli - Mild,300 g,280,6.0g,42.0g,9.0g,3.5g,490mg
Roasted Chana,100 ml,120,7.0g,18.0g,3.0g,4.5g,80mg
Hung Curd - Street Style,250 g,120,11.0g,5.0g,6.5g,0g,50mg
Brownie (1 piece) - Street Style,150 g,220,2.5g,28.0g,11.0g,1.0g,100mg
Kesari Bath - Spicy,150 g,350,3.0g,62.0g,10.0g,1.0g,15mg
Farmhouse Pizza (1 slice) - Mild,200 g,300,11.0g,36.0g,12.5g,2.5g,580mg
Celery,150 ml,16,0.7g,3.0g,0.2g,1.6g,80mg
Black Forest Cake (1 slice) - Extra Cheese,200 ml,330,4.0g,44.0g,15.5g,1.0g,210mg
Coconut Rice - Extra Cheese,250 g,340,4.0g,44.0g,17.0g,3.0g,280mg
McChicken Wrap - Street Style,250 g,480,18.0g,46.0g,25.0g,2.5g,790mg
Matar Pulao - Spicy,150 g,290,7.5g,52.0g,6.0g,3.5g,400mg
Deluxe Veggie (1 slice) - Extra Cheese,500 g,295,10.5g,36.0g,12.0g,2.8g,590mg
Potato - Home Style,100 ml,77,2.0g,17.5g,0.1g,2.2g,6mg
Andhra Chicken Curry - Home Style,100 g,390,25.0g,9.0g,28.0g,1.5g,740mg
Aloo Tikki (2 pcs) - Spicy,500 g,240,4.0g,32.0g,11.0g,3.0g,420mg
Steamed Rice,50 ml,260,5.0g,58.0g,0.5g,1.0g,5mg
Pedha (2 pcs) - Mild,500 g,130,3.0g,18.0g,5.5g,0g,35mg
Dal Baati Churma - Street Style,100 g,650,18.0g,88.0g,24.0g,10.0g,580mg
Cupcake (Vanilla) - Street Style,100 g,210,2.5g,32.0g,8.5g,0.5g,160mg
Plain Dosa - Street Style,300 g,230,5.0g,38.0g,6.0g,2.5g,420mg
Goan Fish Curry - Street Style,100 g,330,21.0g,11.0g,22.0g,1.5g,570mg
Schezwan Fried Rice - Extra Cheese,100 ml,440,9.0g,64.0g,15.0g,3.5g,890mg
Figs (Anjeer) - Mild,200 g,75,1.0g,19.0g,0.3g,2.5g,2mg
Motichoor Laddu,50 ml,145,3.0g,18.0g,7.0g,0.8g,22mg
Egg Noodles - Street Style,150 ml,390,14.0g,52.0g,14.0g,2.0g,780mg
Margherita Pizza (1 slice),150 g,285,12.0g,34.0g,11.0g,2.0g,520mg
Bhatura,200 g,320,7.0g,42.0g,14.0g,2.0g,410mg
Cashews (Kaju) - Extra Cheese,300 g,160,5.2g,9.0g,12.0g,1.0g,5mg
Cheese Slice - Home Style,500 g,70,4.5g,1.0g,5.5g,0g,180mg
Passion Fruit - Spicy,150 ml,17,0.4g,4.2g,0.1g,1.8g,5mg
Chocolate Cake (1 slice) - Home Style,300 g,280,4.0g,38.0g,12.0g,1.0g,200mg
Butterscotch Cake (1 slice) - Home Style,100 ml,300,3.5g,40.0g,14.0g,0.5g,190mg
Chicken Noodle Soup - Extra Cheese,150 g,160,10.0g,16.0g,6.0g,1.5g,640mg
Undhiyu - Spicy,200 g,280,6.0g,32.0g,14.0g,8.0g,440mg
Chicken Korma - Spicy,200 ml,440,24.0g,16.0g,31.0g,1.5g,650mg
Filet-O-Fish - Street Style,150 ml,360,15.0g,38.0g,17.0g,1.5g,660mg
Sweet Potato - Mild,50 ml,86,1.6g,20.1g,0.1g,3.0g,55mg
Cheese N Corn Pizza (1 slice) - Restaurant Style,300 g,290,10.0g,34.0g,13.0g,2.0g,550mg
Prawn Curry - Spicy,150 ml,350,24.0g,9.0g,24.0g,1.0g,580mg
Lemon Rice - Spicy,500 g,260,4.5g,48.0g,5.5g,2.0g,420mg
Prawn Dim Sums - Mild,50 ml,230,13.0g,28.0g,8.0g,1.0g,440mg
McSpicy Paneer Burger - Street Style,150 ml,470,14.0g,48.0g,24.0g,2.5g,820mg
Chicken Tikka Masala - Home Style,500 g,460,28.0g,14.0g,32.0g,1.5g,780mg
Chicken Noodle Soup - Mild,250 g,160,10.0g,16.0g,6.0g,1.5g,640mg
Dhokla (4 pcs) - Mild,150 g,180,6.0g,28.0g,5.0g,2.5g,420mg
Raspberries - Extra Cheese,250 g,52,1.2g,12.0g,0.7g,6.5g,1mg
Paneer Sandwich - Mild,150 g,340,12.0g,36.0g,16.0g,2.0g,520mg
Butter Cookie (2 pcs) - Restaurant Style,300 g,95,1.0g,12.0g,5.0g,0.2g,30mg
Cantaloupe,150 g,34,0.8g,8.2g,0.2g,0.9g,16mg
McSpicy Chicken Burger - Mild,100 ml,510,22.0g,46.0g,27.0g,2.0g,890mg
Shortbread Cookie - Spicy,50 ml,105,1.0g,12.0g,6.0g,0.2g,30mg
Drumstick - Mild,150 g,64,2.1g,8.5g,0.2g,3.2g,8mg
Tomato - Street Style,50 ml,18,0.9g,3.9g,0.2g,1.2g,5mg
Chicken Biryani - Restaurant Style,300 g,520,28.0g,65.0g,18.0g,2.0g,890mg
Palak Dal - Mild,500 g,220,10.0g,22.0g,10.0g,5.0g,460mg
Mutton Keema - Restaurant Style,200 g,420,32.0g,6.0g,30.0g,0.5g,620mg
Honeydew - Spicy,300 g,55,0.8g,14.0g,0.2g,1.2g,18mg
Alfredo Pasta - Extra Cheese,100 g,420,12.0g,46.0g,20.0g,2.0g,520mg
Nutella (1 tbsp) - Street Style,150 ml,100,1.2g,11.0g,5.5g,0.5g,8mg
Cashews (Kaju),300 g,160,5.2g,9.0g,12.0g,1.0g,5mg
Aloo Paratha - Extra Cheese,500 g,350,8.0g,48.0g,14.0g,4.0g,380mg
Navratna Korma - Street Style,200 ml,380,8.0g,22.0g,30.0g,4.5g,520mg
Nalli Nihari - Home Style,50 ml,560,30.0g,8.0g,46.0g,0.5g,780mg
Soy Milk - Mild,50 ml,80,6.0g,8.0g,4.0g,1.0g,120mg
Paneer Paratha - Home Style,100 ml,400,12.0g,48.0g,18.0g,3.5g,420mg
Hazelnuts,300 g,176,4.5g,5.0g,17.0g,3.0g,0mg
McVeggie Burger - Extra Cheese,200 g,380,9.0g,46.0g,17.0g,3.0g,680mg
Persimmon - Spicy,300 g,70,0.6g,18.6g,0.2g,3.6g,1mg
Paneer Lababdar,150 g,480,14.0g,15.0g,40.0g,2.0g,620mg
Milk (Full Fat) - Restaurant Style,150 g,124,6.4g,9.6g,7.0g,0g,100mg
Pomegranate,100 ml,83,1.7g,18.7g,1.2g,4.0g,3mg
Brinjal (Eggplant) - Restaurant Style,100 g,25,1.0g,5.9g,0.2g,3.0g,2mg
Misal Pav - Mild,200 g,380,14.0g,48.0g,16.0g,7.0g,720mg
Dahi Vada - Spicy,500 g,290,7.0g,38.0g,12.0g,3.0g,420mg
Chikki (Peanut Brittle),100 g,140,4.0g,18.0g,6.0g,1.5g,15mg
Jeera Rice - Mild,150 g,240,4.5g,48.0g,3.0g,1.0g,290mg
Veg Sandwich - Mild,100 ml,250,8.0g,38.0g,7.0g,4.0g,420mg
Bourbon Biscuit (2 pcs) - Restaurant Style,100 ml,90,1.0g,12.0g,4.5g,0.5g,35mg
Flavored Yogurt (Mango) - Spicy,250 g,115,3.0g,19.0g,2.5g,0g,40mg
Bhindi Masala - Street Style,250 g,160,3.0g,14.0g,10.0g,4.5g,380mg
Malai Tikka (6 pcs),300 g,460,38.0g,8.0g,30.0g,0.5g,640mg
Buttermilk (Chaas) - Restaurant Style,200 g,50,2.5g,6.0g,2.0g,0g,180mg
Cream Crackers (2 pcs) - Extra Cheese,200 ml,75,1.2g,10.0g,3.0g,0.5g,70mg
Tofu Tikka Masala - Home Style,500 g,370,16.0g,16.0g,28.0g,3.5g,620mg
Schezwan Noodles - Street Style,500 g,380,8.0g,56.0g,13.0g,3.5g,880mg
Mutton Biryani - Spicy,200 g,580,32.0g,62.0g,22.0g,1.5g,920mg
McAloo Tikki Burger - Street Style,500 g,345,8.0g,48.0g,14.0g,3.5g,650mg
Moong Dal Halwa - Home Style,300 g,350,8.0g,45.0g,16.0g,3.0g,40mg
Sabudana Khichdi - Street Style,150 g,250,3.5g,48.0g,5.0g,2.0g,280mg
Motichoor Laddu - Spicy,500 g,145,3.0g,18.0g,7.0g,0.8g,22mg
Pesto Pasta,200 ml,400,10.0g,44.0g,21.0g,4.0g,360mg
Patra,200 g,170,3.0g,28.0g,5.5g,3.0g,410mg
Cantaloupe - Restaurant Style,150 ml,34,0.8g,8.2g,0.2g,0.9g,16mg
Sabudana Khichdi - Street Style,500 g,250,3.5g,48.0g,5.0g,2.0g,280mg
Chicken Pasta - Street Style,200 g,420,22.0g,48.0g,16.0g,2.5g,590mg
Mayonnaise (1 tbsp),100 ml,94,0.1g,0.1g,10.0g,0g,90mg
Cluster Beans - Home Style,250 g,41,3.2g,7.7g,0.2g,3.5g,4mg
McChicken Burger - Home Style,100 g,450,16.0g,44.0g,22.0g,2.0g,780mg
Misal Pav - Home Style,500 g,380,14.0g,48.0g,16.0g,7.0g,720mg
Persimmon,100 g,70,0.6g,18.6g,0.2g,3.6g,1mg
Maharaja Mac Chicken - Mild,250 g,580,28.0g,52.0g,30.0g,3.0g,980mg
Ghee Rice - Restaurant Style,200 ml,320,4.0g,50.0g,11.0g,1.0g,310mg
Custard Apple - Street Style,500 g,101,2.1g,23.5g,0.6g,2.4g,4mg
Galouti Kabab (4 pcs),300 g,420,18.0g,14.0g,32.0g,1.5g,480mg
Cranberries - Spicy,250 g,46,0.4g,12.0g,0.1g,4.6g,2mg
Tomato - Home Style,250 g,18,0.9g,3.9g,0.2g,1.2g,5mg
Bottle Gourd - Extra Cheese,200 ml,14,0.6g,3.4g,0.1g,0.6g,2mg
Cinnamon Roll - Mild,200 g,290,5.0g,42.0g,11.0g,1.5g,250mg
Masala Chaas - Home Style,200 g,55,2.5g,7.0g,2.0g,0.5g,220mg
Apricots (Dried),250 g,70,1.0g,18.0g,0.1g,2.0g,2mg
Jalebi Fafda - Home Style,500 g,380,7.0g,50.0g,17.0g,2.5g,520mg
Chole Bhature - Home Style,50 ml,580,15.0g,78.0g,24.0g,8.0g,890mg
Garlic Bread (2 pcs) - Street Style,250 g,260,7.0g,34.0g,11.0g,2.0g,440mg
Semiya Upma - Extra Cheese,50 ml,240,5.0g,42.0g,5.5g,2.5g,410mg
Bataka Vada,250 g,290,6.0g,38.0g,12.0g,3.0g,480mg
Haryali Tikka - Spicy,300 g,400,40.0g,10.0g,23.0g,1.0g,660mg
Dim Sums (4 pcs),200 ml,210,8.0g,30.0g,6.0g,2.0g,380mg
Cheesecake (1 slice) - Home Style,100 g,350,7.0g,30.0g,22.0g,0.5g,280mg
Margherita Pizza (1 slice) - Street Style,100 g,285,12.0g,34.0g,11.0g,2.0g,520mg
Set Dosa (3 pcs) - Mild,250 g,340,8.0g,54.0g,9.0g,4.0g,560mg
Salted Butter (1 tbsp) - Spicy,300 g,102,0.1g,0g,11.5g,0g,90mg
Tofu Palak - Spicy,100 g,300,16.0g,12.0g,22.0g,4.5g,510mg
Jam (1 tbsp) - Mild,150 g,55,0.1g,14.0g,0g,0.2g,2mg
Lassi (Sweet) - Home Style,200 g,150,4.0g,28.0g,3.0g,0g,80mg
Pav Bhaji - Spicy,250 g,380,9.0g,52.0g,16.0g,7.0g,620mg
Orange,150 ml,62,1.2g,15.4g,0.2g,3.1g,0mg
Plum,200 ml,30,0.5g,7.5g,0.2g,0.9g,0mg
Corn Flakes with Milk - Restaurant Style,150 g,210,7.0g,38.0g,4.0g,2.0g,180mg
Brinjal (Eggplant) - Restaurant Style,500 g,25,1.0g,5.9g,0.2g,3.0g,2mg
Apricots (Dried) - Mild,300 g,70,1.0g,18.0g,0.1g,2.0g,2mg
Puran Poli (with ghee) - Restaurant Style,500 g,350,7.5g,58.0g,10.2g,3.5g,45mg
Cantaloupe,100 ml,34,0.8g,8.2g,0.2g,0.9g,16mg
Tofu Matar - Restaurant Style,300 g,280,15.0g,18.0g,16.0g,4.0g,480mg
French Fries (Large) - Spicy,200 ml,430,6.0g,55.0g,21.0g,4.5g,260mg
Tomato,100 ml,18,0.9g,3.9g,0.2g,1.2g,5mg
Mexican Green Wave (1 slice),100 g,280,9.0g,34.0g,12.0g,3.0g,540mg
Tofu Bhurji - Mild,200 ml,260,18.0g,10.0g,17.0g,2.5g,490mg
Prawn Noodles - Restaurant Style,150 g,420,20.0g,50.0g,16.0g,1.5g,840mg
Egg Curry,200 ml,290,12.0g,10.0g,22.0g,1.5g,490mg
Kadhi Pakora - Extra Cheese,100 ml,300,10.0g,28.0g,16.0g,3.0g,580mg
Dahi Vada - Restaurant Style,150 g,290,7.0g,38.0g,12.0g,3.0g,420mg
Chilli Tofu - Home Style,100 g,340,14.0g,26.0g,20.0g,3.0g,680mg
Poori (2 pieces),300 g,240,4.0g,32.0g,11.0g,1.5g,280mg
Plain Dosa - Home Style,200 g,230,5.0g,38.0g,6.0g,2.5g,420mg
Sev Puri (6 pieces) - Spicy,300 g,220,4.0g,34.0g,8.0g,2.5g,350mg
Chow Mein,150 ml,360,8.5g,50.0g,14.0g,3.0g,750mg
Strawberries,300 g,32,0.7g,7.7g,0.3g,2.0g,1mg
Bagel - Mild,100 ml,190,7.0g,36.0g,1.5g,2.0g,280mg
Drumstick - Spicy,150 g,64,2.1g,8.5g,0.2g,3.2g,8mg
Pongal - Restaurant Style,150 g,340,8.0g,58.0g,8.5g,3.0g,420mg
Oreo (2 pcs) - Mild,150 g,110,1.0g,16.0g,5.0g,0.5g,75mg
Cheese Pizza (1 slice) - Home Style,150 g,300,11.5g,35.0g,13.0g,1.8g,560mg
Peanut Butter (1 tbsp) - Home Style,200 g,95,4.0g,3.5g,8.0g,1.0g,65mg
Sweet Corn Soup - Street Style,150 g,110,3.5g,18.0g,3.0g,1.5g,520mg
Onion Dosa,100 ml,310,6.5g,44.0g,11.5g,2.5g,490mg
Mint Rice - Spicy,200 ml,290,5.5g,48.0g,7.5g,3.0g,460mg
Galouti Kabab (4 pcs) - Extra Cheese,100 ml,420,18.0g,14.0g,32.0g,1.5g,480mg
Milk Biscuit (2 pcs) - Restaurant Style,100 ml,85,1.5g,12.0g,3.5g,0.3g,45mg
Corn Flakes with Milk - Spicy,150 ml,210,7.0g,38.0g,4.0g,2.0g,180mg
McSpicy Chicken Burger - Street Style,100 ml,510,22.0g,46.0g,27.0g,2.0g,890mg
Brinjal (Eggplant) ,100 ml,25,1.0g,5.9g,0.2g,3.0g,2mg
Persimmon,50 ml,70,0.6g,18.6g,0.2g,3.6g,1mg
Avocado - Mild,200 g,160,2.0g,8.5g,14.7g,6.7g,7mg
Butterscotch Cake (1 slice) - Spicy,200 g,300,3.5g,40.0g,14.0g,0.5g,190mg
Jalebi (2 pcs) - Mild,150 g,180,2.0g,30.0g,6.0g,0.5g,40mg
Digestive Biscuit (2 pcs) - Spicy,300 g,95,1.5g,13.0g,4.0g,1.0g,60mg
Pav (Ladi Pav 1 pc) - Mild,100 ml,110,3.0g,20.0g,1.5g,1.0g,160mg
Pineapple - Restaurant Style,150 ml,50,0.5g,13.1g,0.1g,1.4g,1mg
Red Sauce Pasta - Restaurant Style,150 g,310,9.0g,52.0g,8.0g,4.0g,490mg
Watermelon - Street Style,100 ml,46,0.9g,11.5g,0.2g,0.6g,1mg
Bajra Roti - Spicy,250 g,210,6.5g,37.0g,4.0g,5.0g,230mg
Banana ,100 ml,105,1.3g,27.0g,0.4g,3.1g,1mg
Parle Biscuit (2 pcs) - Restaurant Style,50 ml,80,1.0g,12.0g,3.0g,0.3g,40mg
Egg Curry - Spicy,200 g,290,12.0g,10.0g,22.0g,1.5g,490mg
Bhatura - Street Style,200 g,320,7.0g,42.0g,14.0g,2.0g,410mg
Akki Roti,150 g,220,5.0g,40.0g,4.5g,3.0g,290mg
Hide & Seek (2 pcs) - Extra Cheese,200 ml,105,1.5g,14.0g,5.0g,0.5g,35mg
Onion - Home Style,100 g,40,1.1g,9.3g,0.1g,1.7g,4mg
Pumpkin Seeds,200 ml,160,8.0g,4.0g,13.5g,1.5g,5mg
Chicken Lollipop (4 pcs) - Restaurant Style,150 g,480,28.0g,22.0g,32.0g,1.0g,850mg
Hara Bhara Kabab (4 pcs) - Home Style,100 g,220,6.0g,28.0g,10.0g,4.5g,380mg
Bagel - Extra Cheese,150 ml,190,7.0g,36.0g,1.5g,2.0g,280mg
Brownie (1 piece) - Spicy,100 g,220,2.5g,28.0g,11.0g,1.0g,100mg
Oats Porridge - Mild,200 g,160,6.0g,28.0g,3.0g,4.0g,40mg
Garlic Noodles - Extra Cheese,100 ml,350,7.5g,52.0g,12.0g,2.5g,760mg
Chia Seeds - Extra Cheese,150 g,70,2.5g,6.0g,4.5g,5.0g,2mg
Kesari Bath - Restaurant Style,100 ml,350,3.0g,62.0g,10.0g,1.0g,15mg
Pesto Pasta - Restaurant Style,50 ml,400,10.0g,44.0g,21.0g,4.0g,360mg
Chocolate Cake (1 slice) - Mild,150 ml,280,4.0g,38.0g,12.0g,1.0g,200mg
Hara Bhara Kabab (4 pcs) - Spicy,500 g,220,6.0g,28.0g,10.0g,4.5g,380mg
Pear - Restaurant Style,100 ml,81,0.6g,21.5g,0.2g,4.6g,1mg
Corn Flakes with Milk - Home Style,150 g,210,7.0g,38.0g,4.0g,2.0g,180mg
Makki di Roti - Restaurant Style,300 g,240,6.5g,38.0g,7.0g,5.0g,260mg
Rasmalai (2 pcs) - Restaurant Style,300 g,240,6.0g,32.0g,10.0g,0g,70mg
Chicken Noodles,100 ml,440,22.0g,50.0g,17.0g,2.0g,820mg
Tofu Korma - Mild,150 ml,340,14.0g,20.0g,24.0g,3.0g,540mg
Mango - Home Style,300 g,90,1.4g,22.0g,0.5g,2.6g,1mg
Lobia - Restaurant Style,100 g,240,12.0g,36.0g,6.0g,8.5g,430mg
Beetroot - Street Style,300 g,43,1.6g,9.6g,0.2g,2.8g,78mg
Palak Paneer - Extra Cheese,100 ml,350,14.0g,12.0g,27.0g,4.0g,490mg
Cheese Pizza (1 slice) - Restaurant Style,500 g,300,11.5g,35.0g,13.0g,1.8g,560mg
Snake Gourd - Spicy,100 g,20,0.8g,4.5g,0.2g,1.0g,4mg
Peanut Butter (1 tbsp) - Street Style,200 g,95,4.0g,3.5g,8.0g,1.0g,65mg
Peanuts (Roasted) - Spicy,500 g,170,7.5g,6.0g,14.0g,2.5g,90mg
Patra - Restaurant Style,100 ml,170,3.0g,28.0g,5.5g,3.0g,410mg
Chicken Noodle Soup - Street Style,200 g,160,10.0g,16.0g,6.0g,1.5g,640mg
McChicken Burger,100 ml,450,16.0g,44.0g,22.0g,2.0g,780mg
Tuna Sandwich - Street Style,300 g,380,22.0g,34.0g,18.0g,2.0g,620mg
Aloo Matar - Home Style,300 g,190,4.5g,20.0g,10.0g,4.0g,410mg
Pav Bhaji - Mild,150 ml,380,9.0g,52.0g,16.0g,7.0g,620mg
Cucumber Sandwich,200 g,180,5.0g,30.0g,4.5g,3.0g,310mg
Gulab Jamun (2 pcs) - Street Style,200 g,200,3.0g,32.0g,7.0g,0.5g,60mg
Onion - Restaurant Style,300 g,40,1.1g,9.3g,0.1g,1.7g,4mg
Brownie (1 piece),500 g,220,2.5g,28.0g,11.0g,1.0g,100mg
Matar Pulao - Street Style,300 g,290,7.5g,52.0g,6.0g,3.5g,400mg
Navratna Korma - Extra Cheese,50 ml,380,8.0g,22.0g,30.0g,4.5g,520mg
Tandoori Paneer Tikka - Home Style,250 g,380,16.0g,12.0g,30.0g,2.0g,540mg
Fafda - Extra Cheese,150 g,220,5.0g,28.0g,10.0g,2.0g,480mg
Passion Fruit - Mild,300 g,17,0.4g,4.2g,0.1g,1.8g,5mg
Roasted Chana - Home Style,500 g,120,7.0g,18.0g,3.0g,4.5g,80mg
Tamarind Rice - Mild,200 g,280,4.5g,52.0g,5.0g,2.5g,510mg
French Fries (Large) - Extra Cheese,150 ml,430,6.0g,55.0g,21.0g,4.5g,260mg
Semiya Upma - Home Style,100 ml,240,5.0g,42.0g,5.5g,2.5g,410mg
Soya Chaap (2 pcs) - Home Style,200 g,350,28.0g,20.0g,18.0g,6.0g,490mg
Shahi Paneer - Home Style,200 ml,490,13.0g,14.0g,42.0g,2.5g,560mg
Fruit Chaat,200 g,130,2.0g,30.0g,1.0g,3.5g,40mg
Raspberries - Spicy,200 ml,52,1.2g,12.0g,0.7g,6.5g,1mg
Gujarati Dal,200 g,200,8.0g,28.0g,6.0g,5.0g,440mg
Veg Spring Roll - Extra Cheese,150 ml,210,4.5g,30.0g,8.5g,3.0g,430mg
Arrabbiata Pasta,250 g,320,8.5g,52.0g,8.5g,4.5g,510mg
Pistachios (Pista) - Street Style,200 g,160,5.8g,8.0g,12.5g,3.0g,1mg
Gajar Ka Halwa - Extra Cheese,150 g,260,4.0g,38.0g,10.0g,2.5g,50mg
Honey (1 tbsp) - Extra Cheese,150 g,64,0.1g,17.3g,0g,0g,1mg
Veg Extravaganza (1 slice) - Mild,200 g,320,12.0g,38.0g,13.5g,3.0g,620mg
Black Forest Cake (1 slice) - Home Style,250 g,330,4.0g,44.0g,15.5g,1.0g,210mg
Payasam - Restaurant Style,200 ml,210,5.0g,38.0g,5.0g,0.5g,55mg
Poha Jalebi - Mild,100 ml,380,5.0g,62.0g,13.0g,2.5g,360mg
Rava Idli - Extra Cheese,500 g,190,4.5g,32.0g,5.0g,1.5g,350mg
Seekh Kabab (4 pcs) - Mild,150 ml,340,24.0g,8.0g,24.0g,2.0g,520mg
Cranberries - Street Style,250 g,46,0.4g,12.0g,0.1g,4.6g,2mg
Palak Paneer - Mild,150 ml,350,14.0g,12.0g,27.0g,4.0g,490mg
Chilli Fish,500 g,410,26.0g,26.0g,24.0g,1.5g,790mg
Dahi (Curd) - Restaurant Style,300 g,70,3.5g,5.0g,4.0g,0g,45mg
Fafda - Extra Cheese,50 ml,220,5.0g,28.0g,10.0g,2.0g,480mg
McChicken Burger - Restaurant Style,50 ml,450,16.0g,44.0g,22.0g,2.0g,780mg
Prawn Malai Curry - Restaurant Style,300 g,420,22.0g,10.0g,32.0g,0.5g,560mg
Milk (Toned) - Restaurant Style,250 g,100,6.6g,9.8g,4.4g,0g,110mg
Mexican Green Wave (1 slice) - Home Style,500 g,280,9.0g,34.0g,12.0g,3.0g,540mg
Muffin (Chocolate),150 ml,250,4.0g,34.0g,11.0g,1.5g,190mg
Milk (Skimmed) - Home Style,100 g,68,6.8g,9.8g,0.4g,0g,120mg
Cheese Garlic Bread - Mild,200 g,310,11.0g,34.0g,15.0g,2.0g,520mg
Prawn Dim Sums - Home Style,150 ml,230,13.0g,28.0g,8.0g,1.0g,440mg
Papdi Chaat,200 g,280,5.0g,42.0g,10.0g,3.5g,460mg
Club Sandwich,50 ml,450,18.0g,44.0g,22.0g,3.0g,720mg
Navratna Korma - Mild,150 g,380,8.0g,22.0g,30.0g,4.5g,520mg
Mutton Keema - Home Style,200 ml,420,32.0g,6.0g,30.0g,0.5g,620mg
Kadhi Pakora - Extra Cheese,150 g,300,10.0g,28.0g,16.0g,3.0g,580mg
Chicken Sausage Pizza (1 slice) - Extra Cheese,200 g,330,15.0g,32.0g,16.0g,1.5g,720mg
Chicken Fried Rice - Home Style,300 g,460,20.0g,58.0g,16.0g,1.5g,780mg
Jeera Rice - Mild,50 ml,240,4.5g,48.0g,3.0g,1.0g,290mg
Chicken Korma - Street Style,100 ml,440,24.0g,16.0g,31.0g,1.5g,650mg
Carrot Cake (1 slice) - Extra Cheese,100 ml,310,4.5g,40.0g,15.0g,2.0g,230mg
Shahi Paneer - Extra Cheese,200 g,490,13.0g,14.0g,42.0g,2.5g,560mg
Avocado - Home Style,50 ml,160,2.0g,8.5g,14.7g,6.7g,7mg
Lucknowi Biryani - Street Style,300 g,600,28.0g,68.0g,23.0g,2.0g,950mg
Chow Mein - Street Style,50 ml,360,8.5g,50.0g,14.0g,3.0g,750mg
Chicken Noodle Soup - Street Style,100 g,160,10.0g,16.0g,6.0g,1.5g,640mg
Pumpkin - Spicy,250 g,26,1.0g,6.5g,0.1g,0.5g,1mg
Whole Wheat Bread (2 slices) - Home Style,100 g,145,6.0g,26.0g,2.0g,4.0g,290mg
Tofu Matar - Extra Cheese,250 g,280,15.0g,18.0g,16.0g,4.0g,480mg
Donut (Glazed) - Spicy,250 g,270,4.0g,31.0g,15.0g,1.0g,220mg
Tomato Soup - Restaurant Style,50 ml,80,2.0g,14.0g,2.0g,1.5g,490mg
Kesari Bath - Spicy,100 g,350,3.0g,62.0g,10.0g,1.0g,15mg
Dahi Vada - Restaurant Style,150 ml,290,7.0g,38.0g,12.0g,3.0g,420mg
Bitter Gourd,150 g,17,1.0g,3.7g,0.2g,2.8g,5mg
Panchmel Dal - Extra Cheese,100 g,240,10.0g,27.0g,10.5g,5.5g,470mg
Aglio Olio Pasta - Extra Cheese,150 ml,340,8.0g,50.0g,11.0g,3.0g,380mg
Gatte ki Sabzi - Home Style,150 g,260,8.0g,20.0g,16.0g,4.0g,520mg
Dhokla (4 pcs) - Restaurant Style,300 g,180,6.0g,28.0g,5.0g,2.5g,420mg
Brownie (1 piece) - Mild,100 ml,220,2.5g,28.0g,11.0g,1.0g,100mg
Prawn Biryani - Extra Cheese,100 g,510,26.0g,64.0g,18.0g,1.5g,880mg
Nutella (1 tbsp) - Extra Cheese,200 ml,100,1.2g,11.0g,5.5g,0.5g,8mg
White Sauce Pasta - Spicy,100 g,380,10.0g,48.0g,16.0g,2.5g,450mg
Soya Chaap (2 pcs) - Restaurant Style,150 ml,350,28.0g,20.0g,18.0g,6.0g,490mg
Mix Veg,150 ml,150,4.0g,18.0g,7.0g,4.5g,390mg
Curd Rice,200 ml,220,6.0g,38.0g,4.5g,2.0g,310mg
Chia Seeds,200 g,70,2.5g,6.0g,4.5g,5.0g,2mg
Idli (2 pieces) - Spicy,500 g,120,4.0g,24.0g,0.5g,2.0g,280mg
Chicken McNuggets (6 pcs) - Restaurant Style,500 g,270,15.0g,16.0g,16.0g,1.0g,500mg
Nutella (1 tbsp) - Street Style,200 ml,100,1.2g,11.0g,5.5g,0.5g,8mg
Cranberries - Spicy,250 g,46,0.4g,12.0g,0.1g,4.6g,2mg
Persimmon - Home Style,500 g,70,0.6g,18.6g,0.2g,3.6g,1mg
Moong Dal Halwa - Street Style,100 g,350,8.0g,45.0g,16.0g,3.0g,40mg
Dum Aloo - Mild,200 ml,240,4.0g,22.0g,15.0g,3.0g,460mg
Mooli Paratha - Mild,100 ml,310,8.5g,45.0g,11.0g,4.5g,360mg
Cranberries - Extra Cheese,250 g,46,0.4g,12.0g,0.1g,4.6g,2mg
Malai Kofta - Home Style,300 g,520,10.0g,38.0g,36.0g,5.0g,480mg
Tandoori Chicken (2 pcs) - Extra Cheese,50 ml,480,48.0g,4.0g,30.0g,0g,720mg
Macaron (1 pc) - Street Style,300 g,90,1.5g,12.0g,4.0g,0.2g,15mg
Watermelon - Street Style,500 g,46,0.9g,11.5g,0.2g,0.6g,1mg
Chilli Tofu - Extra Cheese,150 ml,340,14.0g,26.0g,20.0g,3.0g,680mg
Thatte Idli,250 g,200,5.5g,36.0g,4.5g,2.5g,360mg
Chicken Chettinad - Mild,150 ml,400,26.0g,10.0g,29.0g,2.0g,710mg
Afghani Chaap - Spicy,100 g,420,24.0g,16.0g,30.0g,3.5g,540mg
Cranberries - Extra Cheese,150 g,46,0.4g,12.0g,0.1g,4.6g,2mg
Raj Kachori - Street Style,150 g,350,7.0g,48.0g,15.0g,4.5g,520mg
Prunes - Extra Cheese,500 g,70,0.8g,18.5g,0.1g,2.0g,1mg
Tofu Butter Masala - Restaurant Style,100 g,400,14.0g,14.0g,32.0g,3.5g,590mg
Chicken Noodle Soup - Restaurant Style,200 g,160,10.0g,16.0g,6.0g,1.5g,640mg
Mutton Keema - Spicy,200 g,420,32.0g,6.0g,30.0g,0.5g,620mg
Paneer (Homemade),500 g,265,18.0g,6.0g,18.0g,0g,150mg
Bajra Roti - Home Style,150 ml,210,6.5g,37.0g,4.0g,5.0g,230mg
Chicken McNuggets (6 pcs) - Mild,100 g,270,15.0g,16.0g,16.0g,1.0g,500mg
Panchmel Dal - Spicy,100 g,240,10.0g,27.0g,10.5g,5.5g,470mg
Pav Bhaji - Extra Cheese,150 g,380,9.0g,52.0g,16.0g,7.0g,620mg
Hide & Seek (2 pcs) - Street Style,200 g,105,1.5g,14.0g,5.0g,0.5g,35mg
Corn (Sweet),300 g,86,3.3g,19.0g,1.2g,2.7g,15mg
Cheese Pizza (1 slice) - Restaurant Style,250 g,300,11.5g,35.0g,13.0g,1.8g,560mg
Salted Butter (1 tbsp) - Spicy,200 g,102,0.1g,0g,11.5g,0g,90mg
Hakka Noodles - Home Style,150 g,340,7.5g,54.0g,10.0g,2.5g,720mg
Gobi Manchurian (Dry) - Street Style,200 g,380,6.0g,42.0g,21.0g,5.0g,680mg
Mayonnaise (1 tbsp) - Mild,200 g,94,0.1g,0.1g,10.0g,0g,90mg
Sweet Potato - Home Style,200 ml,86,1.6g,20.1g,0.1g,3.0g,55mg
Gobi Manchurian (Gravy) - Mild,100 ml,350,5.5g,38.0g,19.0g,4.5g,720mg
White Sauce Pasta - Spicy,150 g,380,10.0g,48.0g,16.0g,2.5g,450mg
Prawn Malai Curry - Street Style,500 g,420,22.0g,10.0g,32.0g,0.5g,560mg
Dal Tadka - Extra Cheese,250 g,210,9.0g,24.0g,9.0g,5.0g,460mg
Egg Masala - Spicy,100 ml,310,13.0g,12.0g,23.0g,1.5g,520mg
Peach - Home Style,50 ml,51,1.2g,12.4g,0.3g,2.0g,0mg
Kesari Bath - Street Style,500 g,350,3.0g,62.0g,10.0g,1.0g,15mg
Aglio Olio Pasta - Extra Cheese,150 g,340,8.0g,50.0g,11.0g,3.0g,380mg
Drumstick - Street Style,500 g,64,2.1g,8.5g,0.2g,3.2g,8mg
Bitter Gourd - Street Style,250 g,17,1.0g,3.7g,0.2g,2.8g,5mg
Oat Milk - Street Style,150 ml,90,3.0g,14.0g,3.0g,1.5g,100mg
Greek Yogurt - Extra Cheese,100 g,100,10.0g,4.0g,5.0g,0g,35mg
Dal Baati Churma - Home Style,300 g,650,18.0g,88.0g,24.0g,10.0g,580mg
Éclair - Mild,300 g,240,4.0g,26.0g,13.0g,0.5g,170mg
Chicken Chettinad - Restaurant Style,200 g,400,26.0g,10.0g,29.0g,2.0g,710mg
Strawberries - Restaurant Style,300 g,32,0.7g,7.7g,0.3g,2.0g,1mg
Poori Bhaji,200 ml,410,6.5g,52.0g,19.0g,4.0g,590mg
Hazelnuts - Spicy,150 ml,176,4.5g,5.0g,17.0g,3.0g,0mg
Gulab Jamun (2 pcs) - Street Style,100 ml,200,3.0g,32.0g,7.0g,0.5g,60mg
Sourdough (2 slices) - Street Style,250 g,180,6.0g,34.0g,1.5g,1.5g,340mg
Cucumber Sandwich - Home Style,200 ml,180,5.0g,30.0g,4.5g,3.0g,310mg
Tandoori Chicken (2 pcs) - Home Style,200 ml,480,48.0g,4.0g,30.0g,0g,720mg
Sweet Corn Soup - Extra Cheese,250 g,110,3.5g,18.0g,3.0g,1.5g,520mg
Schezwan Fried Rice - Spicy,200 g,440,9.0g,64.0g,15.0g,3.5g,890mg
Hyderabadi Biryani - Street Style,200 g,620,30.0g,70.0g,24.0g,2.5g,980mg
Chocolate Cake (1 slice) - Spicy,500 g,280,4.0g,38.0g,12.0g,1.0g,200mg
Mac and Cheese - Street Style,200 g,410,14.0g,48.0g,18.0g,1.5g,560mg
Chicken Chettinad - Spicy,200 ml,400,26.0g,10.0g,29.0g,2.0g,710mg
Chicken Club Sandwich - Spicy,50 ml,500,26.0g,42.0g,25.0g,2.5g,790mg
Kheer - Restaurant Style,250 g,220,6.0g,36.0g,6.0g,0.5g,60mg
Orange,100 ml,62,1.2g,15.4g,0.2g,3.1g,0mg
Chicken Korma,100 g,440,24.0g,16.0g,31.0g,1.5g,650mg
Shahi Paneer - Home Style,150 ml,490,13.0g,14.0g,42.0g,2.5g,560mg
Whole Wheat Bread (2 slices),150 ml,145,6.0g,26.0g,2.0g,4.0g,290mg
McAloo Tikki Burger - Restaurant Style,200 ml,345,8.0g,48.0g,14.0g,3.5g,650mg
Guava - Mild,100 g,68,2.6g,14.3g,1.0g,5.4g,2mg
Roasted Chana - Home Style,250 g,120,7.0g,18.0g,3.0g,4.5g,80mg
French Fries (Medium) - Spicy,100 g,320,4.5g,41.0g,15.5g,3.5g,190mg
Peanuts (Raw),500 g,160,7.0g,5.0g,14.0g,2.5g,5mg
Baingan Bharta - Street Style,250 g,180,3.5g,16.0g,12.0g,5.0g,420mg
Motichoor Laddu - Mild,100 g,145,3.0g,18.0g,7.0g,0.8g,22mg
Chilli Paneer (Dry) - Spicy,250 g,420,14.0g,28.0g,28.0g,3.0g,720mg
Potato - Home Style,50 ml,77,2.0g,17.5g,0.1g,2.2g,6mg
Chicken McNuggets (6 pcs) - Mild,100 g,270,15.0g,16.0g,16.0g,1.0g,500mg
Tangdi Kabab (2 pcs) - Spicy,100 ml,440,38.0g,5.0g,29.0g,0.5g,680mg
Pani Puri (6 pieces) - Mild,200 g,180,3.2g,32.0g,4.8g,2.0g,290mg
Flax Seeds (Alsi) - Home Style,100 ml,75,2.5g,4.0g,6.0g,4.0g,2mg
Butter (1 tbsp) - Spicy,100 g,102,0.1g,0g,11.5g,0g,1mg
Kanchipuram Idli - Spicy,100 g,210,5.0g,34.0g,6.0g,2.0g,380mg
Kheer - Spicy,100 ml,220,6.0g,36.0g,6.0g,0.5g,60mg
Ragi Roti - Mild,200 g,210,6.0g,38.0g,4.0g,5.0g,250mg
Chocolate Cake (1 slice) - Street Style,150 ml,280,4.0g,38.0g,12.0g,1.0g,200mg
Tofu Matar,250 g,280,15.0g,18.0g,16.0g,4.0g,480mg
Bhindi Masala - Street Style,500 g,160,3.0g,14.0g,10.0g,4.5g,380mg
Veg Extravaganza (1 slice) - Street Style,50 ml,320,12.0g,38.0g,13.5g,3.0g,620mg
Drumstick - Mild,100 g,64,2.1g,8.5g,0.2g,3.2g,8mg
Pav (Ladi Pav 1 pc) - Mild,150 g,110,3.0g,20.0g,1.5g,1.0g,160mg
Egg Bhurji - Spicy,100 ml,210,14.0g,4.0g,15.0g,0.5g,420mg
Bhel Puri - Spicy,150 ml,210,4.0g,40.0g,5.0g,3.5g,340mg
Brinjal (Eggplant) - Spicy,50 ml,25,1.0g,5.9g,0.2g,3.0g,2mg
Cream Crackers (2 pcs) - Home Style,300 g,75,1.2g,10.0g,3.0g,0.5g,70mg
Dal Baati Churma - Home Style,50 ml,650,18.0g,88.0g,24.0g,10.0g,580mg
Kala Chana - Mild,150 ml,250,13.0g,34.0g,7.0g,9.0g,450mg
Medu Vada - Mild,200 g,270,6.5g,30.0g,14.0g,3.5g,480mg
Pistachios (Pista) - Restaurant Style,50 ml,160,5.8g,8.0g,12.5g,3.0g,1mg
Fafda - Home Style,200 g,220,5.0g,28.0g,10.0g,2.0g,480mg
Garlic Fried Rice - Extra Cheese,200 g,420,8.5g,60.0g,14.0g,2.5g,810mg
Bread Roll - Street Style,100 ml,140,4.0g,25.0g,2.5g,1.2g,190mg
Lucknowi Biryani,100 g,600,28.0g,68.0g,23.0g,2.0g,950mg
Khandvi (4 pcs),200 g,150,5.0g,24.0g,4.0g,2.0g,380mg
Peanut Butter (1 tbsp) - Home Style,150 g,95,4.0g,3.5g,8.0g,1.0g,65mg
Veg Extravaganza (1 slice) - Restaurant Style,50 ml,320,12.0g,38.0g,13.5g,3.0g,620mg
Tofu Tikka Masala - Street Style,100 ml,370,16.0g,16.0g,28.0g,3.5g,620mg
Shami Kabab (4 pcs) - Mild,300 g,380,22.0g,16.0g,25.0g,2.0g,540mg
Rye Bread (2 slices) - Extra Cheese,100 ml,150,5.5g,28.0g,2.0g,4.0g,310mg
Grilled Veg Sandwich - Restaurant Style,50 ml,290,9.0g,40.0g,10.0g,4.5g,460mg
Tandoori Chicken (2 pcs),200 ml,480,48.0g,4.0g,30.0g,0g,720mg
Lobia - Home Style,100 ml,240,12.0g,36.0g,6.0g,8.5g,430mg
Cucumber Sandwich - Spicy,250 g,180,5.0g,30.0g,4.5g,3.0g,310mg
Chicken Pasta - Home Style,200 g,420,22.0g,48.0g,16.0g,2.5g,590mg
Kadhi Pakora - Restaurant Style,200 ml,300,10.0g,28.0g,16.0g,3.0g,580mg
Rasmalai (2 pcs) - Extra Cheese,250 g,240,6.0g,32.0g,10.0g,0g,70mg
Egg Fried Rice - Home Style,500 g,420,14.0g,60.0g,13.0g,2.0g,750mg
Mohanthal - Spicy,300 g,240,5.0g,32.0g,11.0g,1.0g,30mg
Kadai Chicken - Spicy,200 ml,420,27.0g,12.0g,30.0g,1.5g,690mg
Bread Omlette - Street Style,150 ml,290,12.0g,28.0g,15.0g,2.0g,480mg
Chicken Chettinad,150 ml,400,26.0g,10.0g,29.0g,2.0g,710mg
Almonds (Badam) - Street Style,200 ml,173,6.0g,6.0g,15.0g,3.5g,0mg
Strawberries,150 g,32,0.7g,7.7g,0.3g,2.0g,1mg
Cabbage,150 g,25,1.3g,5.8g,0.1g,2.5g,18mg
Vada Pav,500 g,290,6.5g,38.0g,12.5g,2.5g,520mg
Peanuts (Raw) - Street Style,200 ml,160,7.0g,5.0g,14.0g,2.5g,5mg
Rasmalai (2 pcs),50 ml,240,6.0g,32.0g,10.0g,0g,70mg
Okra (Bhindi) - Mild,100 ml,33,1.9g,7.5g,0.2g,3.2g,7mg
Haryali Tikka - Mild,100 g,400,40.0g,10.0g,23.0g,1.0g,660mg
Peanuts (Raw) - Home Style,250 g,160,7.0g,5.0g,14.0g,2.5g,5mg
Milk (Toned) - Street Style,50 ml,100,6.6g,9.8g,4.4g,0g,110mg
Hot and Sour Soup,300 g,95,3.0g,13.0g,3.5g,1.5g,720mg
Chicken Tikka Masala - Spicy,200 ml,460,28.0g,14.0g,32.0g,1.5g,780mg
Poha Jalebi - Spicy,150 ml,380,5.0g,62.0g,13.0g,2.5g,360mg
Gobi Paratha - Mild,200 g,320,9.0g,46.0g,11.0g,5.0g,350mg
Aloo Chaat - Mild,500 g,220,4.0g,36.0g,7.0g,4.0g,380mg
Pink Sauce Pasta - Mild,100 ml,350,9.5g,50.0g,12.0g,3.0g,470mg
Galouti Kabab (4 pcs) - Street Style,200 ml,420,18.0g,14.0g,32.0g,1.5g,480mg
Litchi - Home Style,150 g,66,0.8g,16.5g,0.4g,1.3g,1mg
Kolkata Biryani - Mild,250 g,560,24.0g,72.0g,20.0g,2.5g,890mg
Puran Poli (with ghee) - Extra Cheese,50 ml,350,7.5g,58.0g,10.2g,3.5g,45mg
Brown Bread (2 slices) - Street Style,250 g,140,6.0g,24.0g,2.0g,3.0g,280mg
Cabbage - Restaurant Style,50 ml,25,1.3g,5.8g,0.1g,2.5g,18mg
Fig (Fresh) - Spicy,50 ml,37,0.4g,9.6g,0.2g,1.4g,1mg
Prawn Fried Rice - Restaurant Style,150 ml,440,18.0g,58.0g,15.0g,1.5g,790mg
Vada (2 pieces) - Restaurant Style,200 g,250,6.0g,28.0g,13.0g,3.0g,450mg
Brownie (1 piece) - Extra Cheese,100 ml,220,2.5g,28.0g,11.0g,1.0g,100mg
Macaron (1 pc),150 ml,90,1.5g,12.0g,4.0g,0.2g,15mg
Donut (Glazed) - Home Style,150 g,270,4.0g,31.0g,15.0g,1.0g,220mg
Patra - Home Style,300 g,170,3.0g,28.0g,5.5g,3.0g,410mg
Sweet Potato - Home Style,100 ml,86,1.6g,20.1g,0.1g,3.0g,55mg
Flavored Yogurt (Mango) - Extra Cheese,100 ml,115,3.0g,19.0g,2.5g,0g,40mg
Whole Wheat Bread (2 slices) - Spicy,500 g,145,6.0g,26.0g,2.0g,4.0g,290mg
Manchow Soup - Mild,100 ml,90,3.0g,12.0g,3.5g,1.5g,680mg
Tofu Palak - Spicy,500 g,300,16.0g,12.0g,22.0g,4.5g,510mg
Oat Milk - Restaurant Style,150 ml,90,3.0g,14.0g,3.0g,1.5g,100mg
Cranberries - Spicy,150 ml,46,0.4g,12.0g,0.1g,4.6g,2mg
Tofu Kadai,300 g,360,15.0g,16.0g,26.0g,3.5g,580mg
Prawn Malai Curry - Mild,50 ml,420,22.0g,10.0g,32.0g,0.5g,560mg
Chole Masala - Home Style,250 g,280,11.0g,30.0g,12.0g,7.0g,520mg
Milk Biscuit (2 pcs) - Home Style,50 ml,85,1.5g,12.0g,3.5g,0.3g,45mg
Dal Makhani - Restaurant Style,300 g,320,12.0g,28.0g,18.0g,6.0g,480mg
Bottle Gourd - Spicy,300 g,14,0.6g,3.4g,0.1g,0.6g,2mg
Tuna Sandwich - Home Style,250 g,380,22.0g,34.0g,18.0g,2.0g,620mg
Idli (2 pieces) - Home Style,150 g,120,4.0g,24.0g,0.5g,2.0g,280mg
Yogurt (Plain),500 g,61,3.5g,4.7g,3.3g,0g,40mg
Apple - Spicy,50 ml,78,0.4g,20.8g,0.2g,3.6g,1mg
Paneer Paratha - Home Style,200 g,400,12.0g,48.0g,18.0g,3.5g,420mg
Deluxe Veggie (1 slice) - Restaurant Style,150 g,295,10.5g,36.0g,12.0g,2.8g,590mg
Pineapple - Home Style,50 ml,50,0.5g,13.1g,0.1g,1.4g,1mg
Brownie (1 piece) - Spicy,100 ml,220,2.5g,28.0g,11.0g,1.0g,100mg
Jalebi Fafda - Home Style,500 g,380,7.0g,50.0g,17.0g,2.5g,520mg
Tomato - Spicy,200 ml,18,0.9g,3.9g,0.2g,1.2g,5mg
Grilled Chicken Sandwich - Spicy,100 g,380,24.0g,34.0g,16.0g,2.5g,680mg
Mutter Mushroom - Restaurant Style,100 ml,200,5.0g,18.0g,11.0g,4.5g,430mg
Soft Serve Cone,150 ml,150,3.5g,24.0g,4.5g,0g,80mg
Croissant (Chocolate) - Mild,200 g,280,5.0g,30.0g,16.0g,1.5g,230mg
Fruit Chaat - Street Style,100 ml,130,2.0g,30.0g,1.0g,3.5g,40mg
Dal Baati Churma - Mild,500 g,650,18.0g,88.0g,24.0g,10.0g,580mg
Custard Apple - Home Style,50 ml,101,2.1g,23.5g,0.6g,2.4g,4mg
Haryali Tikka - Street Style,500 g,400,40.0g,10.0g,23.0g,1.0g,660mg
Litchi - Mild,250 g,66,0.8g,16.5g,0.4g,1.3g,1mg
Parle Biscuit (2 pcs) - Street Style,500 g,80,1.0g,12.0g,3.0g,0.3g,40mg
Red Velvet Cake (1 slice) - Extra Cheese,50 ml,320,4.5g,42.0g,15.0g,1.0g,220mg
Bhatura - Extra Cheese,50 ml,320,7.0g,42.0g,14.0g,2.0g,410mg
Aloo Matar - Street Style,250 g,190,4.5g,20.0g,10.0g,4.0g,410mg
Flax Seeds (Alsi) - Street Style,250 g,75,2.5g,4.0g,6.0g,4.0g,2mg
Chilli Paneer (Dry) - Extra Cheese,200 ml,420,14.0g,28.0g,28.0g,3.0g,720mg
Mango - Spicy,200 g,90,1.4g,22.0g,0.5g,2.6g,1mg
Nutella (1 tbsp) - Mild,150 g,100,1.2g,11.0g,5.5g,0.5g,8mg
Good Day (2 pcs),500 g,100,1.2g,13.0g,4.8g,0.4g,40mg
Bhatura - Extra Cheese,150 ml,320,7.0g,42.0g,14.0g,2.0g,410mg
Singapore Noodles - Restaurant Style,200 g,370,9.0g,54.0g,12.5g,3.0g,740mg
Pad Thai Noodles - Home Style,100 g,400,10.0g,58.0g,15.0g,3.0g,690mg
Croissant - Mild,250 g,230,4.5g,26.0g,12.0g,1.5g,210mg
French Fries (Medium) - Home Style,200 ml,320,4.5g,41.0g,15.5g,3.5g,190mg
Chilli Chicken - Home Style,250 g,450,28.0g,24.0g,28.0g,1.5g,860mg
Veg Biryani - Extra Cheese,200 g,450,10.0g,72.0g,13.0g,5.0g,720mg
Cheese Spread (1 tbsp) - Home Style,150 ml,45,2.0g,1.5g,3.5g,0g,120mg
Panchmel Dal,300 g,240,10.0g,27.0g,10.5g,5.5g,470mg
Chilli Fish - Spicy,150 ml,410,26.0g,26.0g,24.0g,1.5g,790mg
Cheese Garlic Bread - Extra Cheese,100 ml,310,11.0g,34.0g,15.0g,2.0g,520mg
Garlic Noodles - Extra Cheese,150 g,350,7.5g,52.0g,12.0g,2.5g,760mg
Chikki (Peanut Brittle) - Street Style,150 ml,140,4.0g,18.0g,6.0g,1.5g,15mg
Oatmeal Cookie,500 g,110,2.0g,16.0g,4.5g,1.5g,65mg
Garlic Bread (2 pcs),150 ml,260,7.0g,34.0g,11.0g,2.0g,440mg
Panchmel Dal - Mild,250 g,240,10.0g,27.0g,10.5g,5.5g,470mg
Oreo (2 pcs) - Home Style,250 g,110,1.0g,16.0g,5.0g,0.5g,75mg
Veg Noodle Soup - Spicy,250 g,120,4.0g,18.0g,3.5g,2.0g,580mg
Milk (Toned) - Street Style,500 g,100,6.6g,9.8g,4.4g,0g,110mg
Chicken Tikka Masala,200 ml,460,28.0g,14.0g,32.0g,1.5g,780mg
Tofu Matar - Street Style,200 ml,280,15.0g,18.0g,16.0g,4.0g,480mg
Pistachios (Pista) - Home Style,200 g,160,5.8g,8.0g,12.5g,3.0g,1mg
Veg Spring Roll - Spicy,150 ml,210,4.5g,30.0g,8.5g,3.0g,430mg
Okra (Bhindi) - Spicy,200 g,33,1.9g,7.5g,0.2g,3.2g,7mg
Rava Dosa - Home Style,100 g,290,6.0g,42.0g,10.0g,2.0g,510mg
Chicken Tikka (6 pcs),100 ml,420,42.0g,6.0g,25.0g,0.5g,680mg
French Toast - Spicy,250 g,310,9.0g,32.0g,16.0g,1.0g,350mg
Cupcake (Vanilla) - Extra Cheese,100 ml,210,2.5g,32.0g,8.5g,0.5g,160mg
Butterscotch Cake (1 slice) - Restaurant Style,150 ml,300,3.5g,40.0g,14.0g,0.5g,190mg
Lassi (Sweet) - Spicy,100 g,150,4.0g,28.0g,3.0g,0g,80mg
Paneer Paratha - Restaurant Style,300 g,400,12.0g,48.0g,18.0g,3.5g,420mg
Macadamia Nuts - Restaurant Style,100 g,215,2.5g,4.0g,22.5g,2.5g,1mg
Beetroot - Restaurant Style,100 ml,43,1.6g,9.6g,0.2g,2.8g,78mg
Tuna Sandwich - Spicy,100 ml,380,22.0g,34.0g,18.0g,2.0g,620mg
Paneer Tikka Pizza (1 slice) - Restaurant Style,200 g,325,13.0g,35.0g,14.5g,2.0g,610mg
Cucumber,100 ml,15,0.7g,3.6g,0.1g,0.5g,2mg
Apricots (Dried) - Spicy,100 ml,70,1.0g,18.0g,0.1g,2.0g,2mg
Milk (Toned) - Restaurant Style,500 g,100,6.6g,9.8g,4.4g,0g,110mg
Butter Chicken,300 g,485,22.4g,12.6g,38.2g,1.8g,720mg
Hara Bhara Kabab (4 pcs) - Spicy,200 ml,220,6.0g,28.0g,10.0g,4.5g,380mg
Cranberries - Mild,200 ml,46,0.4g,12.0g,0.1g,4.6g,2mg
McSpicy Chicken Burger - Mild,500 g,510,22.0g,46.0g,27.0g,2.0g,890mg
Thatte Idli - Spicy,300 g,200,5.5g,36.0g,4.5g,2.5g,360mg
Bagel - Street Style,100 g,190,7.0g,36.0g,1.5g,2.0g,280mg
Chicken Fried Rice - Restaurant Style,500 g,460,20.0g,58.0g,16.0g,1.5g,780mg
Cream Crackers (2 pcs) - Street Style,250 g,75,1.2g,10.0g,3.0g,0.5g,70mg
Pineapple - Spicy,100 g,50,0.5g,13.1g,0.1g,1.4g,1mg
Upma - Home Style,500 g,280,6.0g,48.0g,7.0g,3.5g,480mg
Puran Poli (with ghee) - Mild,100 g,350,7.5g,58.0g,10.2g,3.5g,45mg
Dal Fry - Mild,150 ml,230,9.5g,26.0g,10.0g,5.5g,490mg
Masala Chaas - Restaurant Style,50 ml,55,2.5g,7.0g,2.0g,0.5g,220mg
Kadai Chicken - Mild,250 g,420,27.0g,12.0g,30.0g,1.5g,690mg
Bagel - Street Style,250 g,190,7.0g,36.0g,1.5g,2.0g,280mg
Chicken Vindaloo - Mild,150 ml,420,24.0g,12.0g,30.0g,1.5g,820mg
Mango - Spicy,150 ml,90,1.4g,22.0g,0.5g,2.6g,1mg
Laddu (1 pc),150 g,150,3.5g,18.0g,7.5g,1.0g,20mg
Buttermilk (Chaas) - Extra Cheese,250 g,50,2.5g,6.0g,2.0g,0g,180mg
Flavored Yogurt (Mango) - Home Style,150 g,115,3.0g,19.0g,2.5g,0g,40mg
Fried Rice (Veg) - Mild,500 g,380,8.0g,62.0g,11.0g,3.0g,720mg
Butterscotch Cake (1 slice) - Spicy,250 g,300,3.5g,40.0g,14.0g,0.5g,190mg
Dal Fry - Mild,500 g,230,9.5g,26.0g,10.0g,5.5g,490mg
Kachori (1 pc) - Spicy,250 g,260,5.0g,30.0g,13.0g,2.5g,340mg
Dragon Fruit - Extra Cheese,100 g,60,1.2g,13.0g,0.4g,3.0g,0mg
Fruit Chaat - Street Style,500 g,130,2.0g,30.0g,1.0g,3.5g,40mg
Tofu Korma - Mild,500 g,340,14.0g,20.0g,24.0g,3.0g,540mg
Cheese Pizza (1 slice) - Restaurant Style,200 ml,300,11.5g,35.0g,13.0g,1.8g,560mg
White Bread (2 slices) - Street Style,300 g,160,5.0g,28.0g,2.5g,1.0g,300mg
Focaccia - Mild,200 ml,230,6.5g,38.0g,6.0g,2.0g,370mg
Aloo Gobi - Restaurant Style,150 ml,170,4.0g,20.0g,8.0g,4.0g,350mg
Ragi Mudde - Restaurant Style,500 g,180,5.0g,38.0g,1.5g,4.5g,10mg
Cantaloupe - Extra Cheese,200 ml,34,0.8g,8.2g,0.2g,0.9g,16mg
Jowar Roti - Street Style,500 g,200,6.0g,36.0g,3.5g,4.5g,220mg
Gatte ki Sabzi - Home Style,500 g,260,8.0g,20.0g,16.0g,4.0g,520mg
Parle Biscuit (2 pcs),150 ml,80,1.0g,12.0g,3.0g,0.3g,40mg
Okra (Bhindi) - Spicy,150 g,33,1.9g,7.5g,0.2g,3.2g,7mg
Dates (Khajoor) - Home Style,100 g,90,0.8g,24.0g,0.2g,2.0g,1mg
Cranberries - Restaurant Style,150 ml,46,0.4g,12.0g,0.1g,4.6g,2mg
Hazelnuts,50 ml,176,4.5g,5.0g,17.0g,3.0g,0mg
Blueberries - Extra Cheese,200 g,57,0.7g,14.5g,0.3g,2.4g,1mg
Tofu (Soft) - Mild,250 g,70,7.0g,2.0g,4.0g,0.5g,8mg
Palak Paneer - Street Style,250 g,350,14.0g,12.0g,27.0g,4.0g,490mg
Steamed Rice,150 ml,260,5.0g,58.0g,0.5g,1.0g,5mg
Pongal,250 g,340,8.0g,58.0g,8.5g,3.0g,420mg
Chicken Noodles - Home Style,500 g,440,22.0g,50.0g,17.0g,2.0g,820mg
Grilled Veg Sandwich - Mild,200 ml,290,9.0g,40.0g,10.0g,4.5g,460mg
Tofu Kadai - Extra Cheese,100 ml,360,15.0g,16.0g,26.0g,3.5g,580mg
Star Fruit - Home Style,150 g,28,0.9g,6.0g,0.3g,2.5g,2mg
Soy Milk - Spicy,100 ml,80,6.0g,8.0g,4.0g,1.0g,120mg
Almonds (Badam) - Street Style,200 g,173,6.0g,6.0g,15.0g,3.5g,0mg
McChicken Wrap - Spicy,200 ml,480,18.0g,46.0g,25.0g,2.5g,790mg
Tomato Rice,100 g,270,5.0g,50.0g,5.0g,2.5g,490mg
Palak Dal - Restaurant Style,100 ml,220,10.0g,22.0g,10.0g,5.0g,460mg
Cheesecake (1 slice) - Mild,50 ml,350,7.0g,30.0g,22.0g,0.5g,280mg
Peanuts (Roasted) - Mild,100 g,170,7.5g,6.0g,14.0g,2.5g,90mg
Pedha (2 pcs) - Home Style,500 g,130,3.0g,18.0g,5.5g,0g,35mg
Okra (Bhindi) - Home Style,100 ml,33,1.9g,7.5g,0.2g,3.2g,7mg
Hakka Noodles - Restaurant Style,100 g,340,7.5g,54.0g,10.0g,2.5g,720mg
Cheese N Corn Pizza (1 slice),100 g,290,10.0g,34.0g,13.0g,2.0g,550mg
Éclair,150 ml,240,4.0g,26.0g,13.0g,0.5g,170mg
Peas (Green) - Street Style,100 g,81,5.4g,14.5g,0.4g,5.1g,5mg
Salty Lassi - Home Style,100 g,120,4.0g,20.0g,3.0g,0g,260mg
Paneer Do Pyaza - Mild,150 ml,430,13.0g,18.0g,34.0g,3.0g,590mg
Jowar Roti - Street Style,100 g,200,6.0g,36.0g,3.5g,4.5g,220mg
Black Forest Cake (1 slice) - Restaurant Style,250 g,330,4.0g,44.0g,15.5g,1.0g,210mg
Coconut Rice - Spicy,50 ml,340,4.0g,44.0g,17.0g,3.0g,280mg
Chicken Pasta - Restaurant Style,200 ml,420,22.0g,48.0g,16.0g,2.5g,590mg
Milk (Skimmed),200 ml,68,6.8g,9.8g,0.4g,0g,120mg
Guava - Restaurant Style,300 g,68,2.6g,14.3g,1.0g,5.4g,2mg
Passion Fruit,200 g,17,0.4g,4.2g,0.1g,1.8g,5mg
Ragi Mudde - Spicy,250 g,180,5.0g,38.0g,1.5g,4.5g,10mg
Masala Chaas - Extra Cheese,500 g,55,2.5g,7.0g,2.0g,0.5g,220mg
White Sauce Pasta - Extra Cheese,500 g,380,10.0g,48.0g,16.0g,2.5g,450mg
Flax Seeds (Alsi),300 g,75,2.5g,4.0g,6.0g,4.0g,2mg
Rava Idli - Mild,300 g,190,4.5g,32.0g,5.0g,1.5g,350mg
Bourbon Biscuit (2 pcs) - Street Style,100 g,90,1.0g,12.0g,4.5g,0.5g,35mg
Tofu Palak - Extra Cheese,200 ml,300,16.0g,12.0g,22.0g,4.5g,510mg
Veg Noodles - Spicy,200 ml,320,8.0g,52.0g,8.5g,3.0g,680mg
Milk (Skimmed) - Home Style,150 g,68,6.8g,9.8g,0.4g,0g,120mg
Bourbon Biscuit (2 pcs) - Street Style,100 g,90,1.0g,12.0g,4.5g,0.5g,35mg
Veg Spring Roll - Home Style,100 g,210,4.5g,30.0g,8.5g,3.0g,430mg
Capsicum (Yellow) - Mild,150 g,27,1.0g,6.3g,0.2g,1.8g,3mg
McFlurry Oreo - Restaurant Style,500 g,340,7.0g,48.0g,13.0g,1.0g,140mg
Tofu Bhurji - Spicy,250 g,260,18.0g,10.0g,17.0g,2.5g,490mg
Mushroom - Street Style,150 ml,22,3.1g,3.3g,0.3g,1.0g,5mg
Veg Noodles,100 ml,320,8.0g,52.0g,8.5g,3.0g,680mg
Capsicum (Yellow) - Home Style,150 ml,27,1.0g,6.3g,0.2g,1.8g,3mg
Sabudana Vada - Home Style,100 ml,230,4.0g,38.0g,7.0g,2.5g,340mg
Tomato Rice - Extra Cheese,500 g,270,5.0g,50.0g,5.0g,2.5g,490mg
Garlic Noodles,200 g,350,7.5g,52.0g,12.0g,2.5g,760mg
Chicken Dim Sums - Extra Cheese,100 g,240,14.0g,28.0g,8.0g,1.5g,420mg
Focaccia - Spicy,250 g,230,6.5g,38.0g,6.0g,2.0g,370mg
Sarson ka Saag - Restaurant Style,150 ml,220,7.0g,12.0g,16.0g,5.5g,480mg
Paneer Tikka Pizza (1 slice),100 ml,325,13.0g,35.0g,14.5g,2.0g,610mg
Chicken Noodle Soup - Restaurant Style,300 g,160,10.0g,16.0g,6.0g,1.5g,640mg
Fish Biryani - Street Style,200 ml,500,28.0g,63.0g,17.0g,1.5g,860mg
Gajar Ka Halwa - Street Style,50 ml,260,4.0g,38.0g,10.0g,2.5g,50mg
Sourdough (2 slices),250 g,180,6.0g,34.0g,1.5g,1.5g,340mg
Glucose Biscuit (2 pcs) - Spicy,150 ml,85,1.0g,14.0g,2.5g,0.3g,50mg
McChicken Wrap - Mild,300 g,480,18.0g,46.0g,25.0g,2.5g,790mg
Focaccia - Extra Cheese,300 g,230,6.5g,38.0g,6.0g,2.0g,370mg
Pineapple Cake (1 slice),100 ml,260,3.0g,38.0g,10.0g,0.8g,170mg
Tofu Palak - Restaurant Style,150 g,300,16.0g,12.0g,22.0g,4.5g,510mg
Pedha (2 pcs) - Street Style,200 ml,130,3.0g,18.0g,5.5g,0g,35mg
Tofu Bhurji - Restaurant Style,50 ml,260,18.0g,10.0g,17.0g,2.5g,490mg
Rasmalai (2 pcs) - Restaurant Style,200 g,240,6.0g,32.0g,10.0g,0g,70mg
Chicken Chettinad - Home Style,150 g,400,26.0g,10.0g,29.0g,2.0g,710mg
Mutton Biryani - Extra Cheese,150 ml,580,32.0g,62.0g,22.0g,1.5g,920mg
Plum - Extra Cheese,100 ml,30,0.5g,7.5g,0.2g,0.9g,0mg
Lychee - Home Style,150 ml,66,0.8g,16.5g,0.4g,1.3g,1mg
Panchmel Dal - Mild,200 ml,240,10.0g,27.0g,10.5g,5.5g,470mg
Mutton Rogan Josh - Mild,500 g,520,28.0g,10.0g,42.0g,1.0g,680mg
Singapore Noodles - Restaurant Style,250 g,370,9.0g,54.0g,12.5g,3.0g,740mg
Ragda Pattice - Spicy,200 ml,310,8.0g,48.0g,10.0g,6.0g,540mg
Veg Spring Roll - Street Style,100 g,210,4.5g,30.0g,8.5g,3.0g,430mg
Raj Kachori,150 ml,350,7.0g,48.0g,15.0g,4.5g,520mg
Tofu Korma - Home Style,150 ml,340,14.0g,20.0g,24.0g,3.0g,540mg
Malai Chaap (2 pcs) - Mild,150 ml,440,22.0g,18.0g,32.0g,3.0g,560mg
Veg Extravaganza (1 slice) - Restaurant Style,100 g,320,12.0g,38.0g,13.5g,3.0g,620mg
Rasgulla (2 pcs) - Extra Cheese,150 ml,150,4.0g,28.0g,2.5g,0g,35mg
Vada Pav - Extra Cheese,200 ml,290,6.5g,38.0g,12.5g,2.5g,520mg
Bhatura - Extra Cheese,300 g,320,7.0g,42.0g,14.0g,2.0g,410mg
Mix Veg - Spicy,200 g,150,4.0g,18.0g,7.0g,4.5g,390mg
Vanilla Cake (1 slice) - Spicy,150 g,220,3.0g,32.0g,9.0g,0.5g,180mg
Makki di Roti - Restaurant Style,200 g,240,6.5g,38.0g,7.0g,5.0g,260mg
Kiwi - Extra Cheese,150 ml,61,1.1g,14.7g,0.5g,3.0g,3mg
Prawn Fried Rice - Restaurant Style,200 g,440,18.0g,58.0g,15.0g,1.5g,790mg
Sunflower Seeds,200 g,175,6.0g,6.0g,15.5g,3.0g,2mg
Snake Gourd - Mild,250 g,20,0.8g,4.5g,0.2g,1.0g,4mg
Tofu Matar - Street Style,150 g,280,15.0g,18.0g,16.0g,4.0g,480mg
Croissant (Chocolate) - Restaurant Style,50 ml,280,5.0g,30.0g,16.0g,1.5g,230mg
Undhiyu - Street Style,50 ml,280,6.0g,32.0g,14.0g,8.0g,440mg
Idli (2 pieces) - Spicy,200 g,120,4.0g,24.0g,0.5g,2.0g,280mg
Paneer (Homemade) - Extra Cheese,500 g,265,18.0g,6.0g,18.0g,0g,150mg
Egg Sandwich - Mild,100 g,320,14.0g,32.0g,15.0g,2.0g,540mg
Matar Paneer - Street Style,50 ml,380,12.0g,16.0g,29.0g,3.5g,540mg
Roasted Chana - Restaurant Style,250 g,120,7.0g,18.0g,3.0g,4.5g,80mg
Mutton Rogan Josh - Street Style,100 g,520,28.0g,10.0g,42.0g,1.0g,680mg
Cluster Beans - Restaurant Style,500 g,41,3.2g,7.7g,0.2g,3.5g,4mg
Donut (Chocolate),200 g,300,5.0g,34.0g,16.0g,1.0g,240mg
Cheese Pizza (1 slice) - Home Style,500 g,300,11.5g,35.0g,13.0g,1.8g,560mg
Yogurt (Plain) - Extra Cheese,100 g,61,3.5g,4.7g,3.3g,0g,40mg
Afghani Chaap - Extra Cheese,200 ml,420,24.0g,16.0g,30.0g,3.5g,540mg
Plain Dosa - Mild,200 g,230,5.0g,38.0g,6.0g,2.5g,420mg
Margherita Pizza (1 slice),500 g,285,12.0g,34.0g,11.0g,2.0g,520mg
Hyderabadi Biryani - Home Style,100 g,620,30.0g,70.0g,24.0g,2.5g,980mg
Coconut Rice - Home Style,50 ml,340,4.0g,44.0g,17.0g,3.0g,280mg
BBQ Chicken Pizza (1 slice) - Street Style,200 ml,350,16.0g,34.0g,17.0g,1.5g,740mg
Sambar Vada - Extra Cheese,200 ml,310,7.5g,38.0g,14.0g,4.0g,520mg
Paneer Tikka Pizza (1 slice) - Home Style,250 g,325,13.0g,35.0g,14.5g,2.0g,610mg
Dal Baati Churma,100 ml,650,18.0g,88.0g,24.0g,10.0g,580mg
Paneer Tikka Masala - Spicy,300 g,460,15.0g,16.0g,38.0g,2.5g,680mg
Spinach - Home Style,150 g,23,2.9g,3.6g,0.4g,2.2g,79mg
White Bread (2 slices) - Home Style,300 g,160,5.0g,28.0g,2.5g,1.0g,300mg
Soan Papdi (2 pcs) - Street Style,500 g,100,1.5g,12.0g,5.5g,0.2g,10mg
Set Dosa (3 pcs) - Spicy,150 ml,340,8.0g,54.0g,9.0g,4.0g,560mg
Alfredo Pasta - Home Style,250 g,420,12.0g,46.0g,20.0g,2.0g,520mg
Fish Moilee - Restaurant Style,500 g,360,20.0g,12.0g,25.0g,1.0g,510mg
Oreo (2 pcs) - Extra Cheese,50 ml,110,1.0g,16.0g,5.0g,0.5g,75mg
Tofu Korma - Street Style,150 g,340,14.0g,20.0g,24.0g,3.0g,540mg
Nectarine - Home Style,150 ml,62,1.5g,15.0g,0.5g,2.4g,0mg
Kanda Bhaji - Spicy,200 ml,280,4.0g,32.0g,15.0g,3.0g,460mg
Veg Korma - Home Style,300 g,340,7.0g,24.0g,25.0g,4.0g,480mg
Panchmel Dal,50 ml,240,10.0g,27.0g,10.5g,5.5g,470mg
Fig (Fresh),150 g,37,0.4g,9.6g,0.2g,1.4g,1mg
Capsicum (Yellow) - Street Style,500 g,27,1.0g,6.3g,0.2g,1.8g,3mg
Laddu (1 pc) - Restaurant Style,200 g,150,3.5g,18.0g,7.5g,1.0g,20mg
French Beans - Mild,200 ml,31,1.8g,7.0g,0.1g,3.4g,6mg
Jalebi (2 pcs),100 g,180,2.0g,30.0g,6.0g,0.5g,40mg
Prawn Fried Rice - Restaurant Style,50 ml,440,18.0g,58.0g,15.0g,1.5g,790mg
Tofu Kadai - Street Style,200 g,360,15.0g,16.0g,26.0g,3.5g,580mg
French Fries (Medium) - Restaurant Style,500 g,320,4.5g,41.0g,15.5g,3.5g,190mg
Fig (Fresh) - Restaurant Style,250 g,37,0.4g,9.6g,0.2g,1.4g,1mg
Onion,200 ml,40,1.1g,9.3g,0.1g,1.7g,4mg
Tofu (Soft) - Extra Cheese,200 g,70,7.0g,2.0g,4.0g,0.5g,8mg
Multigrain Bread (2 slices),500 g,150,6.5g,25.0g,2.5g,3.5g,270mg
Whole Wheat Bread (2 slices) - Restaurant Style,200 ml,145,6.0g,26.0g,2.0g,4.0g,290mg
Dahi Bhalla - Spicy,50 ml,270,6.0g,38.0g,10.0g,3.0g,440mg
Snake Gourd - Restaurant Style,500 g,20,0.8g,4.5g,0.2g,1.0g,4mg
Dabeli - Restaurant Style,100 g,280,6.0g,42.0g,9.0g,3.5g,490mg
Brownie (1 piece) - Home Style,150 g,220,2.5g,28.0g,11.0g,1.0g,100mg
Gobi Manchurian (Gravy) - Restaurant Style,100 g,350,5.5g,38.0g,19.0g,4.5g,720mg
Pear - Mild,500 g,81,0.6g,21.5g,0.2g,4.6g,1mg
Paneer (Homemade) - Mild,500 g,265,18.0g,6.0g,18.0g,0g,150mg
Chicken Club Sandwich - Restaurant Style,300 g,500,26.0g,42.0g,25.0g,2.5g,790mg
Cheese Garlic Bread,300 g,310,11.0g,34.0g,15.0g,2.0g,520mg
Cheddar Cheese - Extra Cheese,200 ml,120,7.0g,0.5g,10.0g,0g,180mg
Panchmel Dal - Extra Cheese,200 g,240,10.0g,27.0g,10.5g,5.5g,470mg
Bhatura - Restaurant Style,150 ml,320,7.0g,42.0g,14.0g,2.0g,410mg
Tofu Palak - Restaurant Style,150 g,300,16.0g,12.0g,22.0g,4.5g,510mg
Veg McNuggets (6 pcs) - Mild,150 ml,230,8.0g,22.0g,12.0g,2.5g,440mg
Capsicum (Red) - Spicy,500 g,31,1.0g,6.0g,0.3g,2.1g,4mg
Parle Biscuit (2 pcs) - Home Style,500 g,80,1.0g,12.0g,3.0g,0.3g,40mg
Barfi (2 pcs) - Street Style,200 g,140,3.0g,18.0g,6.5g,0.3g,25mg
Deluxe Veggie (1 slice) - Restaurant Style,500 g,295,10.5g,36.0g,12.0g,2.8g,590mg
Soya Chaap (2 pcs) - Mild,300 g,350,28.0g,20.0g,18.0g,6.0g,490mg
Brown Bread (2 slices) - Mild,300 g,140,6.0g,24.0g,2.0g,3.0g,280mg
Kiwi - Home Style,500 g,61,1.1g,14.7g,0.5g,3.0g,3mg
Sweet Corn Soup - Street Style,100 ml,110,3.5g,18.0g,3.0g,1.5g,520mg
Paneer Lababdar - Extra Cheese,100 ml,480,14.0g,15.0g,40.0g,2.0g,620mg
Dahi Puri (6 pieces) - Street Style,100 g,250,5.5g,36.0g,9.0g,2.5g,380mg
Yogurt (Plain),150 ml,61,3.5g,4.7g,3.3g,0g,40mg
Barfi (2 pcs) - Extra Cheese,150 g,140,3.0g,18.0g,6.5g,0.3g,25mg
Sweet Corn Soup - Street Style,100 ml,110,3.5g,18.0g,3.0g,1.5g,520mg
Goan Fish Curry - Extra Cheese,50 ml,330,21.0g,11.0g,22.0g,1.5g,570mg
Macadamia Nuts - Street Style,100 g,215,2.5g,4.0g,22.5g,2.5g,1mg
Ragi Mudde - Spicy,250 g,180,5.0g,38.0g,1.5g,4.5g,10mg
Paneer Butter Masala - Restaurant Style,100 ml,450,14.5g,14.0g,36.0g,2.5g,650mg
Mint Rice - Street Style,500 g,290,5.5g,48.0g,7.5g,3.0g,460mg
Lassi (Sweet) - Street Style,200 ml,150,4.0g,28.0g,3.0g,0g,80mg
Galouti Kabab (4 pcs) - Street Style,300 g,420,18.0g,14.0g,32.0g,1.5g,480mg
Veg Noodles - Home Style,50 ml,320,8.0g,52.0g,8.5g,3.0g,680mg
Tandoori Chicken (2 pcs) - Street Style,300 g,480,48.0g,4.0g,30.0g,0g,720mg
Salty Lassi,300 g,120,4.0g,20.0g,3.0g,0g,260mg
Tofu (Soft) - Mild,150 g,70,7.0g,2.0g,4.0g,0.5g,8mg
Hash Brown - Mild,500 g,150,1.5g,16.0g,9.0g,1.5g,280mg
Chicken Dim Sums - Extra Cheese,150 ml,240,14.0g,28.0g,8.0g,1.5g,420mg
Peas (Green) - Mild,300 g,81,5.4g,14.5g,0.4g,5.1g,5mg
Veg Pulao - Street Style,150 ml,280,6.0g,52.0g,5.5g,3.0g,410mg
Cabbage - Home Style,100 ml,25,1.3g,5.8g,0.1g,2.5g,18mg
Cabbage - Spicy,200 g,25,1.3g,5.8g,0.1g,2.5g,18mg
Chilli Paneer (Dry),50 ml,420,14.0g,28.0g,28.0g,3.0g,720mg
Paper Dosa - Extra Cheese,300 g,350,7.0g,52.0g,12.0g,3.0g,530mg
Greek Yogurt - Restaurant Style,200 ml,100,10.0g,4.0g,5.0g,0g,35mg
Dahi Vada - Extra Cheese,50 ml,290,7.0g,38.0g,12.0g,3.0g,420mg
Baingan Bharta - Home Style,250 g,180,3.5g,16.0g,12.0g,5.0g,420mg
Matar Pulao - Restaurant Style,100 g,290,7.5g,52.0g,6.0g,3.5g,400mg
Paneer Tikka Pizza (1 slice) - Street Style,150 g,325,13.0g,35.0g,14.5g,2.0g,610mg
Chicken Club Sandwich,50 ml,500,26.0g,42.0g,25.0g,2.5g,790mg
Spring Rolls (2 pcs) - Extra Cheese,200 ml,220,5.0g,28.0g,10.0g,2.5g,410mg
Egg Noodles,100 g,390,14.0g,52.0g,14.0g,2.0g,780mg
Croissant (Chocolate) - Home Style,200 g,280,5.0g,30.0g,16.0g,1.5g,230mg
Capsicum (Yellow) - Extra Cheese,100 ml,27,1.0g,6.3g,0.2g,1.8g,3mg
Hot and Sour Soup - Restaurant Style,200 ml,95,3.0g,13.0g,3.5g,1.5g,720mg
Pistachios (Pista),200 ml,160,5.8g,8.0g,12.5g,3.0g,1mg
Khandvi (4 pcs) - Spicy,200 g,150,5.0g,24.0g,4.0g,2.0g,380mg
Mutton Korma - Mild,250 g,540,26.0g,14.0g,43.0g,1.0g,640mg
Wonton Soup - Restaurant Style,150 ml,140,8.0g,18.0g,4.5g,1.5g,610mg
BBQ Chicken Pizza (1 slice) - Restaurant Style,300 g,350,16.0g,34.0g,17.0g,1.5g,740mg
Pomegranate - Spicy,200 ml,83,1.7g,18.7g,1.2g,4.0g,3mg
Veg Pasta - Mild,500 g,330,9.0g,50.0g,10.0g,3.5g,460mg
Thepla (1 pc) - Street Style,150 g,110,3.0g,15.0g,4.5g,2.0g,120mg
Rajma Masala - Street Style,250 g,260,12.0g,32.0g,9.0g,8.0g,490mg
Kiwi - Mild,50 ml,61,1.1g,14.7g,0.5g,3.0g,3mg
Pear - Restaurant Style,50 ml,81,0.6g,21.5g,0.2g,4.6g,1mg
Cucumber - Spicy,250 g,15,0.7g,3.6g,0.1g,0.5g,2mg
Kanchipuram Idli - Extra Cheese,250 g,210,5.0g,34.0g,6.0g,2.0g,380mg
Croissant (Chocolate) - Home Style,250 g,280,5.0g,30.0g,16.0g,1.5g,230mg
Milk (Toned) - Spicy,150 ml,100,6.6g,9.8g,4.4g,0g,110mg
Parle Biscuit (2 pcs),50 ml,80,1.0g,12.0g,3.0g,0.3g,40mg
McChicken Burger - Home Style,500 g,450,16.0g,44.0g,22.0g,2.0g,780mg
Oreo (2 pcs) - Extra Cheese,250 g,110,1.0g,16.0g,5.0g,0.5g,75mg
Navratna Korma - Spicy,150 ml,380,8.0g,22.0g,30.0g,4.5g,520mg
Almond Milk - Spicy,150 g,60,2.0g,8.0g,2.5g,1.0g,150mg
Ragi Mudde - Street Style,100 g,180,5.0g,38.0g,1.5g,4.5g,10mg
Gajar Ka Halwa - Restaurant Style,50 ml,260,4.0g,38.0g,10.0g,2.5g,50mg
Bread Omlette - Mild,200 ml,290,12.0g,28.0g,15.0g,2.0g,480mg
Pesto Pasta,150 g,400,10.0g,44.0g,21.0g,4.0g,360mg
Dates (Khajoor) - Extra Cheese,500 g,90,0.8g,24.0g,0.2g,2.0g,1mg
Chicken Spring Roll - Mild,250 g,270,12.0g,28.0g,12.0g,2.0g,490mg
Cheese Slice - Spicy,150 g,70,4.5g,1.0g,5.5g,0g,180mg
Fox Nuts (Makhana) - Street Style,300 g,110,4.5g,20.0g,1.5g,4.0g,8mg
Oatmeal Cookie,250 g,110,2.0g,16.0g,4.5g,1.5g,65mg
French Beans - Mild,150 ml,31,1.8g,7.0g,0.1g,3.4g,6mg
Hot and Sour Soup,250 g,95,3.0g,13.0g,3.5g,1.5g,720mg
Chia Seeds - Mild,50 ml,70,2.5g,6.0g,4.5g,5.0g,2mg
Baingan Bharta - Extra Cheese,50 ml,180,3.5g,16.0g,12.0g,5.0g,420mg
Lobia - Home Style,500 g,240,12.0g,36.0g,6.0g,8.5g,430mg
Mutton Biryani - Restaurant Style,50 ml,580,32.0g,62.0g,22.0g,1.5g,920mg
Payasam - Mild,150 g,210,5.0g,38.0g,5.0g,0.5g,55mg
Tandoori Paneer Tikka - Street Style,300 g,380,16.0g,12.0g,30.0g,2.0g,540mg
Chia Seeds,150 g,70,2.5g,6.0g,4.5g,5.0g,2mg
Kaju Katli (2 pcs) - Restaurant Style,150 ml,110,2.0g,14.0g,5.5g,0.2g,10mg
Tandoori Chicken (2 pcs),100 ml,480,48.0g,4.0g,30.0g,0g,720mg
Butter Cookie (2 pcs) - Street Style,100 ml,95,1.0g,12.0g,5.0g,0.2g,30mg
Prawn Malai Curry - Spicy,50 ml,420,22.0g,10.0g,32.0g,0.5g,560mg
Nutella (1 tbsp) - Restaurant Style,300 g,100,1.2g,11.0g,5.5g,0.5g,8mg
Mix Veg,250 g,150,4.0g,18.0g,7.0g,4.5g,390mg
Veg Sandwich - Street Style,300 g,250,8.0g,38.0g,7.0g,4.0g,420mg
Capsicum (Yellow) - Home Style,100 ml,27,1.0g,6.3g,0.2g,1.8g,3mg
Soft Serve Cone - Street Style,150 g,150,3.5g,24.0g,4.5g,0g,80mg
Shahi Paneer - Home Style,100 ml,490,13.0g,14.0g,42.0g,2.5g,560mg
Palak Dal - Mild,150 g,220,10.0g,22.0g,10.0g,5.0g,460mg
Egg Sandwich - Home Style,100 g,320,14.0g,32.0g,15.0g,2.0g,540mg
Bhel Puri - Extra Cheese,200 g,210,4.0g,40.0g,5.0g,3.5g,340mg
Undhiyu - Spicy,200 ml,280,6.0g,32.0g,14.0g,8.0g,440mg
Paneer Lababdar - Mild,200 g,480,14.0g,15.0g,40.0g,2.0g,620mg
Tamarind Rice - Home Style,500 g,280,4.5g,52.0g,5.0g,2.5g,510mg
Chicken Spring Roll,200 ml,270,12.0g,28.0g,12.0g,2.0g,490mg
Chilli Paneer (Dry) - Mild,250 g,420,14.0g,28.0g,28.0g,3.0g,720mg
Corn (Sweet) - Street Style,300 g,86,3.3g,19.0g,1.2g,2.7g,15mg
Soya Chunk Biryani - Street Style,500 g,480,18.0g,70.0g,15.0g,6.0g,740mg
Sambar Vada,50 ml,310,7.5g,38.0g,14.0g,4.0g,520mg
Sourdough (2 slices) - Home Style,300 g,180,6.0g,34.0g,1.5g,1.5g,340mg
Macaron (1 pc) - Restaurant Style,500 g,90,1.5g,12.0g,4.0g,0.2g,15mg
Barfi (2 pcs) - Mild,300 g,140,3.0g,18.0g,6.5g,0.3g,25mg
Zucchini - Home Style,50 ml,17,1.2g,3.1g,0.3g,1.0g,8mg
Garlic Fried Rice - Mild,150 g,420,8.5g,60.0g,14.0g,2.5g,810mg
Cinnamon Roll - Home Style,200 g,290,5.0g,42.0g,11.0g,1.5g,250mg
Papaya - Extra Cheese,200 g,59,0.7g,15.0g,0.2g,2.5g,2mg
Tofu Palak - Extra Cheese,150 g,300,16.0g,12.0g,22.0g,4.5g,510mg
Gulab Jamun (2 pcs) - Mild,150 ml,200,3.0g,32.0g,7.0g,0.5g,60mg
Pesto Pasta - Spicy,50 ml,400,10.0g,44.0g,21.0g,4.0g,360mg
Chole Masala - Street Style,500 g,280,11.0g,30.0g,12.0g,7.0g,520mg
Bhatura - Street Style,200 ml,320,7.0g,42.0g,14.0g,2.0g,410mg
Prawn Biryani - Mild,50 ml,510,26.0g,64.0g,18.0g,1.5g,880mg
Carrot Cake (1 slice) - Home Style,50 ml,310,4.5g,40.0g,15.0g,2.0g,230mg
Dates (Khajoor) - Mild,100 g,90,0.8g,24.0g,0.2g,2.0g,1mg
Egg Curry,200 ml,290,12.0g,10.0g,22.0g,1.5g,490mg
Tangdi Kabab (2 pcs) - Spicy,500 g,440,38.0g,5.0g,29.0g,0.5g,680mg
Pav (Ladi Pav 1 pc),250 g,110,3.0g,20.0g,1.5g,1.0g,160mg
Khandvi (4 pcs) - Mild,150 g,150,5.0g,24.0g,4.0g,2.0g,380mg
Macaron (1 pc) - Mild,100 ml,90,1.5g,12.0g,4.0g,0.2g,15mg
Butter Chicken - Extra Cheese,200 ml,485,22.4g,12.6g,38.2g,1.8g,720mg
Oreo (2 pcs) - Home Style,150 g,110,1.0g,16.0g,5.0g,0.5g,75mg
Hyderabadi Biryani - Spicy,150 ml,620,30.0g,70.0g,24.0g,2.5g,980mg
Chicken Pasta - Restaurant Style,200 g,420,22.0g,48.0g,16.0g,2.5g,590mg
Garlic Noodles - Street Style,200 ml,350,7.5g,52.0g,12.0g,2.5g,760mg
Tofu Kadai - Restaurant Style,250 g,360,15.0g,16.0g,26.0g,3.5g,580mg
Cranberries - Restaurant Style,100 g,46,0.4g,12.0g,0.1g,4.6g,2mg
Cauliflower,100 g,25,1.9g,5.0g,0.3g,2.0g,30mg
Singapore Noodles - Street Style,300 g,370,9.0g,54.0g,12.5g,3.0g,740mg
Pink Sauce Pasta - Extra Cheese,200 ml,350,9.5g,50.0g,12.0g,3.0g,470mg
Malai Tikka (6 pcs) - Restaurant Style,300 g,460,38.0g,8.0g,30.0g,0.5g,640mg
Wonton Soup - Mild,100 g,140,8.0g,18.0g,4.5g,1.5g,610mg
Cucumber Sandwich - Street Style,100 ml,180,5.0g,30.0g,4.5g,3.0g,310mg
Chicken Fried Rice - Mild,150 ml,460,20.0g,58.0g,16.0g,1.5g,780mg
Mix Veg - Restaurant Style,200 g,150,4.0g,18.0g,7.0g,4.5g,390mg
Pav (Ladi Pav 1 pc) - Mild,250 g,110,3.0g,20.0g,1.5g,1.0g,160mg
Almonds (Badam) - Restaurant Style,100 g,173,6.0g,6.0g,15.0g,3.5g,0mg
Undhiyu - Restaurant Style,100 g,280,6.0g,32.0g,14.0g,8.0g,440mg
Dim Sums (4 pcs) - Mild,200 g,210,8.0g,30.0g,6.0g,2.0g,380mg
Motichoor Laddu - Mild,150 ml,145,3.0g,18.0g,7.0g,0.8g,22mg
Raisins (Kishmish) - Mild,100 ml,90,1.0g,24.0g,0.1g,1.0g,5mg
Watermelon - Mild,200 g,46,0.9g,11.5g,0.2g,0.6g,1mg
Muffin (Chocolate) - Home Style,500 g,250,4.0g,34.0g,11.0g,1.5g,190mg
Figs (Anjeer) - Mild,150 ml,75,1.0g,19.0g,0.3g,2.5g,2mg
Mushroom Pulao,100 ml,300,7.0g,50.0g,8.0g,3.5g,440mg
McSpicy Paneer Burger - Restaurant Style,200 g,470,14.0g,48.0g,24.0g,2.5g,820mg
Egg Masala - Home Style,150 ml,310,13.0g,12.0g,23.0g,1.5g,520mg
Dim Sums (4 pcs) - Mild,150 ml,210,8.0g,30.0g,6.0g,2.0g,380mg
Pecans,150 ml,200,2.5g,4.0g,21.0g,2.5g,0mg
Afghani Chaap - Restaurant Style,200 ml,420,24.0g,16.0g,30.0g,3.5g,540mg
Mac and Cheese - Street Style,100 ml,410,14.0g,48.0g,18.0g,1.5g,560mg
Vada (2 pieces) - Spicy,150 ml,250,6.0g,28.0g,13.0g,3.0g,450mg
Papaya - Mild,50 ml,59,0.7g,15.0g,0.2g,2.5g,2mg
Mutton Curry - Spicy,100 ml,500,27.0g,9.0g,40.0g,1.0g,660mg
Apple - Restaurant Style,100 ml,78,0.4g,20.8g,0.2g,3.6g,1mg
Chicken Curry - Street Style,200 g,380,26.0g,8.0g,27.0g,1.0g,620mg
Chole Bhature,100 g,580,15.0g,78.0g,24.0g,8.0g,890mg
Veg Korma - Extra Cheese,150 ml,340,7.0g,24.0g,25.0g,4.0g,480mg
Farmhouse Pizza (1 slice),200 ml,300,11.0g,36.0g,12.5g,2.5g,580mg
Brown Bread (2 slices) - Home Style,50 ml,140,6.0g,24.0g,2.0g,3.0g,280mg
Egg Bhurji - Street Style,200 g,210,14.0g,4.0g,15.0g,0.5g,420mg
Pedha (2 pcs),200 ml,130,3.0g,18.0g,5.5g,0g,35mg
Ciabatta - Spicy,150 ml,210,7.0g,40.0g,3.0g,2.0g,350mg
Pedha (2 pcs) - Extra Cheese,100 g,130,3.0g,18.0g,5.5g,0g,35mg
Jam (1 tbsp),150 g,55,0.1g,14.0g,0g,0.2g,2mg
Mushroom Pulao - Mild,100 ml,300,7.0g,50.0g,8.0g,3.5g,440mg
Ragi Mudde - Home Style,200 g,180,5.0g,38.0g,1.5g,4.5g,10mg
Jalebi Fafda,250 g,380,7.0g,50.0g,17.0g,2.5g,520mg
Donut (Chocolate) - Home Style,200 ml,300,5.0g,34.0g,16.0g,1.0g,240mg
Fig (Fresh) - Extra Cheese,100 g,37,0.4g,9.6g,0.2g,1.4g,1mg
Ragi Mudde - Home Style,200 ml,180,5.0g,38.0g,1.5g,4.5g,10mg
Chicken Lollipop (4 pcs) - Mild,100 ml,480,28.0g,22.0g,32.0g,1.0g,850mg
Paneer Sandwich - Spicy,150 ml,340,12.0g,36.0g,16.0g,2.0g,520mg
Egg Sandwich - Extra Cheese,200 ml,320,14.0g,32.0g,15.0g,2.0g,540mg
Malai Kofta,50 ml,520,10.0g,38.0g,36.0g,5.0g,480mg
Danish Pastry,150 ml,280,4.5g,32.0g,15.0g,1.0g,200mg
Dates (Khajoor) - Restaurant Style,250 g,90,0.8g,24.0g,0.2g,2.0g,1mg
Kheer - Street Style,500 g,220,6.0g,36.0g,6.0g,0.5g,60mg
Gobi Manchurian (Gravy) - Spicy,150 ml,350,5.5g,38.0g,19.0g,4.5g,720mg
Veg Sandwich - Spicy,200 g,250,8.0g,38.0g,7.0g,4.0g,420mg
Bagel,100 g,190,7.0g,36.0g,1.5g,2.0g,280mg
Chicken Sausage Pizza (1 slice) - Street Style,100 g,330,15.0g,32.0g,16.0g,1.5g,720mg
Chia Seeds - Restaurant Style,100 ml,70,2.5g,6.0g,4.5g,5.0g,2mg
Almonds (Badam) - Mild,100 g,173,6.0g,6.0g,15.0g,3.5g,0mg
Vada Pav - Restaurant Style,250 g,290,6.5g,38.0g,12.5g,2.5g,520mg
Grapes,50 ml,69,0.7g,18.0g,0.2g,0.9g,2mg
Aloo Paratha - Restaurant Style,200 g,350,8.0g,48.0g,14.0g,4.0g,380mg
Egg Biryani - Restaurant Style,500 g,490,18.0g,68.0g,16.0g,2.5g,810mg
Fried Rice (Veg) - Street Style,150 ml,380,8.0g,62.0g,11.0g,3.0g,720mg
Oats Porridge,150 ml,160,6.0g,28.0g,3.0g,4.0g,40mg
Motichoor Laddu - Spicy,100 ml,145,3.0g,18.0g,7.0g,0.8g,22mg
Butter Chicken - Street Style,200 ml,485,22.4g,12.6g,38.2g,1.8g,720mg
Cream Crackers (2 pcs) - Mild,100 g,75,1.2g,10.0g,3.0g,0.5g,70mg
Hara Bhara Kabab (4 pcs) - Home Style,150 g,220,6.0g,28.0g,10.0g,4.5g,380mg
Mutter Mushroom - Spicy,150 ml,200,5.0g,18.0g,11.0g,4.5g,430mg
Prawn Biryani - Extra Cheese,250 g,510,26.0g,64.0g,18.0g,1.5g,880mg
Hakka Noodles - Mild,200 ml,340,7.5g,54.0g,10.0g,2.5g,720mg
Fig (Fresh),150 g,37,0.4g,9.6g,0.2g,1.4g,1mg
Filet-O-Fish - Restaurant Style,50 ml,360,15.0g,38.0g,17.0g,1.5g,660mg
Grilled Chicken Sandwich - Spicy,200 g,380,24.0g,34.0g,16.0g,2.5g,680mg
Cherries - Street Style,100 g,50,1.0g,12.0g,0.3g,1.6g,0mg
McSpicy Paneer Burger,100 g,470,14.0g,48.0g,24.0g,2.5g,820mg
Ciabatta - Spicy,200 ml,210,7.0g,40.0g,3.0g,2.0g,350mg
Brioche Bun - Mild,500 g,220,6.0g,28.0g,10.0g,1.0g,230mg
French Beans - Home Style,150 ml,31,1.8g,7.0g,0.1g,3.4g,6mg
Shortbread Cookie - Street Style,200 g,105,1.0g,12.0g,6.0g,0.2g,30mg
Tandoori Paneer Tikka - Restaurant Style,150 ml,380,16.0g,12.0g,30.0g,2.0g,540mg
Raspberries - Extra Cheese,100 g,52,1.2g,12.0g,0.7g,6.5g,1mg
Peas (Green) - Restaurant Style,50 ml,81,5.4g,14.5g,0.4g,5.1g,5mg
French Fries (Large) - Mild,200 g,430,6.0g,55.0g,21.0g,4.5g,260mg
Egg Masala - Restaurant Style,250 g,310,13.0g,12.0g,23.0g,1.5g,520mg
Almond Milk - Mild,200 g,60,2.0g,8.0g,2.5g,1.0g,150mg
Danish Pastry - Street Style,150 g,280,4.5g,32.0g,15.0g,1.0g,200mg
Margherita Pizza (1 slice) - Extra Cheese,250 g,285,12.0g,34.0g,11.0g,2.0g,520mg
Arrabbiata Pasta - Spicy,150 g,320,8.5g,52.0g,8.5g,4.5g,510mg
Paneer (Homemade) - Spicy,250 g,265,18.0g,6.0g,18.0g,0g,150mg
Okra (Bhindi) - Restaurant Style,200 g,33,1.9g,7.5g,0.2g,3.2g,7mg
Chicken Noodles - Extra Cheese,100 ml,440,22.0g,50.0g,17.0g,2.0g,820mg
Brown Bread (2 slices) - Restaurant Style,200 ml,140,6.0g,24.0g,2.0g,3.0g,280mg
Reshmi Kabab (4 pcs) - Restaurant Style,150 ml,400,28.0g,6.0g,29.0g,0.5g,560mg
Chocolate Cake (1 slice),500 g,280,4.0g,38.0g,12.0g,1.0g,200mg
Sabudana Khichdi - Extra Cheese,200 g,250,3.5g,48.0g,5.0g,2.0g,280mg
Dragon Fruit - Extra Cheese,150 ml,60,1.2g,13.0g,0.4g,3.0g,0mg
Soan Papdi (2 pcs),200 g,100,1.5g,12.0g,5.5g,0.2g,10mg
Brinjal (Eggplant) - Spicy,200 g,25,1.0g,5.9g,0.2g,3.0g,2mg
Okra (Bhindi) - Street Style,200 g,33,1.9g,7.5g,0.2g,3.2g,7mg
Dahi Vada - Home Style,300 g,290,7.0g,38.0g,12.0g,3.0g,420mg
Pepperoni Pizza (1 slice) - Restaurant Style,150 ml,310,14.0g,33.0g,14.0g,1.5g,680mg
Butter Chicken - Mild,150 ml,485,22.4g,12.6g,38.2g,1.8g,720mg
Pav Bhaji - Extra Cheese,100 ml,380,9.0g,52.0g,16.0g,7.0g,620mg
Oat Milk,250 g,90,3.0g,14.0g,3.0g,1.5g,100mg
Roasted Chana - Extra Cheese,200 g,120,7.0g,18.0g,3.0g,4.5g,80mg
Idli (2 pieces) - Extra Cheese,250 g,120,4.0g,24.0g,0.5g,2.0g,280mg
Thatte Idli - Extra Cheese,300 g,200,5.5g,36.0g,4.5g,2.5g,360mg
Kaju Katli (2 pcs),300 g,110,2.0g,14.0g,5.5g,0.2g,10mg
Rava Dosa - Mild,200 ml,290,6.0g,42.0g,10.0g,2.0g,510mg
Kheer - Street Style,100 ml,220,6.0g,36.0g,6.0g,0.5g,60mg
Maharaja Mac Chicken - Spicy,50 ml,580,28.0g,52.0g,30.0g,3.0g,980mg
Butter (1 tbsp) - Home Style,50 ml,102,0.1g,0g,11.5g,0g,1mg
Donut (Glazed) - Street Style,100 ml,270,4.0g,31.0g,15.0g,1.0g,220mg
Chicken Tikka (6 pcs) - Street Style,500 g,420,42.0g,6.0g,25.0g,0.5g,680mg
Muffin (Blueberry) - Street Style,100 g,240,3.5g,36.0g,9.0g,1.5g,180mg
Carrot Cake (1 slice) - Restaurant Style,500 g,310,4.5g,40.0g,15.0g,2.0g,230mg
Ragi Roti - Home Style,250 g,210,6.0g,38.0g,4.0g,5.0g,250mg
Fig (Fresh) - Mild,150 g,37,0.4g,9.6g,0.2g,1.4g,1mg
Akki Roti - Restaurant Style,200 g,220,5.0g,40.0g,4.5g,3.0g,290mg
Chilli Chicken,200 g,450,28.0g,24.0g,28.0g,1.5g,860mg
Mango - Street Style,250 g,90,1.4g,22.0g,0.5g,2.6g,1mg
Tandoori Paneer Tikka,500 g,380,16.0g,12.0g,30.0g,2.0g,540mg
Shortbread Cookie - Extra Cheese,150 g,105,1.0g,12.0g,6.0g,0.2g,30mg
Mango Lassi - Home Style,100 ml,180,3.5g,32.0g,4.5g,0.5g,75mg
Avocado - Extra Cheese,250 g,160,2.0g,8.5g,14.7g,6.7g,7mg
Sunflower Seeds - Extra Cheese,50 ml,175,6.0g,6.0g,15.5g,3.0g,2mg
Drumstick - Home Style,100 g,64,2.1g,8.5g,0.2g,3.2g,8mg
Orange - Extra Cheese,200 ml,62,1.2g,15.4g,0.2g,3.1g,0mg
Tuna Sandwich,300 g,380,22.0g,34.0g,18.0g,2.0g,620mg
Grilled Veg Sandwich - Spicy,500 g,290,9.0g,40.0g,10.0g,4.5g,460mg
Pumpkin Seeds - Extra Cheese,100 g,160,8.0g,4.0g,13.5g,1.5g,5mg
Chilli Fish - Spicy,250 g,410,26.0g,26.0g,24.0g,1.5g,790mg
Kheer - Spicy,50 ml,220,6.0g,36.0g,6.0g,0.5g,60mg
Glucose Biscuit (2 pcs) - Home Style,50 ml,85,1.0g,14.0g,2.5g,0.3g,50mg
Bhindi Masala - Mild,250 g,160,3.0g,14.0g,10.0g,4.5g,380mg
Dhokla (4 pcs) - Extra Cheese,100 g,180,6.0g,28.0g,5.0g,2.5g,420mg
Thepla (1 pc) - Restaurant Style,200 ml,110,3.0g,15.0g,4.5g,2.0g,120mg
Milk (Toned) - Mild,500 g,100,6.6g,9.8g,4.4g,0g,110mg
Chole Bhature - Spicy,250 g,580,15.0g,78.0g,24.0g,8.0g,890mg
Ghee Rice,50 ml,320,4.0g,50.0g,11.0g,1.0g,310mg
McChicken Wrap,100 g,480,18.0g,46.0g,25.0g,2.5g,790mg
Kachori (1 pc),100 g,260,5.0g,30.0g,13.0g,2.5g,340mg
Chikki (Peanut Brittle),100 g,140,4.0g,18.0g,6.0g,1.5g,15mg
Jalebi (2 pcs),150 g,180,2.0g,30.0g,6.0g,0.5g,40mg
Bread Omlette - Mild,150 ml,290,12.0g,28.0g,15.0g,2.0g,480mg
Dal Fry - Street Style,200 ml,230,9.5g,26.0g,10.0g,5.5g,490mg
Jalebi (2 pcs) - Mild,500 g,180,2.0g,30.0g,6.0g,0.5g,40mg
Veg Noodle Soup - Spicy,200 ml,120,4.0g,18.0g,3.5g,2.0g,580mg
Brownie (1 piece) - Extra Cheese,150 ml,220,2.5g,28.0g,11.0g,1.0g,100mg
Malai Paneer Tikka - Spicy,100 g,420,15.0g,14.0g,34.0g,1.5g,560mg
Pear - Street Style,100 ml,81,0.6g,21.5g,0.2g,4.6g,1mg
Mayonnaise (1 tbsp) - Spicy,100 ml,94,0.1g,0.1g,10.0g,0g,90mg
Veg Noodle Soup - Restaurant Style,200 ml,120,4.0g,18.0g,3.5g,2.0g,580mg
Kachori (1 pc) - Street Style,100 ml,260,5.0g,30.0g,13.0g,2.5g,340mg
Cheese Slice - Street Style,100 ml,70,4.5g,1.0g,5.5g,0g,180mg
Oatmeal Cookie - Extra Cheese,100 ml,110,2.0g,16.0g,4.5g,1.5g,65mg
Kaju Katli (2 pcs) - Home Style,250 g,110,2.0g,14.0g,5.5g,0.2g,10mg
Fafda - Street Style,200 ml,220,5.0g,28.0g,10.0g,2.0g,480mg
Tomato Soup - Mild,100 ml,80,2.0g,14.0g,2.0g,1.5g,490mg
Plum - Restaurant Style,200 g,30,0.5g,7.5g,0.2g,0.9g,0mg
Veg Noodle Soup - Mild,100 ml,120,4.0g,18.0g,3.5g,2.0g,580mg
Tofu Korma - Mild,150 ml,340,14.0g,20.0g,24.0g,3.0g,540mg
Nectarine - Restaurant Style,500 g,62,1.5g,15.0g,0.5g,2.4g,0mg
Prunes - Extra Cheese,200 g,70,0.8g,18.5g,0.1g,2.0g,1mg
Rajma Masala - Street Style,150 ml,260,12.0g,32.0g,9.0g,8.0g,490mg
French Beans - Restaurant Style,200 g,31,1.8g,7.0g,0.1g,3.4g,6mg
Semiya Upma - Home Style,50 ml,240,5.0g,42.0g,5.5g,2.5g,410mg
Broccoli - Home Style,500 g,34,2.8g,6.6g,0.4g,2.6g,33mg
Muffin (Chocolate) - Home Style,100 ml,250,4.0g,34.0g,11.0g,1.5g,190mg
Black Forest Cake (1 slice) - Extra Cheese,200 ml,330,4.0g,44.0g,15.5g,1.0g,210mg
Beetroot - Home Style,250 g,43,1.6g,9.6g,0.2g,2.8g,78mg
Egg Masala - Mild,50 ml,310,13.0g,12.0g,23.0g,1.5g,520mg
Rava Idli - Home Style,50 ml,190,4.5g,32.0g,5.0g,1.5g,350mg
Chia Seeds - Spicy,100 ml,70,2.5g,6.0g,4.5g,5.0g,2mg
Mutton Korma - Spicy,50 ml,540,26.0g,14.0g,43.0g,1.0g,640mg
Farmhouse Pizza (1 slice) - Street Style,200 g,300,11.0g,36.0g,12.5g,2.5g,580mg
Hung Curd,150 ml,120,11.0g,5.0g,6.5g,0g,50mg
Lettuce - Restaurant Style,150 ml,15,1.4g,2.9g,0.2g,1.3g,28mg
Veg Noodle Soup - Restaurant Style,100 ml,120,4.0g,18.0g,3.5g,2.0g,580mg
Pav Bhaji - Street Style,300 g,380,9.0g,52.0g,16.0g,7.0g,620mg
Malai Tikka (6 pcs) - Home Style,200 ml,460,38.0g,8.0g,30.0g,0.5g,640mg
Kadhi Pakora - Street Style,300 g,300,10.0g,28.0g,16.0g,3.0g,580mg
Malai Tikka (6 pcs) - Street Style,50 ml,460,38.0g,8.0g,30.0g,0.5g,640mg
Lemon Rice - Spicy,150 g,260,4.5g,48.0g,5.5g,2.0g,420mg
Onion Dosa - Restaurant Style,100 g,310,6.5g,44.0g,11.5g,2.5g,490mg
Gajar Ka Halwa - Mild,300 g,260,4.0g,38.0g,10.0g,2.5g,50mg
Mysore Pak (1 pc) - Spicy,300 g,130,2.0g,16.0g,6.5g,0.2g,15mg
Gajar Ka Halwa - Extra Cheese,150 g,260,4.0g,38.0g,10.0g,2.5g,50mg
Salted Butter (1 tbsp) - Street Style,300 g,102,0.1g,0g,11.5g,0g,90mg
Hide & Seek (2 pcs),150 ml,105,1.5g,14.0g,5.0g,0.5g,35mg
Flavored Yogurt (Strawberry) - Street Style,50 ml,110,3.0g,18.0g,2.5g,0g,40mg
Sunflower Seeds - Street Style,100 ml,175,6.0g,6.0g,15.5g,3.0g,2mg
Tandoori Chicken (2 pcs) - Spicy,150 ml,480,48.0g,4.0g,30.0g,0g,720mg
Cinnamon Roll - Restaurant Style,100 g,290,5.0g,42.0g,11.0g,1.5g,250mg
Rasmalai (2 pcs) - Street Style,150 g,240,6.0g,32.0g,10.0g,0g,70mg
Fish Biryani - Restaurant Style,150 g,500,28.0g,63.0g,17.0g,1.5g,860mg
Semiya Upma - Street Style,100 ml,240,5.0g,42.0g,5.5g,2.5g,410mg
Milk (Full Fat) - Home Style,100 g,124,6.4g,9.6g,7.0g,0g,100mg
Ragda Pattice - Spicy,500 g,310,8.0g,48.0g,10.0g,6.0g,540mg
McVeggie Burger - Home Style,100 ml,380,9.0g,46.0g,17.0g,3.0g,680mg
Lobia - Extra Cheese,500 g,240,12.0g,36.0g,6.0g,8.5g,430mg
Bajra Roti - Extra Cheese,200 ml,210,6.5g,37.0g,4.0g,5.0g,230mg
Mango,150 ml,90,1.4g,22.0g,0.5g,2.6g,1mg
Rasgulla (2 pcs) - Mild,100 ml,150,4.0g,28.0g,2.5g,0g,35mg
Whole Wheat Bread (2 slices) - Home Style,200 g,145,6.0g,26.0g,2.0g,4.0g,290mg
Thatte Idli - Restaurant Style,100 ml,200,5.5g,36.0g,4.5g,2.5g,360mg
Curd Rice - Street Style,150 g,220,6.0g,38.0g,4.5g,2.0g,310mg
McFlurry KitKat - Home Style,200 ml,350,7.5g,49.0g,14.0g,1.0g,150mg
Chilli Chicken - Home Style,250 g,450,28.0g,24.0g,28.0g,1.5g,860mg
Gobi Manchurian (Gravy) - Home Style,50 ml,350,5.5g,38.0g,19.0g,4.5g,720mg
Capsicum (Red) - Mild,100 ml,31,1.0g,6.0g,0.3g,2.1g,4mg
Dim Sums (4 pcs) - Spicy,500 g,210,8.0g,30.0g,6.0g,2.0g,380mg
Navratna Korma - Home Style,50 ml,380,8.0g,22.0g,30.0g,4.5g,520mg
Garlic Noodles,250 g,350,7.5g,52.0g,12.0g,2.5g,760mg
Gujarati Dal - Spicy,100 g,200,8.0g,28.0g,6.0g,5.0g,440mg
Cashews (Kaju) - Extra Cheese,250 g,160,5.2g,9.0g,12.0g,1.0g,5mg
Nectarine - Restaurant Style,500 g,62,1.5g,15.0g,0.5g,2.4g,0mg
Dragon Fruit - Home Style,250 g,60,1.2g,13.0g,0.4g,3.0g,0mg
Singapore Noodles - Street Style,300 g,370,9.0g,54.0g,12.5g,3.0g,740mg
Bagel - Home Style,250 g,190,7.0g,36.0g,1.5g,2.0g,280mg
Pineapple - Extra Cheese,500 g,50,0.5g,13.1g,0.1g,1.4g,1mg
Brown Bread (2 slices) - Restaurant Style,500 g,140,6.0g,24.0g,2.0g,3.0g,280mg
Misal Pav - Home Style,150 ml,380,14.0g,48.0g,16.0g,7.0g,720mg
Shami Kabab (4 pcs) - Street Style,100 ml,380,22.0g,16.0g,25.0g,2.0g,540mg
Cashews (Kaju) - Extra Cheese,200 g,160,5.2g,9.0g,12.0g,1.0g,5mg
Cucumber - Home Style,100 ml,15,0.7g,3.6g,0.1g,0.5g,2mg
Oat Milk - Mild,100 ml,90,3.0g,14.0g,3.0g,1.5g,100mg
Prawn Malai Curry - Home Style,50 ml,420,22.0g,10.0g,32.0g,0.5g,560mg
Bataka Vada - Mild,500 g,290,6.0g,38.0g,12.0g,3.0g,480mg
Shahi Paneer - Mild,250 g,490,13.0g,14.0g,42.0g,2.5g,560mg
Masala Dosa - Extra Cheese,150 ml,315,8.2g,48.5g,9.8g,4.2g,580mg
Alfredo Pasta - Mild,200 ml,420,12.0g,46.0g,20.0g,2.0g,520mg
Rava Dosa - Restaurant Style,150 g,290,6.0g,42.0g,10.0g,2.0g,510mg
Honey (1 tbsp) - Home Style,300 g,64,0.1g,17.3g,0g,0g,1mg
Veg Extravaganza (1 slice) - Home Style,300 g,320,12.0g,38.0g,13.5g,3.0g,620mg
Dates (Khajoor) - Extra Cheese,150 ml,90,0.8g,24.0g,0.2g,2.0g,1mg
Garlic Fried Rice - Extra Cheese,100 ml,420,8.5g,60.0g,14.0g,2.5g,810mg
Barfi (2 pcs) - Extra Cheese,100 ml,140,3.0g,18.0g,6.5g,0.3g,25mg
Strawberries - Extra Cheese,500 g,32,0.7g,7.7g,0.3g,2.0g,1mg
French Fries (Large) - Extra Cheese,150 g,430,6.0g,55.0g,21.0g,4.5g,260mg
Dal Makhani - Spicy,100 g,320,12.0g,28.0g,18.0g,6.0g,480mg
Cabbage - Street Style,150 ml,25,1.3g,5.8g,0.1g,2.5g,18mg
Brioche Bun - Street Style,100 g,220,6.0g,28.0g,10.0g,1.0g,230mg
Veg Biryani - Home Style,200 g,450,10.0g,72.0g,13.0g,5.0g,720mg
Macadamia Nuts - Mild,200 ml,215,2.5g,4.0g,22.5g,2.5g,1mg
Poori Bhaji - Mild,100 g,410,6.5g,52.0g,19.0g,4.0g,590mg
Chocolate Cake (1 slice) - Mild,500 g,280,4.0g,38.0g,12.0g,1.0g,200mg
Pav (Ladi Pav 1 pc) - Spicy,300 g,110,3.0g,20.0g,1.5g,1.0g,160mg
Chicken Chettinad - Street Style,200 g,400,26.0g,10.0g,29.0g,2.0g,710mg
Egg Biryani,200 g,490,18.0g,68.0g,16.0g,2.5g,810mg
Salted Butter (1 tbsp) - Street Style,300 g,102,0.1g,0g,11.5g,0g,90mg
Chole Bhature - Spicy,100 g,580,15.0g,78.0g,24.0g,8.0g,890mg
Multigrain Bread (2 slices) - Street Style,200 ml,150,6.5g,25.0g,2.5g,3.5g,270mg
Paneer Butter Masala,300 g,450,14.5g,14.0g,36.0g,2.5g,650mg
Kiwi - Extra Cheese,150 ml,61,1.1g,14.7g,0.5g,3.0g,3mg
Éclair,100 g,240,4.0g,26.0g,13.0g,0.5g,170mg
Fruit Chaat - Street Style,50 ml,130,2.0g,30.0g,1.0g,3.5g,40mg
Egg Sandwich - Street Style,150 g,320,14.0g,32.0g,15.0g,2.0g,540mg
Egg Fried Rice - Spicy,100 ml,420,14.0g,60.0g,13.0g,2.0g,750mg
Good Day (2 pcs) - Street Style,100 ml,100,1.2g,13.0g,4.8g,0.4g,40mg
Parle Biscuit (2 pcs) - Spicy,300 g,80,1.0g,12.0g,3.0g,0.3g,40mg
Bajra Roti - Street Style,150 g,210,6.5g,37.0g,4.0g,5.0g,230mg
Vada (2 pieces),200 ml,250,6.0g,28.0g,13.0g,3.0g,450mg
Pink Sauce Pasta - Home Style,150 g,350,9.5g,50.0g,12.0g,3.0g,470mg
Veg Extravaganza (1 slice) - Home Style,150 ml,320,12.0g,38.0g,13.5g,3.0g,620mg
Red Velvet Cake (1 slice),200 ml,320,4.5g,42.0g,15.0g,1.0g,220mg
Mysore Pak (1 pc),150 ml,130,2.0g,16.0g,6.5g,0.2g,15mg
Panchmel Dal - Home Style,50 ml,240,10.0g,27.0g,10.5g,5.5g,470mg
Aloo Matar - Street Style,100 ml,190,4.5g,20.0g,10.0g,4.0g,410mg
Dim Sums (4 pcs) - Restaurant Style,200 ml,210,8.0g,30.0g,6.0g,2.0g,380mg
Sabudana Vada - Spicy,200 ml,230,4.0g,38.0g,7.0g,2.5g,340mg
Dragon Fruit - Mild,250 g,60,1.2g,13.0g,0.4g,3.0g,0mg
Pistachios (Pista) - Restaurant Style,100 g,160,5.8g,8.0g,12.5g,3.0g,1mg
Egg Bhurji - Restaurant Style,100 g,210,14.0g,4.0g,15.0g,0.5g,420mg
Soan Papdi (2 pcs) - Home Style,500 g,100,1.5g,12.0g,5.5g,0.2g,10mg
Veg Biryani - Restaurant Style,50 ml,450,10.0g,72.0g,13.0g,5.0g,720mg
Yogurt (Plain) - Extra Cheese,500 g,61,3.5g,4.7g,3.3g,0g,40mg
Grapes,200 ml,69,0.7g,18.0g,0.2g,0.9g,2mg
Rajasthani Dal - Home Style,300 g,250,10.5g,26.0g,11.0g,5.5g,510mg
Whole Wheat Bread (2 slices) - Spicy,200 ml,145,6.0g,26.0g,2.0g,4.0g,290mg
Nectarine - Restaurant Style,300 g,62,1.5g,15.0g,0.5g,2.4g,0mg
Nectarine - Home Style,500 g,62,1.5g,15.0g,0.5g,2.4g,0mg
Paneer Lababdar - Spicy,200 ml,480,14.0g,15.0g,40.0g,2.0g,620mg
Chikki (Peanut Brittle) - Mild,200 ml,140,4.0g,18.0g,6.0g,1.5g,15mg
Thepla (1 pc) - Home Style,500 g,110,3.0g,15.0g,4.5g,2.0g,120mg
Oatmeal Cookie - Extra Cheese,250 g,110,2.0g,16.0g,4.5g,1.5g,65mg
Barfi (2 pcs) - Mild,500 g,140,3.0g,18.0g,6.5g,0.3g,25mg
Handvo - Mild,250 g,210,7.0g,32.0g,7.0g,4.0g,390mg
Milk (Skimmed) - Spicy,200 g,68,6.8g,9.8g,0.4g,0g,120mg
Mango - Home Style,300 g,90,1.4g,22.0g,0.5g,2.6g,1mg
Schezwan Fried Rice - Spicy,100 g,440,9.0g,64.0g,15.0g,3.5g,890mg
French Beans - Extra Cheese,200 ml,31,1.8g,7.0g,0.1g,3.4g,6mg
Egg Masala - Restaurant Style,50 ml,310,13.0g,12.0g,23.0g,1.5g,520mg
Avocado - Mild,150 g,160,2.0g,8.5g,14.7g,6.7g,7mg
Ridge Gourd,50 ml,17,0.8g,3.8g,0.2g,1.2g,3mg
Undhiyu - Mild,200 ml,280,6.0g,32.0g,14.0g,8.0g,440mg
Peas (Green) - Extra Cheese,100 g,81,5.4g,14.5g,0.4g,5.1g,5mg
Cheese N Corn Pizza (1 slice),150 ml,290,10.0g,34.0g,13.0g,2.0g,550mg
McChicken Burger - Spicy,250 g,450,16.0g,44.0g,22.0g,2.0g,780mg
Egg Noodles - Extra Cheese,200 g,390,14.0g,52.0g,14.0g,2.0g,780mg
Danish Pastry,100 g,280,4.5g,32.0g,15.0g,1.0g,200mg
Sambar Vada - Street Style,100 g,310,7.5g,38.0g,14.0g,4.0g,520mg
Kadhi Pakora - Home Style,500 g,300,10.0g,28.0g,16.0g,3.0g,580mg
McSpicy Paneer Burger - Restaurant Style,200 ml,470,14.0g,48.0g,24.0g,2.5g,820mg
Dhokla (4 pcs) - Extra Cheese,100 ml,180,6.0g,28.0g,5.0g,2.5g,420mg
Dahi Vada,150 ml,290,7.0g,38.0g,12.0g,3.0g,420mg
Dahi Bhalla,150 ml,270,6.0g,38.0g,10.0g,3.0g,440mg
Idli (2 pieces) - Mild,150 g,120,4.0g,24.0g,0.5g,2.0g,280mg
Dim Sums (4 pcs) - Restaurant Style,300 g,210,8.0g,30.0g,6.0g,2.0g,380mg
Mac and Cheese - Street Style,50 ml,410,14.0g,48.0g,18.0g,1.5g,560mg
Patra,100 g,170,3.0g,28.0g,5.5g,3.0g,410mg
Hash Brown - Street Style,250 g,150,1.5g,16.0g,9.0g,1.5g,280mg
Bottle Gourd - Restaurant Style,100 g,14,0.6g,3.4g,0.1g,0.6g,2mg
Bagel - Street Style,100 g,190,7.0g,36.0g,1.5g,2.0g,280mg
Dahi (Curd) - Mild,50 ml,70,3.5g,5.0g,4.0g,0g,45mg
Prawn Fried Rice - Home Style,250 g,440,18.0g,58.0g,15.0g,1.5g,790mg
Idli (2 pieces),200 g,120,4.0g,24.0g,0.5g,2.0g,280mg
Deluxe Veggie (1 slice) - Spicy,50 ml,295,10.5g,36.0g,12.0g,2.8g,590mg
Undhiyu - Spicy,200 ml,280,6.0g,32.0g,14.0g,8.0g,440mg
Peanuts (Raw),200 ml,160,7.0g,5.0g,14.0g,2.5g,5mg
Lobia,500 g,240,12.0g,36.0g,6.0g,8.5g,430mg
Mysore Pak (1 pc),200 ml,130,2.0g,16.0g,6.5g,0.2g,15mg
Chicken Pasta - Restaurant Style,500 g,420,22.0g,48.0g,16.0g,2.5g,590mg
Egg Curry - Street Style,500 g,290,12.0g,10.0g,22.0g,1.5g,490mg
Cheese Slice - Mild,100 ml,70,4.5g,1.0g,5.5g,0g,180mg
Éclair - Spicy,200 ml,240,4.0g,26.0g,13.0g,0.5g,170mg
Milk (Skimmed),500 g,68,6.8g,9.8g,0.4g,0g,120mg
Medu Vada - Extra Cheese,150 ml,270,6.5g,30.0g,14.0g,3.5g,480mg
Fish Biryani,50 ml,500,28.0g,63.0g,17.0g,1.5g,860mg
Milk (Toned) - Home Style,100 g,100,6.6g,9.8g,4.4g,0g,110mg
Samosa (1 pc) - Spicy,250 g,210,3.5g,24.0g,11.0g,2.0g,290mg
Greek Yogurt - Restaurant Style,250 g,100,10.0g,4.0g,5.0g,0g,35mg
Pani Puri (6 pieces) - Home Style,100 ml,180,3.2g,32.0g,4.8g,2.0g,290mg
Ghee Rice - Mild,500 g,320,4.0g,50.0g,11.0g,1.0g,310mg
Chilli Fish - Street Style,150 g,410,26.0g,26.0g,24.0g,1.5g,790mg
Chole Bhature - Street Style,100 ml,580,15.0g,78.0g,24.0g,8.0g,890mg
Jam (1 tbsp) - Street Style,250 g,55,0.1g,14.0g,0g,0.2g,2mg
Watermelon - Extra Cheese,50 ml,46,0.9g,11.5g,0.2g,0.6g,1mg
Steamed Rice - Extra Cheese,100 g,260,5.0g,58.0g,0.5g,1.0g,5mg
Chicken Korma - Home Style,150 g,440,24.0g,16.0g,31.0g,1.5g,650mg
Chicken Tikka Masala - Spicy,150 g,460,28.0g,14.0g,32.0g,1.5g,780mg
Fried Rice (Veg) - Extra Cheese,150 g,380,8.0g,62.0g,11.0g,3.0g,720mg
Cucumber Sandwich - Extra Cheese,150 ml,180,5.0g,30.0g,4.5g,3.0g,310mg
Sunflower Seeds - Street Style,50 ml,175,6.0g,6.0g,15.5g,3.0g,2mg
Deluxe Veggie (1 slice) - Restaurant Style,100 ml,295,10.5g,36.0g,12.0g,2.8g,590mg
Chicken Noodle Soup - Home Style,100 ml,160,10.0g,16.0g,6.0g,1.5g,640mg
Palak Dal - Home Style,150 ml,220,10.0g,22.0g,10.0g,5.0g,460mg
Vada Pav - Spicy,150 ml,290,6.5g,38.0g,12.5g,2.5g,520mg
Ragda Pattice - Street Style,50 ml,310,8.0g,48.0g,10.0g,6.0g,540mg
Mayonnaise (1 tbsp) - Spicy,50 ml,94,0.1g,0.1g,10.0g,0g,90mg
Rye Bread (2 slices) - Restaurant Style,150 g,150,5.5g,28.0g,2.0g,4.0g,310mg
Plum - Home Style,150 ml,30,0.5g,7.5g,0.2g,0.9g,0mg
Tofu Palak,150 ml,300,16.0g,12.0g,22.0g,4.5g,510mg
Poha - Street Style,250 g,210,4.5g,38.0g,5.0g,3.5g,320mg
Prunes,300 g,70,0.8g,18.5g,0.1g,2.0g,1mg
Marie Biscuit (4 pcs) - Restaurant Style,100 g,90,1.5g,14.0g,3.0g,0.5g,60mg
Chilli Paneer (Gravy) - Mild,100 g,390,13.0g,26.0g,26.0g,3.0g,740mg
Cucumber Sandwich - Extra Cheese,200 g,180,5.0g,30.0g,4.5g,3.0g,310mg
Litchi - Home Style,200 g,66,0.8g,16.5g,0.4g,1.3g,1mg
Payasam - Extra Cheese,150 g,210,5.0g,38.0g,5.0g,0.5g,55mg
Peach - Restaurant Style,200 ml,51,1.2g,12.4g,0.3g,2.0g,0mg
Beetroot,50 ml,43,1.6g,9.6g,0.2g,2.8g,78mg
Focaccia - Mild,100 ml,230,6.5g,38.0g,6.0g,2.0g,370mg
Club Sandwich - Spicy,250 g,450,18.0g,44.0g,22.0g,3.0g,720mg
Chicken Biryani - Extra Cheese,200 g,520,28.0g,65.0g,18.0g,2.0g,890mg
Oats Porridge - Home Style,150 ml,160,6.0g,28.0g,3.0g,4.0g,40mg
Chicken Chettinad - Street Style,150 ml,400,26.0g,10.0g,29.0g,2.0g,710mg
Pine Nuts - Extra Cheese,500 g,190,4.0g,4.0g,19.0g,1.5g,1mg
Galouti Kabab (4 pcs),200 g,420,18.0g,14.0g,32.0g,1.5g,480mg
Whole Wheat Bread (2 slices) - Spicy,150 ml,145,6.0g,26.0g,2.0g,4.0g,290mg
Grilled Veg Sandwich - Home Style,50 ml,290,9.0g,40.0g,10.0g,4.5g,460mg
Poori (2 pieces) - Spicy,500 g,240,4.0g,32.0g,11.0g,1.5g,280mg
Okra (Bhindi) - Mild,300 g,33,1.9g,7.5g,0.2g,3.2g,7mg
Hide & Seek (2 pcs) - Spicy,200 g,105,1.5g,14.0g,5.0g,0.5g,35mg
Paneer Paratha - Home Style,50 ml,400,12.0g,48.0g,18.0g,3.5g,420mg
Veg Korma,300 g,340,7.0g,24.0g,25.0g,4.0g,480mg
Cheesecake (1 slice) - Street Style,100 g,350,7.0g,30.0g,22.0g,0.5g,280mg
Okra (Bhindi) - Restaurant Style,50 ml,33,1.9g,7.5g,0.2g,3.2g,7mg
Fruit Chaat - Street Style,100 ml,130,2.0g,30.0g,1.0g,3.5g,40mg
Aloo Gobi,50 ml,170,4.0g,20.0g,8.0g,4.0g,350mg
Pav Bhaji - Home Style,150 ml,380,9.0g,52.0g,16.0g,7.0g,620mg
Zucchini - Home Style,250 g,17,1.2g,3.1g,0.3g,1.0g,8mg
Mint Rice - Spicy,150 ml,290,5.5g,48.0g,7.5g,3.0g,460mg
Garlic Fried Rice - Spicy,250 g,420,8.5g,60.0g,14.0g,2.5g,810mg
Cauliflower - Spicy,100 ml,25,1.9g,5.0g,0.3g,2.0g,30mg
Mango - Spicy,200 g,90,1.4g,22.0g,0.5g,2.6g,1mg
Chicken Pasta - Restaurant Style,150 ml,420,22.0g,48.0g,16.0g,2.5g,590mg
Dal Tadka - Restaurant Style,300 g,210,9.0g,24.0g,9.0g,5.0g,460mg
BBQ Chicken Pizza (1 slice),100 g,350,16.0g,34.0g,17.0g,1.5g,740mg
Gobi Paratha - Spicy,500 g,320,9.0g,46.0g,11.0g,5.0g,350mg
Pistachios (Pista) - Extra Cheese,100 ml,160,5.8g,8.0g,12.5g,3.0g,1mg
Haryali Tikka - Street Style,150 g,400,40.0g,10.0g,23.0g,1.0g,660mg
Pani Puri (6 pieces),500 g,180,3.2g,32.0g,4.8g,2.0g,290mg
Salty Lassi,150 ml,120,4.0g,20.0g,3.0g,0g,260mg
Bread Roll - Mild,50 ml,140,4.0g,25.0g,2.5g,1.2g,190mg
McChicken Burger - Extra Cheese,250 g,450,16.0g,44.0g,22.0g,2.0g,780mg
Prawn Malai Curry - Home Style,100 g,420,22.0g,10.0g,32.0g,0.5g,560mg
Mutton Rogan Josh - Mild,150 g,520,28.0g,10.0g,42.0g,1.0g,680mg
Semiya Upma - Spicy,200 ml,240,5.0g,42.0g,5.5g,2.5g,410mg
Cheese Slice,50 ml,70,4.5g,1.0g,5.5g,0g,180mg
Navratna Korma - Street Style,500 g,380,8.0g,22.0g,30.0g,4.5g,520mg
Lettuce - Street Style,500 g,15,1.4g,2.9g,0.2g,1.3g,28mg
Rajma Masala,200 ml,260,12.0g,32.0g,9.0g,8.0g,490mg
Khandvi (4 pcs) - Street Style,100 g,150,5.0g,24.0g,4.0g,2.0g,380mg
McFlurry KitKat - Extra Cheese,200 ml,350,7.5g,49.0g,14.0g,1.0g,150mg
Spring Rolls (2 pcs),50 ml,220,5.0g,28.0g,10.0g,2.5g,410mg
Soan Papdi (2 pcs) - Extra Cheese,100 g,100,1.5g,12.0g,5.5g,0.2g,10mg
Aloo Matar - Mild,100 ml,190,4.5g,20.0g,10.0g,4.0g,410mg
French Fries (Medium) - Restaurant Style,100 g,320,4.5g,41.0g,15.5g,3.5g,190mg
Undhiyu - Street Style,150 g,280,6.0g,32.0g,14.0g,8.0g,440mg
Grilled Veg Sandwich - Restaurant Style,150 ml,290,9.0g,40.0g,10.0g,4.5g,460mg
Bread Roll - Extra Cheese,50 ml,140,4.0g,25.0g,2.5g,1.2g,190mg
Paper Dosa - Restaurant Style,300 g,350,7.0g,52.0g,12.0g,3.0g,530mg
Veg Pasta - Street Style,50 ml,330,9.0g,50.0g,10.0g,3.5g,460mg
Fox Nuts (Makhana),300 g,110,4.5g,20.0g,1.5g,4.0g,8mg
Alfredo Pasta - Extra Cheese,200 g,420,12.0g,46.0g,20.0g,2.0g,520mg
Undhiyu - Extra Cheese,300 g,280,6.0g,32.0g,14.0g,8.0g,440mg
Bhatura - Extra Cheese,100 ml,320,7.0g,42.0g,14.0g,2.0g,410mg
Chicken Chettinad - Restaurant Style,200 g,400,26.0g,10.0g,29.0g,2.0g,710mg
Macaron (1 pc) - Mild,200 g,90,1.5g,12.0g,4.0g,0.2g,15mg
Coconut Rice - Mild,300 g,340,4.0g,44.0g,17.0g,3.0g,280mg
Misal Pav - Restaurant Style,150 ml,380,14.0g,48.0g,16.0g,7.0g,720mg
Pav (Ladi Pav 1 pc) - Home Style,200 g,110,3.0g,20.0g,1.5g,1.0g,160mg
Dahi Puri (6 pieces) - Mild,300 g,250,5.5g,36.0g,9.0g,2.5g,380mg
Payasam,150 g,210,5.0g,38.0g,5.0g,0.5g,55mg
Shortbread Cookie - Home Style,200 ml,105,1.0g,12.0g,6.0g,0.2g,30mg
Muffin (Blueberry) - Restaurant Style,150 g,240,3.5g,36.0g,9.0g,1.5g,180mg
Guava - Spicy,500 g,68,2.6g,14.3g,1.0g,5.4g,2mg
Margherita Pizza (1 slice) - Spicy,250 g,285,12.0g,34.0g,11.0g,2.0g,520mg
Bhindi Masala - Mild,500 g,160,3.0g,14.0g,10.0g,4.5g,380mg
Parle Biscuit (2 pcs),500 g,80,1.0g,12.0g,3.0g,0.3g,40mg
Cheddar Cheese - Spicy,250 g,120,7.0g,0.5g,10.0g,0g,180mg
McChicken Wrap,200 g,480,18.0g,46.0g,25.0g,2.5g,790mg
Mutter Mushroom,150 ml,200,5.0g,18.0g,11.0g,4.5g,430mg
Pineapple Cake (1 slice) - Restaurant Style,100 ml,260,3.0g,38.0g,10.0g,0.8g,170mg
Moong Dal Halwa,200 g,350,8.0g,45.0g,16.0g,3.0g,40mg
Alfredo Pasta - Extra Cheese,200 ml,420,12.0g,46.0g,20.0g,2.0g,520mg
Poha Jalebi - Extra Cheese,200 ml,380,5.0g,62.0g,13.0g,2.5g,360mg
Honey (1 tbsp),150 g,64,0.1g,17.3g,0g,0g,1mg
Baingan Bharta - Mild,150 g,180,3.5g,16.0g,12.0g,5.0g,420mg
Dal Tadka - Street Style,300 g,210,9.0g,24.0g,9.0g,5.0g,460mg
Cabbage - Street Style,300 g,25,1.3g,5.8g,0.1g,2.5g,18mg
Prawn Curry - Spicy,50 ml,350,24.0g,9.0g,24.0g,1.0g,580mg
Upma - Street Style,500 g,280,6.0g,48.0g,7.0g,3.5g,480mg
Hot and Sour Soup - Mild,250 g,95,3.0g,13.0g,3.5g,1.5g,720mg
Pumpkin Seeds - Street Style,500 g,160,8.0g,4.0g,13.5g,1.5g,5mg
Soya Pulao - Street Style,200 ml,310,12.0g,48.0g,8.0g,4.0g,480mg
Dahi Vada - Extra Cheese,50 ml,290,7.0g,38.0g,12.0g,3.0g,420mg
Chilli Chicken - Extra Cheese,200 g,450,28.0g,24.0g,28.0g,1.5g,860mg
Upma - Extra Cheese,500 g,280,6.0g,48.0g,7.0g,3.5g,480mg
Custard Apple - Home Style,150 g,101,2.1g,23.5g,0.6g,2.4g,4mg
Paper Dosa - Extra Cheese,250 g,350,7.0g,52.0g,12.0g,3.0g,530mg
Dabeli - Home Style,150 ml,280,6.0g,42.0g,9.0g,3.5g,490mg
Butter Cookie (2 pcs),300 g,95,1.0g,12.0g,5.0g,0.2g,30mg
Gujarati Dal - Street Style,50 ml,200,8.0g,28.0g,6.0g,5.0g,440mg
Mint Rice - Extra Cheese,500 g,290,5.5g,48.0g,7.5g,3.0g,460mg
Paneer Sandwich - Restaurant Style,100 ml,340,12.0g,36.0g,16.0g,2.0g,520mg
Poori (2 pieces) - Restaurant Style,200 g,240,4.0g,32.0g,11.0g,1.5g,280mg
Macaron (1 pc) - Street Style,500 g,90,1.5g,12.0g,4.0g,0.2g,15mg
Schezwan Fried Rice - Extra Cheese,300 g,440,9.0g,64.0g,15.0g,3.5g,890mg
Oats Porridge - Home Style,500 g,160,6.0g,28.0g,3.0g,4.0g,40mg
Milk (Buffalo) - Mild,150 ml,180,7.6g,10.0g,13.0g,0g,130mg
Pumpkin Seeds - Spicy,100 g,160,8.0g,4.0g,13.5g,1.5g,5mg
Cheese Garlic Bread - Mild,250 g,310,11.0g,34.0g,15.0g,2.0g,520mg
Bhel Puri - Street Style,150 g,210,4.0g,40.0g,5.0g,3.5g,340mg
Tofu Matar - Extra Cheese,500 g,280,15.0g,18.0g,16.0g,4.0g,480mg
Dhokla (4 pcs) - Mild,100 g,180,6.0g,28.0g,5.0g,2.5g,420mg
Capsicum (Green) - Street Style,250 g,20,0.9g,4.6g,0.2g,1.7g,3mg
Paneer (Homemade) - Home Style,100 ml,265,18.0g,6.0g,18.0g,0g,150mg
Pecans - Spicy,150 ml,200,2.5g,4.0g,21.0g,2.5g,0mg
Chicken Lollipop (4 pcs) - Home Style,500 g,480,28.0g,22.0g,32.0g,1.0g,850mg
Dahi Puri (6 pieces) - Spicy,250 g,250,5.5g,36.0g,9.0g,2.5g,380mg
Flax Seeds (Alsi) - Street Style,300 g,75,2.5g,4.0g,6.0g,4.0g,2mg
Bataka Vada - Restaurant Style,100 ml,290,6.0g,38.0g,12.0g,3.0g,480mg
Chicken Noodle Soup - Extra Cheese,250 g,160,10.0g,16.0g,6.0g,1.5g,640mg
Dragon Fruit - Spicy,300 g,60,1.2g,13.0g,0.4g,3.0g,0mg
Soya Chunk Biryani - Home Style,250 g,480,18.0g,70.0g,15.0g,6.0g,740mg
Black Forest Cake (1 slice) - Restaurant Style,500 g,330,4.0g,44.0g,15.5g,1.0g,210mg
Chia Seeds - Mild,150 g,70,2.5g,6.0g,4.5g,5.0g,2mg
Mushroom,100 g,22,3.1g,3.3g,0.3g,1.0g,5mg
Cauliflower - Mild,150 ml,25,1.9g,5.0g,0.3g,2.0g,30mg
Mayonnaise (1 tbsp) - Extra Cheese,50 ml,94,0.1g,0.1g,10.0g,0g,90mg
Bajra Roti - Mild,200 g,210,6.5g,37.0g,4.0g,5.0g,230mg
Pedha (2 pcs) - Restaurant Style,250 g,130,3.0g,18.0g,5.5g,0g,35mg
Raisins (Kishmish),250 g,90,1.0g,24.0g,0.1g,1.0g,5mg
Broccoli,300 g,34,2.8g,6.6g,0.4g,2.6g,33mg
Gobi Manchurian (Dry) - Home Style,100 g,380,6.0g,42.0g,21.0g,5.0g,680mg
Farmhouse Pizza (1 slice) - Street Style,200 ml,300,11.0g,36.0g,12.5g,2.5g,580mg
Mutton Keema - Spicy,150 ml,420,32.0g,6.0g,30.0g,0.5g,620mg
Mutter Mushroom - Home Style,100 ml,200,5.0g,18.0g,11.0g,4.5g,430mg
Oat Milk - Street Style,50 ml,90,3.0g,14.0g,3.0g,1.5g,100mg
Gobi Paratha - Mild,100 ml,320,9.0g,46.0g,11.0g,5.0g,350mg
Chicken Biryani - Spicy,200 g,520,28.0g,65.0g,18.0g,2.0g,890mg
Kadai Paneer - Spicy,200 ml,420,12.5g,15.0g,34.0g,3.0g,610mg
Chilli Paneer (Dry) - Spicy,100 ml,420,14.0g,28.0g,28.0g,3.0g,720mg
Bhel Puri - Spicy,150 ml,210,4.0g,40.0g,5.0g,3.5g,340mg
Bagel - Spicy,150 g,190,7.0g,36.0g,1.5g,2.0g,280mg
Roasted Chana,150 g,120,7.0g,18.0g,3.0g,4.5g,80mg
McSpicy Paneer Burger - Street Style,250 g,470,14.0g,48.0g,24.0g,2.5g,820mg
Kiwi - Restaurant Style,50 ml,61,1.1g,14.7g,0.5g,3.0g,3mg
Sourdough (2 slices) - Spicy,150 ml,180,6.0g,34.0g,1.5g,1.5g,340mg
Manchow Soup - Spicy,150 g,90,3.0g,12.0g,3.5g,1.5g,680mg
Mutton Keema,50 ml,420,32.0g,6.0g,30.0g,0.5g,620mg
Garlic Fried Rice - Home Style,150 g,420,8.5g,60.0g,14.0g,2.5g,810mg
Avocado - Extra Cheese,200 ml,160,2.0g,8.5g,14.7g,6.7g,7mg
Milk Biscuit (2 pcs) - Mild,250 g,85,1.5g,12.0g,3.5g,0.3g,45mg
Blueberries - Extra Cheese,200 ml,57,0.7g,14.5g,0.3g,2.4g,1mg
Dal Baati Churma,100 ml,650,18.0g,88.0g,24.0g,10.0g,580mg
Mint Rice - Mild,150 g,290,5.5g,48.0g,7.5g,3.0g,460mg
Blackberries - Extra Cheese,100 g,43,1.4g,10.0g,0.5g,5.3g,1mg
Aglio Olio Pasta - Mild,50 ml,340,8.0g,50.0g,11.0g,3.0g,380mg
Fried Rice (Veg),100 ml,380,8.0g,62.0g,11.0g,3.0g,720mg
Samosa (1 pc) - Restaurant Style,300 g,210,3.5g,24.0g,11.0g,2.0g,290mg
Cheesecake (1 slice),250 g,350,7.0g,30.0g,22.0g,0.5g,280mg
Chicken Tikka Masala - Home Style,250 g,460,28.0g,14.0g,32.0g,1.5g,780mg
Club Sandwich - Restaurant Style,150 ml,450,18.0g,44.0g,22.0g,3.0g,720mg
Chia Seeds,500 g,70,2.5g,6.0g,4.5g,5.0g,2mg
Aglio Olio Pasta - Street Style,500 g,340,8.0g,50.0g,11.0g,3.0g,380mg
Nalli Nihari - Restaurant Style,500 g,560,30.0g,8.0g,46.0g,0.5g,780mg
Fig (Fresh) - Spicy,200 ml,37,0.4g,9.6g,0.2g,1.4g,1mg
Poori Bhaji,250 g,410,6.5g,52.0g,19.0g,4.0g,590mg
Chocolate Cake (1 slice) - Restaurant Style,200 ml,280,4.0g,38.0g,12.0g,1.0g,200mg
Farmhouse Pizza (1 slice) - Extra Cheese,100 ml,300,11.0g,36.0g,12.5g,2.5g,580mg
Blackberries,300 g,43,1.4g,10.0g,0.5g,5.3g,1mg
Poori Bhaji - Extra Cheese,100 g,410,6.5g,52.0g,19.0g,4.0g,590mg
Almonds (Badam) - Street Style,250 g,173,6.0g,6.0g,15.0g,3.5g,0mg
Onion Dosa - Mild,150 g,310,6.5g,44.0g,11.5g,2.5g,490mg
Upma,500 g,280,6.0g,48.0g,7.0g,3.5g,480mg
Mutton Rogan Josh - Home Style,250 g,520,28.0g,10.0g,42.0g,1.0g,680mg
Shahi Paneer - Street Style,150 ml,490,13.0g,14.0g,42.0g,2.5g,560mg
Jackfruit - Mild,250 g,95,1.7g,23.3g,0.6g,1.5g,2mg
Galouti Kabab (4 pcs) - Spicy,100 g,420,18.0g,14.0g,32.0g,1.5g,480mg
Brioche Bun,200 ml,220,6.0g,28.0g,10.0g,1.0g,230mg
Salted Butter (1 tbsp),150 g,102,0.1g,0g,11.5g,0g,90mg
Chicken Spring Roll - Street Style,300 g,270,12.0g,28.0g,12.0g,2.0g,490mg
Rajma Masala - Home Style,500 g,260,12.0g,32.0g,9.0g,8.0g,490mg
Rajma Masala - Restaurant Style,200 g,260,12.0g,32.0g,9.0g,8.0g,490mg
Pomegranate - Extra Cheese,300 g,83,1.7g,18.7g,1.2g,4.0g,3mg
Capsicum (Yellow) - Restaurant Style,500 g,27,1.0g,6.3g,0.2g,1.8g,3mg
Poori Bhaji - Street Style,200 ml,410,6.5g,52.0g,19.0g,4.0g,590mg
Fish Curry - Home Style,200 ml,340,22.0g,10.0g,23.0g,1.5g,540mg
Rye Bread (2 slices) - Spicy,100 g,150,5.5g,28.0g,2.0g,4.0g,310mg
Sweet Corn Soup - Mild,150 ml,110,3.5g,18.0g,3.0g,1.5g,520mg
Set Dosa (3 pcs) - Restaurant Style,300 g,340,8.0g,54.0g,9.0g,4.0g,560mg
Garlic Fried Rice - Extra Cheese,150 ml,420,8.5g,60.0g,14.0g,2.5g,810mg
Tangdi Kabab (2 pcs) - Restaurant Style,500 g,440,38.0g,5.0g,29.0g,0.5g,680mg
Flax Seeds (Alsi) - Home Style,100 g,75,2.5g,4.0g,6.0g,4.0g,2mg
Grilled Veg Sandwich - Restaurant Style,200 ml,290,9.0g,40.0g,10.0g,4.5g,460mg
Chicken Lollipop (4 pcs) - Restaurant Style,100 ml,480,28.0g,22.0g,32.0g,1.0g,850mg
Carrot Cake (1 slice),150 g,310,4.5g,40.0g,15.0g,2.0g,230mg
Jam (1 tbsp) - Street Style,200 ml,55,0.1g,14.0g,0g,0.2g,2mg
Tofu Butter Masala - Mild,200 g,400,14.0g,14.0g,32.0g,3.5g,590mg
Sourdough (2 slices),200 ml,180,6.0g,34.0g,1.5g,1.5g,340mg
Mutter Mushroom,200 ml,200,5.0g,18.0g,11.0g,4.5g,430mg
Pink Sauce Pasta - Mild,300 g,350,9.5g,50.0g,12.0g,3.0g,470mg
Mango - Street Style,150 g,90,1.4g,22.0g,0.5g,2.6g,1mg
Gobi Paratha - Spicy,500 g,320,9.0g,46.0g,11.0g,5.0g,350mg
Bhel Puri - Mild,150 g,210,4.0g,40.0g,5.0g,3.5g,340mg
Khandvi (4 pcs) - Mild,500 g,150,5.0g,24.0g,4.0g,2.0g,380mg
Hot and Sour Soup - Mild,50 ml,95,3.0g,13.0g,3.5g,1.5g,720mg
Peach - Spicy,50 ml,51,1.2g,12.4g,0.3g,2.0g,0mg
Manchow Soup - Mild,150 ml,90,3.0g,12.0g,3.5g,1.5g,680mg
Matar Paneer - Street Style,100 ml,380,12.0g,16.0g,29.0g,3.5g,540mg
Bhel Puri - Extra Cheese,150 g,210,4.0g,40.0g,5.0g,3.5g,340mg
McVeggie Burger - Spicy,200 ml,380,9.0g,46.0g,17.0g,3.0g,680mg
Laddu (1 pc) - Home Style,150 g,150,3.5g,18.0g,7.5g,1.0g,20mg
Mexican Green Wave (1 slice) - Spicy,200 ml,280,9.0g,34.0g,12.0g,3.0g,540mg
Chia Seeds - Restaurant Style,100 g,70,2.5g,6.0g,4.5g,5.0g,2mg
Apricot,200 g,17,0.5g,3.9g,0.1g,0.7g,0mg
Guava - Street Style,250 g,68,2.6g,14.3g,1.0g,5.4g,2mg
Broccoli - Spicy,100 g,34,2.8g,6.6g,0.4g,2.6g,33mg
Sweet Potato - Extra Cheese,500 g,86,1.6g,20.1g,0.1g,3.0g,55mg
Donut (Chocolate) - Extra Cheese,100 ml,300,5.0g,34.0g,16.0g,1.0g,240mg
Sweet Corn Soup - Street Style,150 ml,110,3.5g,18.0g,3.0g,1.5g,520mg
Thepla (1 pc) - Street Style,500 g,110,3.0g,15.0g,4.5g,2.0g,120mg
Black Forest Cake (1 slice) - Restaurant Style,250 g,330,4.0g,44.0g,15.5g,1.0g,210mg
Potato - Spicy,150 g,77,2.0g,17.5g,0.1g,2.2g,6mg
Aloo Gobi,100 g,170,4.0g,20.0g,8.0g,4.0g,350mg
McVeggie Burger - Spicy,100 ml,380,9.0g,46.0g,17.0g,3.0g,680mg
McFlurry KitKat - Restaurant Style,100 ml,350,7.5g,49.0g,14.0g,1.0g,150mg
Tofu (Firm) - Restaurant Style,300 g,145,15.0g,4.0g,8.0g,2.0g,10mg
McVeggie Burger - Mild,200 ml,380,9.0g,46.0g,17.0g,3.0g,680mg
Carrot,300 g,41,0.9g,9.6g,0.2g,2.8g,69mg
Brazil Nuts - Mild,100 g,195,4.0g,3.5g,19.5g,2.0g,1mg
Lobia - Mild,200 ml,240,12.0g,36.0g,6.0g,8.5g,430mg
Raj Kachori - Extra Cheese,150 ml,350,7.0g,48.0g,15.0g,4.5g,520mg
Good Day (2 pcs) - Mild,200 g,100,1.2g,13.0g,4.8g,0.4g,40mg
Gobi Manchurian (Gravy),100 ml,350,5.5g,38.0g,19.0g,4.5g,720mg
Donut (Chocolate) - Street Style,100 ml,300,5.0g,34.0g,16.0g,1.0g,240mg
Chicken Chettinad - Street Style,150 ml,400,26.0g,10.0g,29.0g,2.0g,710mg
Mexican Green Wave (1 slice),100 ml,280,9.0g,34.0g,12.0g,3.0g,540mg
Banana - Restaurant Style,100 ml,105,1.3g,27.0g,0.4g,3.1g,1mg
Bhel Puri - Mild,300 g,210,4.0g,40.0g,5.0g,3.5g,340mg
Fish Moilee - Restaurant Style,150 ml,360,20.0g,12.0g,25.0g,1.0g,510mg
Chia Seeds - Extra Cheese,100 g,70,2.5g,6.0g,4.5g,5.0g,2mg
Patra - Extra Cheese,150 g,170,3.0g,28.0g,5.5g,3.0g,410mg
Apricot - Home Style,200 ml,17,0.5g,3.9g,0.1g,0.7g,0mg
Mutton Biryani - Extra Cheese,200 g,580,32.0g,62.0g,22.0g,1.5g,920mg
Rava Idli - Home Style,50 ml,190,4.5g,32.0g,5.0g,1.5g,350mg
Oat Milk - Extra Cheese,100 ml,90,3.0g,14.0g,3.0g,1.5g,100mg
Paneer Lababdar,100 g,480,14.0g,15.0g,40.0g,2.0g,620mg
Oats Porridge - Mild,100 g,160,6.0g,28.0g,3.0g,4.0g,40mg
Palak Paneer - Spicy,150 ml,350,14.0g,12.0g,27.0g,4.0g,490mg
Chicken Biryani - Spicy,100 g,520,28.0g,65.0g,18.0g,2.0g,890mg
Prawn Malai Curry,500 g,420,22.0g,10.0g,32.0g,0.5g,560mg
Banana - Home Style,300 g,105,1.3g,27.0g,0.4g,3.1g,1mg
Kala Chana,300 g,250,13.0g,34.0g,7.0g,9.0g,450mg
Aloo Paratha - Mild,150 g,350,8.0g,48.0g,14.0g,4.0g,380mg
Sunflower Seeds - Home Style,100 g,175,6.0g,6.0g,15.5g,3.0g,2mg
Honeydew,50 ml,55,0.8g,14.0g,0.2g,1.2g,18mg
Pear,150 ml,81,0.6g,21.5g,0.2g,4.6g,1mg
Butter (1 tbsp),100 ml,102,0.1g,0g,11.5g,0g,1mg
Prunes,100 g,70,0.8g,18.5g,0.1g,2.0g,1mg
Chicken Lollipop (4 pcs) - Spicy,200 ml,480,28.0g,22.0g,32.0g,1.0g,850mg
Veg Pulao - Mild,150 ml,280,6.0g,52.0g,5.5g,3.0g,410mg
Bhatura,150 g,320,7.0g,42.0g,14.0g,2.0g,410mg
Cucumber Sandwich - Restaurant Style,150 g,180,5.0g,30.0g,4.5g,3.0g,310mg
Galouti Kabab (4 pcs) - Mild,100 ml,420,18.0g,14.0g,32.0g,1.5g,480mg
Club Sandwich - Spicy,250 g,450,18.0g,44.0g,22.0g,3.0g,720mg
Palak Dal,100 ml,220,10.0g,22.0g,10.0g,5.0g,460mg
Croissant (Chocolate) - Home Style,100 g,280,5.0g,30.0g,16.0g,1.5g,230mg
Fox Nuts (Makhana) - Extra Cheese,300 g,110,4.5g,20.0g,1.5g,4.0g,8mg
Greek Yogurt,100 ml,100,10.0g,4.0g,5.0g,0g,35mg
Dahi Puri (6 pieces) - Extra Cheese,150 g,250,5.5g,36.0g,9.0g,2.5g,380mg
Roasted Chana,300 g,120,7.0g,18.0g,3.0g,4.5g,80mg
Set Dosa (3 pcs) - Spicy,150 g,340,8.0g,54.0g,9.0g,4.0g,560mg
Dal Baati Churma,150 ml,650,18.0g,88.0g,24.0g,10.0g,580mg
Panchmel Dal - Home Style,250 g,240,10.0g,27.0g,10.5g,5.5g,470mg
Wonton Soup - Restaurant Style,150 g,140,8.0g,18.0g,4.5g,1.5g,610mg
Jeera Rice - Street Style,100 g,240,4.5g,48.0g,3.0g,1.0g,290mg
Palak Paneer - Street Style,50 ml,350,14.0g,12.0g,27.0g,4.0g,490mg
Sabudana Khichdi - Mild,100 g,250,3.5g,48.0g,5.0g,2.0g,280mg
Shahi Paneer,300 g,490,13.0g,14.0g,42.0g,2.5g,560mg
Mysore Pak (1 pc) - Extra Cheese,50 ml,130,2.0g,16.0g,6.5g,0.2g,15mg
Veg Extravaganza (1 slice),500 g,320,12.0g,38.0g,13.5g,3.0g,620mg
Tofu (Soft) - Restaurant Style,300 g,70,7.0g,2.0g,4.0g,0.5g,8mg
Vada (2 pieces) - Restaurant Style,300 g,250,6.0g,28.0g,13.0g,3.0g,450mg
Donut (Chocolate) - Spicy,100 g,300,5.0g,34.0g,16.0g,1.0g,240mg
Cantaloupe,50 ml,34,0.8g,8.2g,0.2g,0.9g,16mg
Dragon Fruit - Spicy,150 ml,60,1.2g,13.0g,0.4g,3.0g,0mg
Goan Fish Curry - Home Style,300 g,330,21.0g,11.0g,22.0g,1.5g,570mg
Beetroot - Spicy,500 g,43,1.6g,9.6g,0.2g,2.8g,78mg
Cheddar Cheese - Street Style,300 g,120,7.0g,0.5g,10.0g,0g,180mg
Set Dosa (3 pcs) - Extra Cheese,100 ml,340,8.0g,54.0g,9.0g,4.0g,560mg
Mutter Mushroom - Home Style,500 g,200,5.0g,18.0g,11.0g,4.5g,430mg
Fish Moilee - Street Style,500 g,360,20.0g,12.0g,25.0g,1.0g,510mg
Dhokla (4 pcs) - Restaurant Style,200 ml,180,6.0g,28.0g,5.0g,2.5g,420mg
Watermelon - Spicy,150 ml,46,0.9g,11.5g,0.2g,0.6g,1mg
Oatmeal Cookie - Extra Cheese,150 g,110,2.0g,16.0g,4.5g,1.5g,65mg
Muffin (Blueberry) - Home Style,100 ml,240,3.5g,36.0g,9.0g,1.5g,180mg
Fish Biryani - Spicy,200 g,500,28.0g,63.0g,17.0g,1.5g,860mg
Butterscotch Cake (1 slice) - Spicy,100 g,300,3.5g,40.0g,14.0g,0.5g,190mg
Bagel - Extra Cheese,300 g,190,7.0g,36.0g,1.5g,2.0g,280mg
Tandoori Chicken (2 pcs) - Extra Cheese,200 ml,480,48.0g,4.0g,30.0g,0g,720mg
Good Day (2 pcs),100 g,100,1.2g,13.0g,4.8g,0.4g,40mg
Oats Porridge - Street Style,300 g,160,6.0g,28.0g,3.0g,4.0g,40mg
Gujarati Dal - Extra Cheese,300 g,200,8.0g,28.0g,6.0g,5.0g,440mg
Paneer Sandwich,200 g,340,12.0g,36.0g,16.0g,2.0g,520mg
Bitter Gourd - Extra Cheese,200 ml,17,1.0g,3.7g,0.2g,2.8g,5mg
Paneer Tikka Pizza (1 slice) - Street Style,200 g,325,13.0g,35.0g,14.5g,2.0g,610mg
Rava Dosa - Mild,500 g,290,6.0g,42.0g,10.0g,2.0g,510mg
Strawberries - Home Style,250 g,32,0.7g,7.7g,0.3g,2.0g,1mg
Bread Omlette - Home Style,150 ml,290,12.0g,28.0g,15.0g,2.0g,480mg
Palak Dal,150 g,220,10.0g,22.0g,10.0g,5.0g,460mg
Pomegranate - Spicy,200 g,83,1.7g,18.7g,1.2g,4.0g,3mg
Prawn Biryani,250 g,510,26.0g,64.0g,18.0g,1.5g,880mg
Kadhi Pakora - Spicy,100 ml,300,10.0g,28.0g,16.0g,3.0g,580mg
Good Day (2 pcs),100 ml,100,1.2g,13.0g,4.8g,0.4g,40mg
Kadhi Pakora,50 ml,300,10.0g,28.0g,16.0g,3.0g,580mg
Corn Flakes with Milk - Extra Cheese,200 ml,210,7.0g,38.0g,4.0g,2.0g,180mg
McFlurry KitKat - Extra Cheese,150 ml,350,7.5g,49.0g,14.0g,1.0g,150mg
Sev Puri (6 pieces) - Street Style,100 ml,220,4.0g,34.0g,8.0g,2.5g,350mg
Malai Kofta,150 ml,520,10.0g,38.0g,36.0g,5.0g,480mg
Paneer Tikka Pizza (1 slice) - Restaurant Style,300 g,325,13.0g,35.0g,14.5g,2.0g,610mg
Jackfruit - Restaurant Style,50 ml,95,1.7g,23.3g,0.6g,1.5g,2mg
Navratna Korma - Extra Cheese,250 g,380,8.0g,22.0g,30.0g,4.5g,520mg
Chicken Noodle Soup - Home Style,500 g,160,10.0g,16.0g,6.0g,1.5g,640mg
Cranberries - Spicy,100 ml,46,0.4g,12.0g,0.1g,4.6g,2mg
Gobi Paratha - Home Style,200 g,320,9.0g,46.0g,11.0g,5.0g,350mg
Chicken Vindaloo - Restaurant Style,250 g,420,24.0g,12.0g,30.0g,1.5g,820mg
Palak Paneer - Mild,200 ml,350,14.0g,12.0g,27.0g,4.0g,490mg
Akki Roti - Home Style,500 g,220,5.0g,40.0g,4.5g,3.0g,290mg
Galouti Kabab (4 pcs) - Street Style,200 ml,420,18.0g,14.0g,32.0g,1.5g,480mg
Pav Bhaji - Street Style,200 ml,380,9.0g,52.0g,16.0g,7.0g,620mg
Coconut Rice - Street Style,100 g,340,4.0g,44.0g,17.0g,3.0g,280mg
Margherita Pizza (1 slice),500 g,285,12.0g,34.0g,11.0g,2.0g,520mg
French Fries (Medium) - Spicy,200 g,320,4.5g,41.0g,15.5g,3.5g,190mg
Sweet Corn Soup - Street Style,100 g,110,3.5g,18.0g,3.0g,1.5g,520mg
Paneer Sandwich - Street Style,200 g,340,12.0g,36.0g,16.0g,2.0g,520mg
Paneer Biryani,50 ml,520,14.0g,68.0g,20.0g,4.0g,780mg
BBQ Chicken Pizza (1 slice),500 g,350,16.0g,34.0g,17.0g,1.5g,740mg
Grilled Veg Sandwich - Street Style,500 g,290,9.0g,40.0g,10.0g,4.5g,460mg
Chilli Chicken - Spicy,500 g,450,28.0g,24.0g,28.0g,1.5g,860mg
Bhel Puri,300 g,210,4.0g,40.0g,5.0g,3.5g,340mg
Samosa (1 pc) - Home Style,300 g,210,3.5g,24.0g,11.0g,2.0g,290mg
Pear - Restaurant Style,50 ml,81,0.6g,21.5g,0.2g,4.6g,1mg
Cheese Garlic Bread - Restaurant Style,500 g,310,11.0g,34.0g,15.0g,2.0g,520mg
Veg Sandwich - Home Style,100 ml,250,8.0g,38.0g,7.0g,4.0g,420mg
Masala Dosa,100 g,315,8.2g,48.5g,9.8g,4.2g,580mg
Dim Sums (4 pcs) - Mild,150 g,210,8.0g,30.0g,6.0g,2.0g,380mg
Ragi Roti - Restaurant Style,200 ml,210,6.0g,38.0g,4.0g,5.0g,250mg
Kadhi Pakora - Restaurant Style,100 g,300,10.0g,28.0g,16.0g,3.0g,580mg
Lobia - Spicy,200 g,240,12.0g,36.0g,6.0g,8.5g,430mg
Greek Yogurt - Street Style,200 ml,100,10.0g,4.0g,5.0g,0g,35mg
Pistachios (Pista) - Extra Cheese,150 g,160,5.8g,8.0g,12.5g,3.0g,1mg
Chicken Fried Rice - Home Style,100 g,460,20.0g,58.0g,16.0g,1.5g,780mg
Lobia - Restaurant Style,200 ml,240,12.0g,36.0g,6.0g,8.5g,430mg
Mutter Mushroom - Extra Cheese,300 g,200,5.0g,18.0g,11.0g,4.5g,430mg
Nalli Nihari - Home Style,50 ml,560,30.0g,8.0g,46.0g,0.5g,780mg
Butterscotch Cake (1 slice) - Home Style,100 g,300,3.5g,40.0g,14.0g,0.5g,190mg
Cauliflower - Restaurant Style,200 ml,25,1.9g,5.0g,0.3g,2.0g,30mg
White Bread (2 slices) - Spicy,100 ml,160,5.0g,28.0g,2.5g,1.0g,300mg
Macaron (1 pc) - Spicy,100 g,90,1.5g,12.0g,4.0g,0.2g,15mg
Kanchipuram Idli - Spicy,100 g,210,5.0g,34.0g,6.0g,2.0g,380mg
Jam (1 tbsp) - Home Style,200 g,55,0.1g,14.0g,0g,0.2g,2mg
Ciabatta - Restaurant Style,150 g,210,7.0g,40.0g,3.0g,2.0g,350mg
Aloo Chaat - Mild,200 ml,220,4.0g,36.0g,7.0g,4.0g,380mg
Macadamia Nuts - Home Style,100 ml,215,2.5g,4.0g,22.5g,2.5g,1mg
Oatmeal Cookie,250 g,110,2.0g,16.0g,4.5g,1.5g,65mg
Brinjal (Eggplant) - Extra Cheese,150 g,25,1.0g,5.9g,0.2g,3.0g,2mg
Bajra Roti - Mild,200 ml,210,6.5g,37.0g,4.0g,5.0g,230mg
Poha - Extra Cheese,150 ml,210,4.5g,38.0g,5.0g,3.5g,320mg
Jalebi Fafda - Extra Cheese,50 ml,380,7.0g,50.0g,17.0g,2.5g,520mg
Good Day (2 pcs) - Spicy,100 g,100,1.2g,13.0g,4.8g,0.4g,40mg
Apricot - Home Style,200 g,17,0.5g,3.9g,0.1g,0.7g,0mg
Chicken Club Sandwich - Street Style,200 g,500,26.0g,42.0g,25.0g,2.5g,790mg
Croissant (Chocolate),200 g,280,5.0g,30.0g,16.0g,1.5g,230mg
Veg Sandwich - Extra Cheese,50 ml,250,8.0g,38.0g,7.0g,4.0g,420mg
Fish Moilee - Street Style,250 g,360,20.0g,12.0g,25.0g,1.0g,510mg
Broccoli - Home Style,50 ml,34,2.8g,6.6g,0.4g,2.6g,33mg
Tofu (Firm) - Spicy,250 g,145,15.0g,4.0g,8.0g,2.0g,10mg
Idli (2 pieces) - Spicy,150 g,120,4.0g,24.0g,0.5g,2.0g,280mg
Prawn Dim Sums - Home Style,500 g,230,13.0g,28.0g,8.0g,1.0g,440mg
Afghani Chaap - Street Style,100 ml,420,24.0g,16.0g,30.0g,3.5g,540mg
Manchow Soup - Mild,200 g,90,3.0g,12.0g,3.5g,1.5g,680mg
Chocolate Chip Cookie - Extra Cheese,300 g,120,1.5g,16.0g,6.0g,0.5g,50mg
Cauliflower - Mild,200 g,25,1.9g,5.0g,0.3g,2.0g,30mg
Tangdi Kabab (2 pcs) - Home Style,50 ml,440,38.0g,5.0g,29.0g,0.5g,680mg
Celery - Street Style,150 ml,16,0.7g,3.0g,0.2g,1.6g,80mg
Steamed Rice - Extra Cheese,50 ml,260,5.0g,58.0g,0.5g,1.0g,5mg
Celery - Spicy,250 g,16,0.7g,3.0g,0.2g,1.6g,80mg
Grapes,500 g,69,0.7g,18.0g,0.2g,0.9g,2mg
Walnuts (Akhrot) - Restaurant Style,250 g,196,4.5g,4.0g,19.5g,2.0g,1mg
Chocolate Cake (1 slice) - Mild,500 g,280,4.0g,38.0g,12.0g,1.0g,200mg
Dum Aloo,250 g,240,4.0g,22.0g,15.0g,3.0g,460mg
French Fries (Medium) - Restaurant Style,200 ml,320,4.5g,41.0g,15.5g,3.5g,190mg
Grapes ,250 g,69,0.7g,18.0g,0.2g,0.9g,2mg
Pav Bhaji - Home Style,100 ml,380,9.0g,52.0g,16.0g,7.0g,620mg
Macaron (1 pc) - Home Style,50 ml,90,1.5g,12.0g,4.0g,0.2g,15mg
Soya Chunk Biryani - Restaurant Style,100 g,480,18.0g,70.0g,15.0g,6.0g,740mg
Walnuts (Akhrot) - Mild,50 ml,196,4.5g,4.0g,19.5g,2.0g,1mg
Flax Seeds (Alsi) - Extra Cheese,150 ml,75,2.5g,4.0g,6.0g,4.0g,2mg
Hot and Sour Soup - Restaurant Style,50 ml,95,3.0g,13.0g,3.5g,1.5g,720mg
Tofu Butter Masala - Extra Cheese,200 g,400,14.0g,14.0g,32.0g,3.5g,590mg
Malai Paneer Tikka,50 ml,420,15.0g,14.0g,34.0g,1.5g,560mg
Pedha (2 pcs) - Street Style,100 ml,130,3.0g,18.0g,5.5g,0g,35mg
Pomegranate - Home Style,200 g,83,1.7g,18.7g,1.2g,4.0g,3mg
McVeggie Wrap - Street Style,150 ml,420,11.0g,48.0g,20.0g,4.0g,720mg
Pedha (2 pcs) - Home Style,150 ml,130,3.0g,18.0g,5.5g,0g,35mg
Chocolate Chip Cookie - Extra Cheese,50 ml,120,1.5g,16.0g,6.0g,0.5g,50mg
Cheese Slice - Restaurant Style,300 g,70,4.5g,1.0g,5.5g,0g,180mg
Lobia - Spicy,50 ml,240,12.0g,36.0g,6.0g,8.5g,430mg
Carrot - Extra Cheese,500 g,41,0.9g,9.6g,0.2g,2.8g,69mg
Bagel - Mild,150 g,190,7.0g,36.0g,1.5g,2.0g,280mg
Chocolate Cake (1 slice) - Spicy,500 g,280,4.0g,38.0g,12.0g,1.0g,200mg
Fried Rice (Veg),200 ml,380,8.0g,62.0g,11.0g,3.0g,720mg
Chilli Chicken - Extra Cheese,100 g,450,28.0g,24.0g,28.0g,1.5g,860mg
Whole Wheat Bread (2 slices) - Home Style,200 ml,145,6.0g,26.0g,2.0g,4.0g,290mg
Soya Pulao - Spicy,100 ml,310,12.0g,48.0g,8.0g,4.0g,480mg
Capsicum (Yellow) - Street Style,200 ml,27,1.0g,6.3g,0.2g,1.8g,3mg
Fox Nuts (Makhana) - Home Style,150 ml,110,4.5g,20.0g,1.5g,4.0g,8mg
Tofu Korma,50 ml,340,14.0g,20.0g,24.0g,3.0g,540mg
Potato - Extra Cheese,100 ml,77,2.0g,17.5g,0.1g,2.2g,6mg
Pav Bhaji - Street Style,100 ml,380,9.0g,52.0g,16.0g,7.0g,620mg
Mutton Rogan Josh - Spicy,200 g,520,28.0g,10.0g,42.0g,1.0g,680mg
Egg Biryani - Spicy,500 g,490,18.0g,68.0g,16.0g,2.5g,810mg
Figs (Anjeer) - Restaurant Style,50 ml,75,1.0g,19.0g,0.3g,2.5g,2mg
French Fries (Large) - Home Style,100 ml,430,6.0g,55.0g,21.0g,4.5g,260mg
Glucose Biscuit (2 pcs) - Spicy,150 g,85,1.0g,14.0g,2.5g,0.3g,50mg
Mohanthal - Mild,200 ml,240,5.0g,32.0g,11.0g,1.0g,30mg
Nalli Nihari - Spicy,150 g,560,30.0g,8.0g,46.0g,0.5g,780mg
Aglio Olio Pasta - Spicy,200 g,340,8.0g,50.0g,11.0g,3.0g,380mg
Butter Chicken,250 g,485,22.4g,12.6g,38.2g,1.8g,720mg
Makki di Roti - Spicy,100 g,240,6.5g,38.0g,7.0g,5.0g,260mg
Corn (Sweet) - Mild,150 g,86,3.3g,19.0g,1.2g,2.7g,15mg
Tangdi Kabab (2 pcs) - Restaurant Style,500 g,440,38.0g,5.0g,29.0g,0.5g,680mg
Greek Yogurt - Home Style,100 ml,100,10.0g,4.0g,5.0g,0g,35mg
Egg Sandwich - Extra Cheese,500 g,320,14.0g,32.0g,15.0g,2.0g,540mg
Grapes,200 ml,69,0.7g,18.0g,0.2g,0.9g,2mg
Brinjal (Eggplant) - Extra Cheese,150 ml,25,1.0g,5.9g,0.2g,3.0g,2mg
Papdi Chaat - Restaurant Style,150 g,280,5.0g,42.0g,10.0g,3.5g,460mg
McSpicy Paneer Burger,150 g,470,14.0g,48.0g,24.0g,2.5g,820mg
Puran Poli (with ghee) - Spicy,100 ml,350,7.5g,58.0g,10.2g,3.5g,45mg
Pav Bhaji - Mild,100 ml,380,9.0g,52.0g,16.0g,7.0g,620mg
Cheese Spread (1 tbsp) - Extra Cheese,150 ml,45,2.0g,1.5g,3.5g,0g,120mg
Bottle Gourd,250 g,14,0.6g,3.4g,0.1g,0.6g,2mg
Sabudana Vada - Home Style,200 ml,230,4.0g,38.0g,7.0g,2.5g,340mg
Chicken Curry - Mild,200 g,380,26.0g,8.0g,27.0g,1.0g,620mg
Rajma Masala - Home Style,50 ml,260,12.0g,32.0g,9.0g,8.0g,490mg
Jalebi (2 pcs),100 g,180,2.0g,30.0g,6.0g,0.5g,40mg
Cheddar Cheese - Restaurant Style,500 g,120,7.0g,0.5g,10.0g,0g,180mg
Goan Fish Curry - Mild,50 ml,330,21.0g,11.0g,22.0g,1.5g,570mg
Blackberries - Home Style,200 ml,43,1.4g,10.0g,0.5g,5.3g,1mg
Paneer Tikka Pizza (1 slice) - Mild,200 ml,325,13.0g,35.0g,14.5g,2.0g,610mg
Bhatura - Home Style,100 g,320,7.0g,42.0g,14.0g,2.0g,410mg
Corn Flakes with Milk - Restaurant Style,200 g,210,7.0g,38.0g,4.0g,2.0g,180mg
Medu Vada - Restaurant Style,300 g,270,6.5g,30.0g,14.0g,3.5g,480mg
Brown Bread (2 slices) - Home Style,250 g,140,6.0g,24.0g,2.0g,3.0g,280mg
Shahi Paneer - Street Style,100 ml,490,13.0g,14.0g,42.0g,2.5g,560mg
Shahi Paneer - Restaurant Style,500 g,490,13.0g,14.0g,42.0g,2.5g,560mg
Motichoor Laddu - Restaurant Style,500 g,145,3.0g,18.0g,7.0g,0.8g,22mg
Moong Dal Halwa - Street Style,250 g,350,8.0g,45.0g,16.0g,3.0g,40mg
Prawn Malai Curry - Restaurant Style,300 g,420,22.0g,10.0g,32.0g,0.5g,560mg
Poha Jalebi - Spicy,200 ml,380,5.0g,62.0g,13.0g,2.5g,360mg
Corn Flakes with Milk - Extra Cheese,500 g,210,7.0g,38.0g,4.0g,2.0g,180mg
Capsicum (Yellow) - Restaurant Style,150 ml,27,1.0g,6.3g,0.2g,1.8g,3mg
Persimmon - Restaurant Style,300 g,70,0.6g,18.6g,0.2g,3.6g,1mg
Cauliflower - Spicy,300 g,25,1.9g,5.0g,0.3g,2.0g,30mg
Hide & Seek (2 pcs) - Restaurant Style,300 g,105,1.5g,14.0g,5.0g,0.5g,35mg
Lassi (Sweet) - Extra Cheese,500 g,150,4.0g,28.0g,3.0g,0g,80mg
Ciabatta - Extra Cheese,100 g,210,7.0g,40.0g,3.0g,2.0g,350mg
Egg Curry - Street Style,150 g,290,12.0g,10.0g,22.0g,1.5g,490mg
Paneer Tikka Pizza (1 slice) - Home Style,300 g,325,13.0g,35.0g,14.5g,2.0g,610mg
Deluxe Veggie (1 slice) - Extra Cheese,200 ml,295,10.5g,36.0g,12.0g,2.8g,590mg
Malai Paneer Tikka - Mild,500 g,420,15.0g,14.0g,34.0g,1.5g,560mg
Banana - Spicy,300 g,105,1.3g,27.0g,0.4g,3.1g,1mg
McSpicy Paneer Burger - Spicy,200 ml,470,14.0g,48.0g,24.0g,2.5g,820mg
Chicken Fried Rice - Home Style,200 ml,460,20.0g,58.0g,16.0g,1.5g,780mg
Butter Cookie (2 pcs) - Home Style,300 g,95,1.0g,12.0g,5.0g,0.2g,30mg
Haryali Tikka - Street Style,500 g,400,40.0g,10.0g,23.0g,1.0g,660mg
Pineapple Cake (1 slice) - Spicy,50 ml,260,3.0g,38.0g,10.0g,0.8g,170mg
Kala Chana - Mild,150 g,250,13.0g,34.0g,7.0g,9.0g,450mg
Bread Omlette - Extra Cheese,200 g,290,12.0g,28.0g,15.0g,2.0g,480mg
Jalebi Fafda - Street Style,500 g,380,7.0g,50.0g,17.0g,2.5g,520mg
Kiwi - Extra Cheese,150 g,61,1.1g,14.7g,0.5g,3.0g,3mg
Egg Curry - Home Style,500 g,290,12.0g,10.0g,22.0g,1.5g,490mg
Maharaja Mac Chicken,200 ml,580,28.0g,52.0g,30.0g,3.0g,980mg
Guava,300 g,68,2.6g,14.3g,1.0g,5.4g,2mg
Tomato - Home Style,50 ml,18,0.9g,3.9g,0.2g,1.2g,5mg
Dates (Khajoor) - Home Style,250 g,90,0.8g,24.0g,0.2g,2.0g,1mg
Poha - Street Style,150 g,210,4.5g,38.0g,5.0g,3.5g,320mg
Egg Fried Rice - Extra Cheese,500 g,420,14.0g,60.0g,13.0g,2.0g,750mg
Peanuts (Roasted) - Mild,150 ml,170,7.5g,6.0g,14.0g,2.5g,90mg
Capsicum (Yellow) - Extra Cheese,200 g,27,1.0g,6.3g,0.2g,1.8g,3mg
Zucchini - Home Style,250 g,17,1.2g,3.1g,0.3g,1.0g,8mg
Pine Nuts - Street Style,200 g,190,4.0g,4.0g,19.0g,1.5g,1mg
Margherita Pizza (1 slice) - Street Style,200 ml,285,12.0g,34.0g,11.0g,2.0g,520mg
Grilled Veg Sandwich - Street Style,250 g,290,9.0g,40.0g,10.0g,4.5g,460mg
Cottage Cheese (Paneer) - Home Style,200 g,265,18.0g,6.0g,18.0g,0g,150mg
Yogurt (Plain) - Street Style,50 ml,61,3.5g,4.7g,3.3g,0g,40mg
Garlic Noodles,300 g,350,7.5g,52.0g,12.0g,2.5g,760mg
Plain Dosa - Mild,100 g,230,5.0g,38.0g,6.0g,2.5g,420mg
Misal Pav - Street Style,200 g,380,14.0g,48.0g,16.0g,7.0g,720mg
Macadamia Nuts - Extra Cheese,200 g,215,2.5g,4.0g,22.5g,2.5g,1mg
Arrabbiata Pasta - Restaurant Style,250 g,320,8.5g,52.0g,8.5g,4.5g,510mg
Pineapple - Home Style,200 g,50,0.5g,13.1g,0.1g,1.4g,1mg
Whole Wheat Bread (2 slices) - Extra Cheese,150 ml,145,6.0g,26.0g,2.0g,4.0g,290mg
Dal Tadka - Street Style,500 g,210,9.0g,24.0g,9.0g,5.0g,460mg
Tomato,500 g,18,0.9g,3.9g,0.2g,1.2g,5mg
Okra (Bhindi),150 ml,33,1.9g,7.5g,0.2g,3.2g,7mg
Pani Puri (6 pieces) - Restaurant Style,150 g,180,3.2g,32.0g,4.8g,2.0g,290mg
Prawn Noodles - Mild,200 ml,420,20.0g,50.0g,16.0g,1.5g,840mg
Schezwan Noodles - Extra Cheese,100 ml,380,8.0g,56.0g,13.0g,3.5g,880mg
Payasam,250 g,210,5.0g,38.0g,5.0g,0.5g,55mg
Apricots (Dried) - Spicy,150 g,70,1.0g,18.0g,0.1g,2.0g,2mg
Gujarati Dal,250 g,200,8.0g,28.0g,6.0g,5.0g,440mg
Jam (1 tbsp) - Street Style,150 ml,55,0.1g,14.0g,0g,0.2g,2mg
Malai Paneer Tikka - Street Style,300 g,420,15.0g,14.0g,34.0g,1.5g,560mg
Prawn Noodles - Street Style,200 ml,420,20.0g,50.0g,16.0g,1.5g,840mg
Thatte Idli,50 ml,200,5.5g,36.0g,4.5g,2.5g,360mg
McSpicy Paneer Burger - Street Style,200 g,470,14.0g,48.0g,24.0g,2.5g,820mg
Paneer (Homemade) - Extra Cheese,150 ml,265,18.0g,6.0g,18.0g,0g,150mg
Tofu (Soft) - Home Style,500 g,70,7.0g,2.0g,4.0g,0.5g,8mg
Soy Milk - Street Style,50 ml,80,6.0g,8.0g,4.0g,1.0g,120mg
Bourbon Biscuit (2 pcs) - Spicy,250 g,90,1.0g,12.0g,4.5g,0.5g,35mg
Ragda Pattice - Home Style,200 g,310,8.0g,48.0g,10.0g,6.0g,540mg
Peach,150 ml,51,1.2g,12.4g,0.3g,2.0g,0mg
Goan Fish Curry - Extra Cheese,100 g,330,21.0g,11.0g,22.0g,1.5g,570mg
Bataka Vada - Street Style,200 ml,290,6.0g,38.0g,12.0g,3.0g,480mg
Good Day (2 pcs) - Extra Cheese,300 g,100,1.2g,13.0g,4.8g,0.4g,40mg
Bourbon Biscuit (2 pcs) - Street Style,500 g,90,1.0g,12.0g,4.5g,0.5g,35mg
Prunes - Extra Cheese,200 g,70,0.8g,18.5g,0.1g,2.0g,1mg
Pumpkin - Street Style,500 g,26,1.0g,6.5g,0.1g,0.5g,1mg
Chicken Spring Roll - Street Style,250 g,270,12.0g,28.0g,12.0g,2.0g,490mg
Chicken Tikka (6 pcs) - Mild,300 g,420,42.0g,6.0g,25.0g,0.5g,680mg
Gulab Jamun (2 pcs) - Extra Cheese,150 g,200,3.0g,32.0g,7.0g,0.5g,60mg
Ghee Rice - Home Style,100 g,320,4.0g,50.0g,11.0g,1.0g,310mg
Samosa (1 pc) - Restaurant Style,200 g,210,3.5g,24.0g,11.0g,2.0g,290mg
Mix Veg,50 ml,150,4.0g,18.0g,7.0g,4.5g,390mg
Butterscotch Cake (1 slice) - Restaurant Style,200 g,300,3.5g,40.0g,14.0g,0.5g,190mg
Pedha (2 pcs) - Street Style,150 g,130,3.0g,18.0g,5.5g,0g,35mg
Macaron (1 pc) - Mild,200 ml,90,1.5g,12.0g,4.0g,0.2g,15mg
Cheese Slice - Spicy,50 ml,70,4.5g,1.0g,5.5g,0g,180mg
Jalebi (2 pcs) - Street Style,100 ml,180,2.0g,30.0g,6.0g,0.5g,40mg
Soan Papdi (2 pcs) - Extra Cheese,150 g,100,1.5g,12.0g,5.5g,0.2g,10mg
Aloo Tikki (2 pcs),250 g,240,4.0g,32.0g,11.0g,3.0g,420mg
Garlic Noodles - Home Style,150 ml,350,7.5g,52.0g,12.0g,2.5g,760mg
Tofu Korma - Restaurant Style,50 ml,340,14.0g,20.0g,24.0g,3.0g,540mg
Capsicum (Red) - Mild,150 ml,31,1.0g,6.0g,0.3g,2.1g,4mg
Greek Yogurt - Home Style,150 g,100,10.0g,4.0g,5.0g,0g,35mg
Strawberries - Street Style,250 g,32,0.7g,7.7g,0.3g,2.0g,1mg
Tofu Matar - Home Style,250 g,280,15.0g,18.0g,16.0g,4.0g,480mg
Dal Baati Churma - Spicy,200 g,650,18.0g,88.0g,24.0g,10.0g,580mg
Tuna Sandwich - Extra Cheese,300 g,380,22.0g,34.0g,18.0g,2.0g,620mg
Thepla (1 pc) - Restaurant Style,100 g,110,3.0g,15.0g,4.5g,2.0g,120mg
Star Fruit - Spicy,150 g,28,0.9g,6.0g,0.3g,2.5g,2mg
Jalebi (2 pcs),200 ml,180,2.0g,30.0g,6.0g,0.5g,40mg
Chicken Korma - Extra Cheese,200 g,440,24.0g,16.0g,31.0g,1.5g,650mg
Mix Veg - Spicy,300 g,150,4.0g,18.0g,7.0g,4.5g,390mg
Almond Milk - Mild,300 g,60,2.0g,8.0g,2.5g,1.0g,150mg
Sourdough (2 slices) - Extra Cheese,300 g,180,6.0g,34.0g,1.5g,1.5g,340mg
Fried Rice (Veg) - Restaurant Style,250 g,380,8.0g,62.0g,11.0g,3.0g,720mg
Muskmelon - Extra Cheese,250 g,51,1.3g,12.0g,0.3g,1.1g,16mg
Matar Paneer - Extra Cheese,100 g,380,12.0g,16.0g,29.0g,3.5g,540mg
Reshmi Kabab (4 pcs) - Home Style,200 g,400,28.0g,6.0g,29.0g,0.5g,560mg
Tandoori Paneer Tikka - Street Style,300 g,380,16.0g,12.0g,30.0g,2.0g,540mg
Misal Pav,50 ml,380,14.0g,48.0g,16.0g,7.0g,720mg
Donut (Glazed) - Spicy,500 g,270,4.0g,31.0g,15.0g,1.0g,220mg
Fried Rice (Veg) - Spicy,300 g,380,8.0g,62.0g,11.0g,3.0g,720mg
Cheese Pizza (1 slice) - Home Style,250 g,300,11.5g,35.0g,13.0g,1.8g,560mg
Paneer Tikka Pizza (1 slice),150 g,325,13.0g,35.0g,14.5g,2.0g,610mg
Poha - Street Style,500 g,210,4.5g,38.0g,5.0g,3.5g,320mg
Sarson ka Saag,200 ml,220,7.0g,12.0g,16.0g,5.5g,480mg
Chicken Curry - Home Style,200 ml,380,26.0g,8.0g,27.0g,1.0g,620mg
Sabudana Vada - Extra Cheese,50 ml,230,4.0g,38.0g,7.0g,2.5g,340mg
Sunflower Seeds,500 g,175,6.0g,6.0g,15.5g,3.0g,2mg
Misal Pav - Home Style,300 g,380,14.0g,48.0g,16.0g,7.0g,720mg
Bagel,500 g,190,7.0g,36.0g,1.5g,2.0g,280mg
Paneer Tikka Pizza (1 slice),300 g,325,13.0g,35.0g,14.5g,2.0g,610mg
Pecans - Spicy,100 ml,200,2.5g,4.0g,21.0g,2.5g,0mg
Bread Roll - Extra Cheese,150 g,140,4.0g,25.0g,2.5g,1.2g,190mg
Parle Biscuit (2 pcs) - Mild,200 ml,80,1.0g,12.0g,3.0g,0.3g,40mg
Fafda - Extra Cheese,150 ml,220,5.0g,28.0g,10.0g,2.0g,480mg
Pistachios (Pista),150 ml,160,5.8g,8.0g,12.5g,3.0g,1mg
McEgg Burger - Restaurant Style,200 g,350,13.0g,40.0g,16.0g,2.0g,590mg
Vada (2 pieces) - Street Style,200 ml,250,6.0g,28.0g,13.0g,3.0g,450mg
Fox Nuts (Makhana) - Mild,250 g,110,4.5g,20.0g,1.5g,4.0g,8mg
Laddu (1 pc),150 g,150,3.5g,18.0g,7.5g,1.0g,20mg
Chicken Chettinad - Mild,200 g,400,26.0g,10.0g,29.0g,2.0g,710mg
Rajma Masala - Home Style,150 g,260,12.0g,32.0g,9.0g,8.0g,490mg
Cheese Pizza (1 slice) - Home Style,500 g,300,11.5g,35.0g,13.0g,1.8g,560mg
Kadai Chicken - Spicy,250 g,420,27.0g,12.0g,30.0g,1.5g,690mg
Focaccia - Mild,150 ml,230,6.5g,38.0g,6.0g,2.0g,370mg
Farmhouse Pizza (1 slice) - Street Style,200 ml,300,11.0g,36.0g,12.5g,2.5g,580mg
Veg Noodle Soup,500 g,120,4.0g,18.0g,3.5g,2.0g,580mg
Pineapple - Mild,500 g,50,0.5g,13.1g,0.1g,1.4g,1mg
Chicken Lollipop (4 pcs) - Restaurant Style,200 g,480,28.0g,22.0g,32.0g,1.0g,850mg
Sesame Seeds (Til) - Home Style,200 ml,90,2.5g,4.0g,8.0g,1.5g,2mg
Fish Curry - Street Style,200 g,340,22.0g,10.0g,23.0g,1.5g,540mg
Butterscotch Cake (1 slice) - Spicy,50 ml,300,3.5g,40.0g,14.0g,0.5g,190mg
Tangdi Kabab (2 pcs),300 g,440,38.0g,5.0g,29.0g,0.5g,680mg
Pink Sauce Pasta,250 g,350,9.5g,50.0g,12.0g,3.0g,470mg
Parle Biscuit (2 pcs) - Restaurant Style,100 g,80,1.0g,12.0g,3.0g,0.3g,40mg
Chicken Korma - Home Style,500 g,440,24.0g,16.0g,31.0g,1.5g,650mg
Cheesecake (1 slice) - Street Style,50 ml,350,7.0g,30.0g,22.0g,0.5g,280mg
Soft Serve Cone - Street Style,150 ml,150,3.5g,24.0g,4.5g,0g,80mg
Undhiyu - Mild,100 g,280,6.0g,32.0g,14.0g,8.0g,440mg
Masala Chaas - Extra Cheese,200 g,55,2.5g,7.0g,2.0g,0.5g,220mg
Lychee - Spicy,200 g,66,0.8g,16.5g,0.4g,1.3g,1mg
Andhra Chicken Curry - Mild,150 g,390,25.0g,9.0g,28.0g,1.5g,740mg
Hyderabadi Biryani - Extra Cheese,150 ml,620,30.0g,70.0g,24.0g,2.5g,980mg
Veg Pasta - Street Style,200 g,330,9.0g,50.0g,10.0g,3.5g,460mg
Guava - Restaurant Style,50 ml,68,2.6g,14.3g,1.0g,5.4g,2mg
Rasmalai (2 pcs) - Extra Cheese,200 ml,240,6.0g,32.0g,10.0g,0g,70mg
Pad Thai Noodles - Mild,200 ml,400,10.0g,58.0g,15.0g,3.0g,690mg
Milk (Skimmed) - Mild,50 ml,68,6.8g,9.8g,0.4g,0g,120mg
Chicken Biryani - Extra Cheese,150 ml,520,28.0g,65.0g,18.0g,2.0g,890mg
Dal Tadka - Spicy,500 g,210,9.0g,24.0g,9.0g,5.0g,460mg
Cheese Garlic Bread,200 g,310,11.0g,34.0g,15.0g,2.0g,520mg
Schezwan Fried Rice - Street Style,500 g,440,9.0g,64.0g,15.0g,3.5g,890mg
Dahi Puri (6 pieces) - Spicy,200 g,250,5.5g,36.0g,9.0g,2.5g,380mg
Handvo - Street Style,500 g,210,7.0g,32.0g,7.0g,4.0g,390mg
Coconut Rice - Home Style,50 ml,340,4.0g,44.0g,17.0g,3.0g,280mg
Payasam - Extra Cheese,150 ml,210,5.0g,38.0g,5.0g,0.5g,55mg
Egg Curry - Home Style,150 ml,290,12.0g,10.0g,22.0g,1.5g,490mg
Jalebi (2 pcs) - Spicy,100 ml,180,2.0g,30.0g,6.0g,0.5g,40mg
Pani Puri (6 pieces) - Home Style,50 ml,180,3.2g,32.0g,4.8g,2.0g,290mg
Egg Biryani,500 g,490,18.0g,68.0g,16.0g,2.5g,810mg
Misal Pav - Extra Cheese,150 g,380,14.0g,48.0g,16.0g,7.0g,720mg
Kanda Bhaji - Mild,50 ml,280,4.0g,32.0g,15.0g,3.0g,460mg
Navratna Korma - Restaurant Style,200 ml,380,8.0g,22.0g,30.0g,4.5g,520mg
Custard Apple - Home Style,200 ml,101,2.1g,23.5g,0.6g,2.4g,4mg
Celery - Restaurant Style,150 g,16,0.7g,3.0g,0.2g,1.6g,80mg
Vada (2 pieces) - Street Style,100 ml,250,6.0g,28.0g,13.0g,3.0g,450mg
Pomegranate - Mild,100 g,83,1.7g,18.7g,1.2g,4.0g,3mg
Ragi Roti - Extra Cheese,200 g,210,6.0g,38.0g,4.0g,5.0g,250mg
Coconut Rice - Home Style,100 ml,340,4.0g,44.0g,17.0g,3.0g,280mg
Nutella (1 tbsp) - Street Style,250 g,100,1.2g,11.0g,5.5g,0.5g,8mg
Kiwi - Home Style,200 ml,61,1.1g,14.7g,0.5g,3.0g,3mg
Cranberries - Spicy,300 g,46,0.4g,12.0g,0.1g,4.6g,2mg
Chole Bhature,300 g,580,15.0g,78.0g,24.0g,8.0g,890mg
Arrabbiata Pasta - Extra Cheese,300 g,320,8.5g,52.0g,8.5g,4.5g,510mg
Shami Kabab (4 pcs) - Spicy,250 g,380,22.0g,16.0g,25.0g,2.0g,540mg
Thepla (1 pc) - Spicy,50 ml,110,3.0g,15.0g,4.5g,2.0g,120mg
Ridge Gourd,150 g,17,0.8g,3.8g,0.2g,1.2g,3mg
Tuna Sandwich - Extra Cheese,50 ml,380,22.0g,34.0g,18.0g,2.0g,620mg
Ghee Rice - Home Style,200 ml,320,4.0g,50.0g,11.0g,1.0g,310mg
Laddu (1 pc) - Extra Cheese,100 g,150,3.5g,18.0g,7.5g,1.0g,20mg
Gujarati Dal - Restaurant Style,300 g,200,8.0g,28.0g,6.0g,5.0g,440mg
McSpicy Paneer Burger - Home Style,200 g,470,14.0g,48.0g,24.0g,2.5g,820mg
Sesame Seeds (Til) - Extra Cheese,500 g,90,2.5g,4.0g,8.0g,1.5g,2mg
Éclair - Spicy,100 g,240,4.0g,26.0g,13.0g,0.5g,170mg
Muffin (Chocolate) - Restaurant Style,200 g,250,4.0g,34.0g,11.0g,1.5g,190mg
Chicken McNuggets (6 pcs) - Street Style,50 ml,270,15.0g,16.0g,16.0g,1.0g,500mg
Prawn Noodles - Restaurant Style,250 g,420,20.0g,50.0g,16.0g,1.5g,840mg
Dabeli - Mild,500 g,280,6.0g,42.0g,9.0g,3.5g,490mg
Cabbage - Spicy,100 ml,25,1.3g,5.8g,0.1g,2.5g,18mg
Filet-O-Fish - Street Style,500 g,360,15.0g,38.0g,17.0g,1.5g,660mg
Jowar Roti - Street Style,200 g,200,6.0g,36.0g,3.5g,4.5g,220mg
Prawn Biryani - Home Style,100 g,510,26.0g,64.0g,18.0g,1.5g,880mg
Tandoori Chicken (2 pcs) - Home Style,200 g,480,48.0g,4.0g,30.0g,0g,720mg
Aglio Olio Pasta - Extra Cheese,150 g,340,8.0g,50.0g,11.0g,3.0g,380mg
Butter Cookie (2 pcs),100 ml,95,1.0g,12.0g,5.0g,0.2g,30mg
Jackfruit - Mild,300 g,95,1.7g,23.3g,0.6g,1.5g,2mg
Mutton Curry - Extra Cheese,500 g,500,27.0g,9.0g,40.0g,1.0g,660mg
Dates (Khajoor) - Home Style,250 g,90,0.8g,24.0g,0.2g,2.0g,1mg
Egg Masala - Restaurant Style,100 ml,310,13.0g,12.0g,23.0g,1.5g,520mg
Pecans - Home Style,500 g,200,2.5g,4.0g,21.0g,2.5g,0mg
Cashews (Kaju) - Restaurant Style,300 g,160,5.2g,9.0g,12.0g,1.0g,5mg
Tomato - Spicy,100 g,18,0.9g,3.9g,0.2g,1.2g,5mg
Hot and Sour Soup - Spicy,150 g,95,3.0g,13.0g,3.5g,1.5g,720mg
Vada (2 pieces) - Home Style,200 ml,250,6.0g,28.0g,13.0g,3.0g,450mg
Akki Roti - Extra Cheese,200 ml,220,5.0g,40.0g,4.5g,3.0g,290mg
McSpicy Chicken Burger - Mild,500 g,510,22.0g,46.0g,27.0g,2.0g,890mg
Tangdi Kabab (2 pcs),500 g,440,38.0g,5.0g,29.0g,0.5g,680mg
Flavored Yogurt (Mango),150 g,115,3.0g,19.0g,2.5g,0g,40mg
Masala Chaas - Restaurant Style,100 g,55,2.5g,7.0g,2.0g,0.5g,220mg
Undhiyu - Home Style,150 g,280,6.0g,32.0g,14.0g,8.0g,440mg
Alfredo Pasta - Spicy,100 g,420,12.0g,46.0g,20.0g,2.0g,520mg
Brown Bread (2 slices) - Mild,200 ml,140,6.0g,24.0g,2.0g,3.0g,280mg
Oats Porridge - Home Style,200 g,160,6.0g,28.0g,3.0g,4.0g,40mg
Chicken Club Sandwich - Spicy,200 g,500,26.0g,42.0g,25.0g,2.5g,790mg
Chicken Noodles - Street Style,200 g,440,22.0g,50.0g,17.0g,2.0g,820mg
Farmhouse Pizza (1 slice) - Extra Cheese,150 ml,300,11.0g,36.0g,12.5g,2.5g,580mg
Sambar Vada - Spicy,250 g,310,7.5g,38.0g,14.0g,4.0g,520mg
Idli (2 pieces) - Restaurant Style,250 g,120,4.0g,24.0g,0.5g,2.0g,280mg
Hara Bhara Kabab (4 pcs) - Extra Cheese,150 g,220,6.0g,28.0g,10.0g,4.5g,380mg
Kaju Katli (2 pcs) - Mild,100 g,110,2.0g,14.0g,5.5g,0.2g,10mg
Hung Curd - Home Style,200 ml,120,11.0g,5.0g,6.5g,0g,50mg
Onion - Restaurant Style,150 g,40,1.1g,9.3g,0.1g,1.7g,4mg
French Fries (Medium) - Extra Cheese,200 ml,320,4.5g,41.0g,15.5g,3.5g,190mg
Raspberries,100 g,52,1.2g,12.0g,0.7g,6.5g,1mg
Cauliflower - Spicy,300 g,25,1.9g,5.0g,0.3g,2.0g,30mg
Blackberries - Mild,500 g,43,1.4g,10.0g,0.5g,5.3g,1mg
Curd Rice - Mild,100 g,220,6.0g,38.0g,4.5g,2.0g,310mg
Alfredo Pasta,200 g,420,12.0g,46.0g,20.0g,2.0g,520mg
Egg Sandwich - Mild,500 g,320,14.0g,32.0g,15.0g,2.0g,540mg
Donut (Glazed) - Home Style,300 g,270,4.0g,31.0g,15.0g,1.0g,220mg
Egg Noodles - Home Style,250 g,390,14.0g,52.0g,14.0g,2.0g,780mg
Paneer Sandwich - Extra Cheese,300 g,340,12.0g,36.0g,16.0g,2.0g,520mg
Goan Fish Curry,150 g,330,21.0g,11.0g,22.0g,1.5g,570mg
Lettuce - Mild,150 ml,15,1.4g,2.9g,0.2g,1.3g,28mg
Mutton Rogan Josh - Spicy,300 g,520,28.0g,10.0g,42.0g,1.0g,680mg
Raspberries - Street Style,300 g,52,1.2g,12.0g,0.7g,6.5g,1mg
Cucumber Sandwich - Restaurant Style,150 ml,180,5.0g,30.0g,4.5g,3.0g,310mg
Cinnamon Roll - Extra Cheese,250 g,290,5.0g,42.0g,11.0g,1.5g,250mg
Deluxe Veggie (1 slice) - Spicy,150 g,295,10.5g,36.0g,12.0g,2.8g,590mg
Mutton Rogan Josh - Mild,500 g,520,28.0g,10.0g,42.0g,1.0g,680mg
Macadamia Nuts - Home Style,100 ml,215,2.5g,4.0g,22.5g,2.5g,1mg
Moong Dal Halwa - Home Style,100 g,350,8.0g,45.0g,16.0g,3.0g,40mg
Chicken Noodles,250 g,440,22.0g,50.0g,17.0g,2.0g,820mg
Carrot - Mild,150 g,41,0.9g,9.6g,0.2g,2.8g,69mg
Chicken Pasta - Spicy,50 ml,420,22.0g,48.0g,16.0g,2.5g,590mg
Thepla (1 pc) - Street Style,200 g,110,3.0g,15.0g,4.5g,2.0g,120mg
Palak Paneer - Spicy,250 g,350,14.0g,12.0g,27.0g,4.0g,490mg
Fafda - Restaurant Style,200 g,220,5.0g,28.0g,10.0g,2.0g,480mg
Dahi Puri (6 pieces) - Extra Cheese,100 ml,250,5.5g,36.0g,9.0g,2.5g,380mg
Dates (Khajoor) - Home Style,50 ml,90,0.8g,24.0g,0.2g,2.0g,1mg
Chole Bhature - Extra Cheese,250 g,580,15.0g,78.0g,24.0g,8.0g,890mg
Cottage Cheese (Paneer),50 ml,265,18.0g,6.0g,18.0g,0g,150mg
Banana - Street Style,200 ml,105,1.3g,27.0g,0.4g,3.1g,1mg
Rava Dosa - Extra Cheese,200 ml,290,6.0g,42.0g,10.0g,2.0g,510mg
Tofu (Soft) - Home Style,150 ml,70,7.0g,2.0g,4.0g,0.5g,8mg
Shortbread Cookie - Spicy,100 g,105,1.0g,12.0g,6.0g,0.2g,30mg
Cheese Spread (1 tbsp) - Street Style,200 g,45,2.0g,1.5g,3.5g,0g,120mg
Methi Thepla - Extra Cheese,150 ml,115,3.2g,15.5g,4.8g,2.2g,125mg
Aloo Chaat - Spicy,200 g,220,4.0g,36.0g,7.0g,4.0g,380mg
Peanuts (Roasted) - Extra Cheese,100 g,170,7.5g,6.0g,14.0g,2.5g,90mg
Curd Rice - Home Style,250 g,220,6.0g,38.0g,4.5g,2.0g,310mg
Hara Bhara Kabab (4 pcs) - Mild,500 g,220,6.0g,28.0g,10.0g,4.5g,380mg
Jowar Roti - Restaurant Style,150 ml,200,6.0g,36.0g,3.5g,4.5g,220mg
Sambar Vada - Street Style,50 ml,310,7.5g,38.0g,14.0g,4.0g,520mg
Nalli Nihari - Home Style,50 ml,560,30.0g,8.0g,46.0g,0.5g,780mg
Filet-O-Fish - Street Style,150 ml,360,15.0g,38.0g,17.0g,1.5g,660mg
Broccoli,150 g,34,2.8g,6.6g,0.4g,2.6g,33mg
Donut (Glazed) - Home Style,150 g,270,4.0g,31.0g,15.0g,1.0g,220mg
Garlic Noodles - Street Style,50 ml,350,7.5g,52.0g,12.0g,2.5g,760mg
Pepperoni Pizza (1 slice) - Street Style,300 g,310,14.0g,33.0g,14.0g,1.5g,680mg
Thatte Idli - Home Style,50 ml,200,5.5g,36.0g,4.5g,2.5g,360mg
Palak Paneer - Restaurant Style,100 ml,350,14.0g,12.0g,27.0g,4.0g,490mg
Chocolate Cake (1 slice) - Spicy,150 ml,280,4.0g,38.0g,12.0g,1.0g,200mg
Wonton Soup - Restaurant Style,200 g,140,8.0g,18.0g,4.5g,1.5g,610mg
Bajra Roti - Spicy,300 g,210,6.5g,37.0g,4.0g,5.0g,230mg
Mint Rice - Home Style,100 ml,290,5.5g,48.0g,7.5g,3.0g,460mg
Soy Milk - Extra Cheese,300 g,80,6.0g,8.0g,4.0g,1.0g,120mg
French Fries (Medium) - Spicy,200 g,320,4.5g,41.0g,15.5g,3.5g,190mg
Mysore Pak (1 pc) - Restaurant Style,150 g,130,2.0g,16.0g,6.5g,0.2g,15mg
Steamed Rice - Mild,50 ml,260,5.0g,58.0g,0.5g,1.0g,5mg
Veg Pasta - Extra Cheese,50 ml,330,9.0g,50.0g,10.0g,3.5g,460mg
Poori (2 pieces) - Street Style,250 g,240,4.0g,32.0g,11.0g,1.5g,280mg
Gobi Paratha - Street Style,300 g,320,9.0g,46.0g,11.0g,5.0g,350mg
Egg Noodles - Spicy,100 ml,390,14.0g,52.0g,14.0g,2.0g,780mg
Cheese Garlic Bread - Street Style,50 ml,310,11.0g,34.0g,15.0g,2.0g,520mg
Plain Dosa - Mild,100 g,230,5.0g,38.0g,6.0g,2.5g,420mg
Malai Paneer Tikka - Home Style,150 g,420,15.0g,14.0g,34.0g,1.5g,560mg
Undhiyu - Street Style,200 g,280,6.0g,32.0g,14.0g,8.0g,440mg
Hara Bhara Kabab (4 pcs) - Home Style,300 g,220,6.0g,28.0g,10.0g,4.5g,380mg
Butter Cookie (2 pcs) - Spicy,150 g,95,1.0g,12.0g,5.0g,0.2g,30mg
Misal Pav - Spicy,500 g,380,14.0g,48.0g,16.0g,7.0g,720mg
Capsicum (Yellow) - Home Style,50 ml,27,1.0g,6.3g,0.2g,1.8g,3mg
Honey (1 tbsp) - Home Style,100 g,64,0.1g,17.3g,0g,0g,1mg
Mayonnaise (1 tbsp) - Spicy,250 g,94,0.1g,0.1g,10.0g,0g,90mg
Danish Pastry - Street Style,50 ml,280,4.5g,32.0g,15.0g,1.0g,200mg
Chole Bhature,200 g,580,15.0g,78.0g,24.0g,8.0g,890mg
Prawn Malai Curry,500 g,420,22.0g,10.0g,32.0g,0.5g,560mg
Nutella (1 tbsp) - Street Style,200 ml,100,1.2g,11.0g,5.5g,0.5g,8mg
Poori (2 pieces) - Restaurant Style,100 ml,240,4.0g,32.0g,11.0g,1.5g,280mg
Chicken Club Sandwich - Spicy,150 ml,500,26.0g,42.0g,25.0g,2.5g,790mg
Poori (2 pieces) - Street Style,150 ml,240,4.0g,32.0g,11.0g,1.5g,280mg
Haryali Tikka - Street Style,300 g,400,40.0g,10.0g,23.0g,1.0g,660mg
Mozzarella Cheese,300 g,85,6.0g,1.0g,6.0g,0g,140mg
McSpicy Paneer Burger - Spicy,100 g,470,14.0g,48.0g,24.0g,2.5g,820mg
Schezwan Noodles - Restaurant Style,150 ml,380,8.0g,56.0g,13.0g,3.5g,880mg
Misal Pav,150 ml,380,14.0g,48.0g,16.0g,7.0g,720mg
McFlurry Oreo - Mild,500 g,340,7.0g,48.0g,13.0g,1.0g,140mg
Steamed Rice - Extra Cheese,200 ml,260,5.0g,58.0g,0.5g,1.0g,5mg
Raj Kachori - Spicy,150 ml,350,7.0g,48.0g,15.0g,4.5g,520mg
Blueberries - Home Style,500 g,57,0.7g,14.5g,0.3g,2.4g,1mg
Patra - Home Style,200 ml,170,3.0g,28.0g,5.5g,3.0g,410mg
Mushroom Pulao - Spicy,100 g,300,7.0g,50.0g,8.0g,3.5g,440mg
Poha,50 ml,210,4.5g,38.0g,5.0g,3.5g,320mg
Curd Rice - Mild,500 g,220,6.0g,38.0g,4.5g,2.0g,310mg
Deluxe Veggie (1 slice) - Street Style,50 ml,295,10.5g,36.0g,12.0g,2.8g,590mg
Apricots (Dried) - Mild,200 g,70,1.0g,18.0g,0.1g,2.0g,2mg
Nalli Nihari - Spicy,500 g,560,30.0g,8.0g,46.0g,0.5g,780mg
Grilled Chicken Sandwich - Extra Cheese,500 g,380,24.0g,34.0g,16.0g,2.5g,680mg
Mayonnaise (1 tbsp) - Extra Cheese,100 ml,94,0.1g,0.1g,10.0g,0g,90mg
Pad Thai Noodles - Restaurant Style,200 g,400,10.0g,58.0g,15.0g,3.0g,690mg
BBQ Chicken Pizza (1 slice) - Spicy,500 g,350,16.0g,34.0g,17.0g,1.5g,740mg
Mushroom Pulao - Extra Cheese,50 ml,300,7.0g,50.0g,8.0g,3.5g,440mg
Chilli Chicken - Street Style,500 g,450,28.0g,24.0g,28.0g,1.5g,860mg
Chow Mein - Extra Cheese,100 g,360,8.5g,50.0g,14.0g,3.0g,750mg
Capsicum (Red) - Street Style,100 g,31,1.0g,6.0g,0.3g,2.1g,4mg
Schezwan Fried Rice - Spicy,200 ml,440,9.0g,64.0g,15.0g,3.5g,890mg
Peanut Butter (1 tbsp),500 g,95,4.0g,3.5g,8.0g,1.0g,65mg
Ghee Rice,100 ml,320,4.0g,50.0g,11.0g,1.0g,310mg
Rajma Masala - Spicy,300 g,260,12.0g,32.0g,9.0g,8.0g,490mg
Misal Pav,100 g,380,14.0g,48.0g,16.0g,7.0g,720mg
Kachori (1 pc) - Spicy,200 g,260,5.0g,30.0g,13.0g,2.5g,340mg
Matar Pulao - Home Style,200 ml,290,7.5g,52.0g,6.0g,3.5g,400mg
Haryali Tikka - Spicy,200 ml,400,40.0g,10.0g,23.0g,1.0g,660mg
Mayonnaise (1 tbsp),200 ml,94,0.1g,0.1g,10.0g,0g,90mg
Butter Chicken - Spicy,50 ml,485,22.4g,12.6g,38.2g,1.8g,720mg
Sunflower Seeds - Mild,300 g,175,6.0g,6.0g,15.5g,3.0g,2mg
Milk (Full Fat),150 ml,124,6.4g,9.6g,7.0g,0g,100mg
Danish Pastry - Extra Cheese,200 g,280,4.5g,32.0g,15.0g,1.0g,200mg
Cherries - Restaurant Style,300 g,50,1.0g,12.0g,0.3g,1.6g,0mg
Milk (Toned) - Home Style,500 g,100,6.6g,9.8g,4.4g,0g,110mg
Bhel Puri - Spicy,200 ml,210,4.0g,40.0g,5.0g,3.5g,340mg
Paneer Sandwich - Spicy,200 g,340,12.0g,36.0g,16.0g,2.0g,520mg
Brownie (1 piece) - Home Style,200 g,220,2.5g,28.0g,11.0g,1.0g,100mg
Cashews (Kaju) - Extra Cheese,150 g,160,5.2g,9.0g,12.0g,1.0g,5mg
Prawn Noodles - Extra Cheese,200 g,420,20.0g,50.0g,16.0g,1.5g,840mg
Milk (Skimmed) - Extra Cheese,250 g,68,6.8g,9.8g,0.4g,0g,120mg
Andhra Chicken Curry - Home Style,200 ml,390,25.0g,9.0g,28.0g,1.5g,740mg
Egg Bhurji - Restaurant Style,250 g,210,14.0g,4.0g,15.0g,0.5g,420mg
Cheese Spread (1 tbsp) - Spicy,150 g,45,2.0g,1.5g,3.5g,0g,120mg
Mango - Home Style,500 g,90,1.4g,22.0g,0.5g,2.6g,1mg
Kesari Bath,200 ml,350,3.0g,62.0g,10.0g,1.0g,15mg
Ghee Rice - Extra Cheese,200 ml,320,4.0g,50.0g,11.0g,1.0g,310mg
Chia Seeds - Extra Cheese,100 ml,70,2.5g,6.0g,4.5g,5.0g,2mg
Fig (Fresh) - Mild,50 ml,37,0.4g,9.6g,0.2g,1.4g,1mg
Raspberries - Street Style,100 g,52,1.2g,12.0g,0.7g,6.5g,1mg
Farmhouse Pizza (1 slice) - Home Style,150 ml,300,11.0g,36.0g,12.5g,2.5g,580mg
Hot and Sour Soup - Home Style,100 ml,95,3.0g,13.0g,3.5g,1.5g,720mg
Okra (Bhindi) - Restaurant Style,50 ml,33,1.9g,7.5g,0.2g,3.2g,7mg
Kadhi Pakora - Street Style,100 g,300,10.0g,28.0g,16.0g,3.0g,580mg
Chow Mein - Restaurant Style,250 g,360,8.5g,50.0g,14.0g,3.0g,750mg
Apple - Mild,250 g,78,0.4g,20.8g,0.2g,3.6g,1mg
Alfredo Pasta - Mild,100 ml,420,12.0g,46.0g,20.0g,2.0g,520mg
Rye Bread (2 slices) - Restaurant Style,150 g,150,5.5g,28.0g,2.0g,4.0g,310mg
Shami Kabab (4 pcs) - Mild,150 g,380,22.0g,16.0g,25.0g,2.0g,540mg
Bhindi Masala - Spicy,100 ml,160,3.0g,14.0g,10.0g,4.5g,380mg
Kesari Bath - Restaurant Style,200 g,350,3.0g,62.0g,10.0g,1.0g,15mg
Fish Biryani - Restaurant Style,300 g,500,28.0g,63.0g,17.0g,1.5g,860mg
Poha - Mild,50 ml,210,4.5g,38.0g,5.0g,3.5g,320mg
Croissant - Restaurant Style,250 g,230,4.5g,26.0g,12.0g,1.5g,210mg
Egg Bhurji - Restaurant Style,100 g,210,14.0g,4.0g,15.0g,0.5g,420mg
McChicken Burger,300 g,450,16.0g,44.0g,22.0g,2.0g,780mg
Pesto Pasta - Spicy,250 g,400,10.0g,44.0g,21.0g,4.0g,360mg
Pine Nuts - Home Style,50 ml,190,4.0g,4.0g,19.0g,1.5g,1mg
Khandvi (4 pcs) - Mild,100 g,150,5.0g,24.0g,4.0g,2.0g,380mg
Cherries - Spicy,50 ml,50,1.0g,12.0g,0.3g,1.6g,0mg
Greek Yogurt - Extra Cheese,50 ml,100,10.0g,4.0g,5.0g,0g,35mg
Paneer Biryani,200 ml,520,14.0g,68.0g,20.0g,4.0g,780mg
Veg Korma - Extra Cheese,200 ml,340,7.0g,24.0g,25.0g,4.0g,480mg
Cashews (Kaju),250 g,160,5.2g,9.0g,12.0g,1.0g,5mg
Pink Sauce Pasta - Street Style,50 ml,350,9.5g,50.0g,12.0g,3.0g,470mg
Tofu Butter Masala - Mild,300 g,400,14.0g,14.0g,32.0g,3.5g,590mg
Brownie (1 piece) - Street Style,100 ml,220,2.5g,28.0g,11.0g,1.0g,100mg
Pineapple Cake (1 slice) - Home Style,100 g,260,3.0g,38.0g,10.0g,0.8g,170mg
Rasgulla (2 pcs) - Restaurant Style,250 g,150,4.0g,28.0g,2.5g,0g,35mg
Paper Dosa - Restaurant Style,500 g,350,7.0g,52.0g,12.0g,3.0g,530mg
Tandoori Chicken (2 pcs),100 ml,480,48.0g,4.0g,30.0g,0g,720mg
McVeggie Burger - Restaurant Style,100 ml,380,9.0g,46.0g,17.0g,3.0g,680mg
Seekh Kabab (4 pcs) - Street Style,150 g,340,24.0g,8.0g,24.0g,2.0g,520mg
Maharaja Mac Veg - Street Style,300 g,520,16.0g,54.0g,27.0g,4.0g,920mg
Dal Baati Churma - Street Style,300 g,650,18.0g,88.0g,24.0g,10.0g,580mg
Mac and Cheese - Spicy,150 g,410,14.0g,48.0g,18.0g,1.5g,560mg
Avocado,200 ml,160,2.0g,8.5g,14.7g,6.7g,7mg
Tofu Palak - Spicy,150 g,300,16.0g,12.0g,22.0g,4.5g,510mg
Chole Masala - Extra Cheese,250 g,280,11.0g,30.0g,12.0g,7.0g,520mg
Sabudana Vada - Extra Cheese,500 g,230,4.0g,38.0g,7.0g,2.5g,340mg
Galouti Kabab (4 pcs),500 g,420,18.0g,14.0g,32.0g,1.5g,480mg
Pumpkin - Home Style,150 ml,26,1.0g,6.5g,0.1g,0.5g,1mg
Payasam - Spicy,100 g,210,5.0g,38.0g,5.0g,0.5g,55mg
Tandoori Chicken (2 pcs) - Restaurant Style,250 g,480,48.0g,4.0g,30.0g,0g,720mg
Gujarati Dal - Extra Cheese,300 g,200,8.0g,28.0g,6.0g,5.0g,440mg
Nutella (1 tbsp) - Mild,50 ml,100,1.2g,11.0g,5.5g,0.5g,8mg
Celery - Spicy,50 ml,16,0.7g,3.0g,0.2g,1.6g,80mg
Red Sauce Pasta - Extra Cheese,100 ml,310,9.0g,52.0g,8.0g,4.0g,490mg
Tomato Rice - Restaurant Style,300 g,270,5.0g,50.0g,5.0g,2.5g,490mg
Cucumber Sandwich - Street Style,250 g,180,5.0g,30.0g,4.5g,3.0g,310mg
Butter (1 tbsp) - Home Style,100 ml,102,0.1g,0g,11.5g,0g,1mg
Chicken Biryani,500 g,520,28.0g,65.0g,18.0g,2.0g,890mg
Dal Makhani - Spicy,150 ml,320,12.0g,28.0g,18.0g,6.0g,480mg
Kesari Bath - Spicy,250 g,350,3.0g,62.0g,10.0g,1.0g,15mg
Ghee Rice - Street Style,250 g,320,4.0g,50.0g,11.0g,1.0g,310mg
Chicken Noodles - Home Style,200 ml,440,22.0g,50.0g,17.0g,2.0g,820mg
Chow Mein - Home Style,500 g,360,8.5g,50.0g,14.0g,3.0g,750mg
Milk (Skimmed) - Mild,500 g,68,6.8g,9.8g,0.4g,0g,120mg
Paneer Sandwich - Restaurant Style,150 ml,340,12.0g,36.0g,16.0g,2.0g,520mg
Almond Milk - Spicy,300 g,60,2.0g,8.0g,2.5g,1.0g,150mg
Egg Curry - Street Style,150 g,290,12.0g,10.0g,22.0g,1.5g,490mg
Ghee Rice - Restaurant Style,250 g,320,4.0g,50.0g,11.0g,1.0g,310mg
Patra - Restaurant Style,150 ml,170,3.0g,28.0g,5.5g,3.0g,410mg
Paneer Tikka Masala,500 g,460,15.0g,16.0g,38.0g,2.5g,680mg
Egg Sandwich - Mild,150 ml,320,14.0g,32.0g,15.0g,2.0g,540mg
Deluxe Veggie (1 slice) - Home Style,150 g,295,10.5g,36.0g,12.0g,2.8g,590mg
Bhel Puri - Home Style,300 g,210,4.0g,40.0g,5.0g,3.5g,340mg
Chicken Curry,250 g,380,26.0g,8.0g,27.0g,1.0g,620mg
Veg Noodle Soup - Restaurant Style,200 g,120,4.0g,18.0g,3.5g,2.0g,580mg
Onion - Extra Cheese,300 g,40,1.1g,9.3g,0.1g,1.7g,4mg
Star Fruit,200 ml,28,0.9g,6.0g,0.3g,2.5g,2mg
Cheese Pizza (1 slice) - Spicy,200 ml,300,11.5g,35.0g,13.0g,1.8g,560mg
Pumpkin Seeds - Restaurant Style,200 ml,160,8.0g,4.0g,13.5g,1.5g,5mg
Soya Pulao - Restaurant Style,100 ml,310,12.0g,48.0g,8.0g,4.0g,480mg
Kaju Katli (2 pcs) - Spicy,50 ml,110,2.0g,14.0g,5.5g,0.2g,10mg
Manchow Soup,100 g,90,3.0g,12.0g,3.5g,1.5g,680mg
Tofu (Firm) - Home Style,200 g,145,15.0g,4.0g,8.0g,2.0g,10mg
Guava - Restaurant Style,200 ml,68,2.6g,14.3g,1.0g,5.4g,2mg
Bitter Gourd - Restaurant Style,200 g,17,1.0g,3.7g,0.2g,2.8g,5mg
French Beans,100 ml,31,1.8g,7.0g,0.1g,3.4g,6mg
White Bread (2 slices),100 ml,160,5.0g,28.0g,2.5g,1.0g,300mg
Fig (Fresh),50 ml,37,0.4g,9.6g,0.2g,1.4g,1mg
Reshmi Kabab (4 pcs) - Mild,200 g,400,28.0g,6.0g,29.0g,0.5g,560mg
Mexican Green Wave (1 slice) - Street Style,500 g,280,9.0g,34.0g,12.0g,3.0g,540mg
Honeydew - Spicy,200 g,55,0.8g,14.0g,0.2g,1.2g,18mg
Apple - Restaurant Style,200 g,78,0.4g,20.8g,0.2g,3.6g,1mg
Walnuts (Akhrot) - Spicy,150 ml,196,4.5g,4.0g,19.5g,2.0g,1mg
Capsicum (Green) - Home Style,250 g,20,0.9g,4.6g,0.2g,1.7g,3mg
Greek Yogurt - Restaurant Style,200 g,100,10.0g,4.0g,5.0g,0g,35mg
Macadamia Nuts - Mild,150 g,215,2.5g,4.0g,22.5g,2.5g,1mg
Jowar Roti - Home Style,100 ml,200,6.0g,36.0g,3.5g,4.5g,220mg
Galouti Kabab (4 pcs) - Street Style,150 g,420,18.0g,14.0g,32.0g,1.5g,480mg
Matar Paneer - Extra Cheese,100 ml,380,12.0g,16.0g,29.0g,3.5g,540mg
Blueberries - Street Style,100 ml,57,0.7g,14.5g,0.3g,2.4g,1mg
Chicken Curry - Mild,300 g,380,26.0g,8.0g,27.0g,1.0g,620mg
Chilli Paneer (Gravy) - Mild,250 g,390,13.0g,26.0g,26.0g,3.0g,740mg
Set Dosa (3 pcs),200 ml,340,8.0g,54.0g,9.0g,4.0g,560mg
Bottle Gourd - Extra Cheese,300 g,14,0.6g,3.4g,0.1g,0.6g,2mg
Grilled Chicken Sandwich - Mild,150 ml,380,24.0g,34.0g,16.0g,2.5g,680mg
Poha - Mild,300 g,210,4.5g,38.0g,5.0g,3.5g,320mg
Fish Curry - Street Style,150 ml,340,22.0g,10.0g,23.0g,1.5g,540mg
Dhokla (4 pcs) - Street Style,250 g,180,6.0g,28.0g,5.0g,2.5g,420mg
Shortbread Cookie,100 ml,105,1.0g,12.0g,6.0g,0.2g,30mg
Chia Seeds - Spicy,500 g,70,2.5g,6.0g,4.5g,5.0g,2mg
Manchow Soup - Street Style,150 g,90,3.0g,12.0g,3.5g,1.5g,680mg
Raspberries - Street Style,300 g,52,1.2g,12.0g,0.7g,6.5g,1mg
Sev Puri (6 pieces) - Extra Cheese,200 g,220,4.0g,34.0g,8.0g,2.5g,350mg
Brown Bread (2 slices) - Home Style,250 g,140,6.0g,24.0g,2.0g,3.0g,280mg
Maharaja Mac Chicken - Home Style,300 g,580,28.0g,52.0g,30.0g,3.0g,980mg
Jalebi (2 pcs) - Mild,100 g,180,2.0g,30.0g,6.0g,0.5g,40mg
McVeggie Wrap - Home Style,250 g,420,11.0g,48.0g,20.0g,4.0g,720mg
Poori (2 pieces),50 ml,240,4.0g,32.0g,11.0g,1.5g,280mg
Payasam - Extra Cheese,500 g,210,5.0g,38.0g,5.0g,0.5g,55mg
Apricot - Extra Cheese,100 g,17,0.5g,3.9g,0.1g,0.7g,0mg
Banana - Extra Cheese,150 ml,105,1.3g,27.0g,0.4g,3.1g,1mg
Mutton Biryani - Home Style,250 g,580,32.0g,62.0g,22.0g,1.5g,920mg
Muskmelon,50 ml,51,1.3g,12.0g,0.3g,1.1g,16mg
Mango Lassi - Restaurant Style,100 g,180,3.5g,32.0g,4.5g,0.5g,75mg
Kanchipuram Idli - Mild,150 ml,210,5.0g,34.0g,6.0g,2.0g,380mg
Bourbon Biscuit (2 pcs) - Home Style,500 g,90,1.0g,12.0g,4.5g,0.5g,35mg
Plain Dosa - Extra Cheese,150 ml,230,5.0g,38.0g,6.0g,2.5g,420mg
Apricot - Spicy,300 g,17,0.5g,3.9g,0.1g,0.7g,0mg
Chole Bhature - Mild,100 ml,580,15.0g,78.0g,24.0g,8.0g,890mg
Deluxe Veggie (1 slice) - Spicy,300 g,295,10.5g,36.0g,12.0g,2.8g,590mg
Panchmel Dal,50 ml,240,10.0g,27.0g,10.5g,5.5g,470mg
Payasam - Mild,100 ml,210,5.0g,38.0g,5.0g,0.5g,55mg
Vanilla Cake (1 slice) - Spicy,150 g,220,3.0g,32.0g,9.0g,0.5g,180mg
Salty Lassi - Extra Cheese,150 ml,120,4.0g,20.0g,3.0g,0g,260mg
Tandoori Paneer Tikka,200 g,380,16.0g,12.0g,30.0g,2.0g,540mg
Onion - Spicy,50 ml,40,1.1g,9.3g,0.1g,1.7g,4mg
Rava Idli - Restaurant Style,150 g,190,4.5g,32.0g,5.0g,1.5g,350mg
Prawn Biryani - Restaurant Style,50 ml,510,26.0g,64.0g,18.0g,1.5g,880mg
Muffin (Blueberry) - Spicy,500 g,240,3.5g,36.0g,9.0g,1.5g,180mg
Mexican Green Wave (1 slice) - Home Style,200 g,280,9.0g,34.0g,12.0g,3.0g,540mg
Chikki (Peanut Brittle) - Street Style,150 ml,140,4.0g,18.0g,6.0g,1.5g,15mg
Malai Kofta - Street Style,500 g,520,10.0g,38.0g,36.0g,5.0g,480mg
Cheese Pizza (1 slice) - Restaurant Style,200 g,300,11.5g,35.0g,13.0g,1.8g,560mg
Handvo - Street Style,100 g,210,7.0g,32.0g,7.0g,4.0g,390mg
McFlurry Oreo,500 g,340,7.0g,48.0g,13.0g,1.0g,140mg
Oreo (2 pcs),250 g,110,1.0g,16.0g,5.0g,0.5g,75mg
Buttermilk (Chaas) - Street Style,500 g,50,2.5g,6.0g,2.0g,0g,180mg
Chicken Dim Sums - Spicy,200 g,240,14.0g,28.0g,8.0g,1.5g,420mg
Peanuts (Raw) - Extra Cheese,100 ml,160,7.0g,5.0g,14.0g,2.5g,5mg
Medu Vada,100 g,270,6.5g,30.0g,14.0g,3.5g,480mg
Cauliflower - Restaurant Style,100 g,25,1.9g,5.0g,0.3g,2.0g,30mg
Digestive Biscuit (2 pcs) - Restaurant Style,50 ml,95,1.5g,13.0g,4.0g,1.0g,60mg
Chole Bhature - Home Style,100 g,580,15.0g,78.0g,24.0g,8.0g,890mg
Paneer Tikka Masala - Street Style,150 ml,460,15.0g,16.0g,38.0g,2.5g,680mg
Sourdough (2 slices) - Mild,500 g,180,6.0g,34.0g,1.5g,1.5g,340mg
Chicken Korma - Street Style,100 ml,440,24.0g,16.0g,31.0g,1.5g,650mg
Gatte ki Sabzi - Restaurant Style,200 ml,260,8.0g,20.0g,16.0g,4.0g,520mg
Navratna Korma - Home Style,150 g,380,8.0g,22.0g,30.0g,4.5g,520mg
Chilli Paneer (Dry) - Restaurant Style,300 g,420,14.0g,28.0g,28.0g,3.0g,720mg
Focaccia - Spicy,150 g,230,6.5g,38.0g,6.0g,2.0g,370mg
Chicken McNuggets (6 pcs) - Restaurant Style,100 ml,270,15.0g,16.0g,16.0g,1.0g,500mg
Chikki (Peanut Brittle) - Extra Cheese,150 ml,140,4.0g,18.0g,6.0g,1.5g,15mg
Kadai Chicken - Street Style,150 ml,420,27.0g,12.0g,30.0g,1.5g,690mg
McChicken Wrap - Street Style,250 g,480,18.0g,46.0g,25.0g,2.5g,790mg
Mango Lassi,100 ml,180,3.5g,32.0g,4.5g,0.5g,75mg
Dim Sums (4 pcs) - Mild,200 g,210,8.0g,30.0g,6.0g,2.0g,380mg
Hazelnuts,300 g,176,4.5g,5.0g,17.0g,3.0g,0mg
Veg Pulao,300 g,280,6.0g,52.0g,5.5g,3.0g,410mg
Celery,50 ml,16,0.7g,3.0g,0.2g,1.6g,80mg
Honeydew - Extra Cheese,500 g,55,0.8g,14.0g,0.2g,1.2g,18mg
Peanut Butter (1 tbsp) - Extra Cheese,300 g,95,4.0g,3.5g,8.0g,1.0g,65mg
French Toast - Restaurant Style,150 g,310,9.0g,32.0g,16.0g,1.0g,350mg
Aglio Olio Pasta - Restaurant Style,200 g,340,8.0g,50.0g,11.0g,3.0g,380mg
Mozzarella Cheese - Extra Cheese,50 ml,85,6.0g,1.0g,6.0g,0g,140mg
Brinjal (Eggplant) - Extra Cheese,50 ml,25,1.0g,5.9g,0.2g,3.0g,2mg
Whole Wheat Bread (2 slices) - Restaurant Style,250 g,145,6.0g,26.0g,2.0g,4.0g,290mg
McEgg Burger - Spicy,150 g,350,13.0g,40.0g,16.0g,2.0g,590mg
Chicken Vindaloo - Restaurant Style,150 g,420,24.0g,12.0g,30.0g,1.5g,820mg
Sambar Vada - Home Style,150 g,310,7.5g,38.0g,14.0g,4.0g,520mg
Veg Noodles - Street Style,200 ml,320,8.0g,52.0g,8.5g,3.0g,680mg
Mint Rice - Mild,200 g,290,5.5g,48.0g,7.5g,3.0g,460mg
McSpicy Paneer Burger - Spicy,250 g,470,14.0g,48.0g,24.0g,2.5g,820mg
Capsicum (Green) - Extra Cheese,250 g,20,0.9g,4.6g,0.2g,1.7g,3mg
Okra (Bhindi) - Restaurant Style,150 ml,33,1.9g,7.5g,0.2g,3.2g,7mg
Whole Wheat Bread (2 slices) - Home Style,200 ml,145,6.0g,26.0g,2.0g,4.0g,290mg
Cherries - Spicy,500 g,50,1.0g,12.0g,0.3g,1.6g,0mg
Prawn Dim Sums - Extra Cheese,200 g,230,13.0g,28.0g,8.0g,1.0g,440mg
Focaccia - Spicy,150 g,230,6.5g,38.0g,6.0g,2.0g,370mg
Sweet Potato - Extra Cheese,50 ml,86,1.6g,20.1g,0.1g,3.0g,55mg
Muffin (Chocolate) - Restaurant Style,300 g,250,4.0g,34.0g,11.0g,1.5g,190mg
Shami Kabab (4 pcs) - Extra Cheese,100 ml,380,22.0g,16.0g,25.0g,2.0g,540mg
Soft Serve Cone - Mild,200 ml,150,3.5g,24.0g,4.5g,0g,80mg
Oreo (2 pcs),500 g,110,1.0g,16.0g,5.0g,0.5g,75mg
Cranberries - Home Style,500 g,46,0.4g,12.0g,0.1g,4.6g,2mg
Cottage Cheese (Paneer) - Spicy,500 g,265,18.0g,6.0g,18.0g,0g,150mg
Tandoori Paneer Tikka - Street Style,150 ml,380,16.0g,12.0g,30.0g,2.0g,540mg
Thepla (1 pc) - Home Style,200 g,110,3.0g,15.0g,4.5g,2.0g,120mg
Avocado - Street Style,200 ml,160,2.0g,8.5g,14.7g,6.7g,7mg
Chicken Vindaloo - Home Style,150 g,420,24.0g,12.0g,30.0g,1.5g,820mg
Egg Noodles - Spicy,300 g,390,14.0g,52.0g,14.0g,2.0g,780mg
Soy Milk - Extra Cheese,100 ml,80,6.0g,8.0g,4.0g,1.0g,120mg
Salty Lassi - Spicy,500 g,120,4.0g,20.0g,3.0g,0g,260mg
Bhel Puri - Extra Cheese,50 ml,210,4.0g,40.0g,5.0g,3.5g,340mg
Veg Korma - Restaurant Style,100 ml,340,7.0g,24.0g,25.0g,4.0g,480mg
Onion - Extra Cheese,200 ml,40,1.1g,9.3g,0.1g,1.7g,4mg
Ghee Rice - Spicy,100 g,320,4.0g,50.0g,11.0g,1.0g,310mg
Raspberries - Home Style,100 ml,52,1.2g,12.0g,0.7g,6.5g,1mg
Paneer Do Pyaza - Street Style,200 g,430,13.0g,18.0g,34.0g,3.0g,590mg
Orange - Street Style,150 g,62,1.2g,15.4g,0.2g,3.1g,0mg
McFlurry Oreo - Extra Cheese,500 g,340,7.0g,48.0g,13.0g,1.0g,140mg
Prunes - Street Style,200 g,70,0.8g,18.5g,0.1g,2.0g,1mg
Handvo,150 ml,210,7.0g,32.0g,7.0g,4.0g,390mg
Haryali Tikka,250 g,400,40.0g,10.0g,23.0g,1.0g,660mg
Prawn Noodles - Spicy,300 g,420,20.0g,50.0g,16.0g,1.5g,840mg
Soft Serve Cone,150 ml,150,3.5g,24.0g,4.5g,0g,80mg
Banana - Street Style,300 g,105,1.3g,27.0g,0.4g,3.1g,1mg
Prawn Dim Sums,50 ml,230,13.0g,28.0g,8.0g,1.0g,440mg
Sunflower Seeds - Home Style,200 ml,175,6.0g,6.0g,15.5g,3.0g,2mg
Salted Butter (1 tbsp) - Restaurant Style,200 ml,102,0.1g,0g,11.5g,0g,90mg
Muskmelon - Mild,150 g,51,1.3g,12.0g,0.3g,1.1g,16mg
Hyderabadi Biryani - Restaurant Style,500 g,620,30.0g,70.0g,24.0g,2.5g,980mg
Tuna Sandwich - Extra Cheese,200 g,380,22.0g,34.0g,18.0g,2.0g,620mg
Passion Fruit - Restaurant Style,250 g,17,0.4g,4.2g,0.1g,1.8g,5mg
Shahi Paneer - Home Style,150 ml,490,13.0g,14.0g,42.0g,2.5g,560mg
Hara Bhara Kabab (4 pcs),100 g,220,6.0g,28.0g,10.0g,4.5g,380mg
Paneer Butter Masala - Street Style,200 g,450,14.5g,14.0g,36.0g,2.5g,650mg
Navratna Korma - Restaurant Style,100 ml,380,8.0g,22.0g,30.0g,4.5g,520mg
Capsicum (Green) - Mild,100 ml,20,0.9g,4.6g,0.2g,1.7g,3mg
Almonds (Badam) - Spicy,200 ml,173,6.0g,6.0g,15.0g,3.5g,0mg
Raj Kachori - Mild,250 g,350,7.0g,48.0g,15.0g,4.5g,520mg
French Beans - Home Style,150 ml,31,1.8g,7.0g,0.1g,3.4g,6mg
Egg Masala - Extra Cheese,50 ml,310,13.0g,12.0g,23.0g,1.5g,520mg
Pine Nuts - Home Style,500 g,190,4.0g,4.0g,19.0g,1.5g,1mg
Chilli Paneer (Gravy) - Extra Cheese,100 ml,390,13.0g,26.0g,26.0g,3.0g,740mg
Focaccia - Street Style,250 g,230,6.5g,38.0g,6.0g,2.0g,370mg
Chicken Noodles,250 g,440,22.0g,50.0g,17.0g,2.0g,820mg
Vanilla Cake (1 slice) - Street Style,200 ml,220,3.0g,32.0g,9.0g,0.5g,180mg
Aloo Chaat - Mild,200 ml,220,4.0g,36.0g,7.0g,4.0g,380mg
Rava Dosa - Extra Cheese,150 ml,290,6.0g,42.0g,10.0g,2.0g,510mg
Haryali Tikka - Restaurant Style,300 g,400,40.0g,10.0g,23.0g,1.0g,660mg
Tandoori Chicken (2 pcs) - Street Style,200 ml,480,48.0g,4.0g,30.0g,0g,720mg
Peach - Restaurant Style,100 g,51,1.2g,12.4g,0.3g,2.0g,0mg
Methi Thepla - Restaurant Style,500 g,115,3.2g,15.5g,4.8g,2.2g,125mg
BLT Sandwich - Street Style,500 g,430,18.0g,36.0g,24.0g,2.5g,760mg
Moong Dal Halwa - Mild,250 g,350,8.0g,45.0g,16.0g,3.0g,40mg
Cheese N Corn Pizza (1 slice) - Restaurant Style,200 g,290,10.0g,34.0g,13.0g,2.0g,550mg
Cucumber Sandwich - Mild,200 ml,180,5.0g,30.0g,4.5g,3.0g,310mg
Soy Milk,500 g,80,6.0g,8.0g,4.0g,1.0g,120mg
Aloo Matar - Restaurant Style,250 g,190,4.5g,20.0g,10.0g,4.0g,410mg
Chilli Paneer (Dry),50 ml,420,14.0g,28.0g,28.0g,3.0g,720mg
McFlurry Oreo - Spicy,100 ml,340,7.0g,48.0g,13.0g,1.0g,140mg
Brazil Nuts - Restaurant Style,50 ml,195,4.0g,3.5g,19.5g,2.0g,1mg
Soan Papdi (2 pcs) - Restaurant Style,500 g,100,1.5g,12.0g,5.5g,0.2g,10mg
Soft Serve Cone - Spicy,500 g,150,3.5g,24.0g,4.5g,0g,80mg
Makki di Roti - Restaurant Style,200 ml,240,6.5g,38.0g,7.0g,5.0g,260mg
Hide & Seek (2 pcs) - Mild,200 g,105,1.5g,14.0g,5.0g,0.5g,35mg
Kiwi - Restaurant Style,150 g,61,1.1g,14.7g,0.5g,3.0g,3mg
Hide & Seek (2 pcs),100 ml,105,1.5g,14.0g,5.0g,0.5g,35mg
Apricots (Dried) - Home Style,250 g,70,1.0g,18.0g,0.1g,2.0g,2mg
Veg Noodles - Restaurant Style,300 g,320,8.0g,52.0g,8.5g,3.0g,680mg
McChicken Burger,100 g,450,16.0g,44.0g,22.0g,2.0g,780mg
Sourdough (2 slices) - Spicy,50 ml,180,6.0g,34.0g,1.5g,1.5g,340mg
Schezwan Noodles,250 g,380,8.0g,56.0g,13.0g,3.5g,880mg
Tofu (Soft) - Home Style,250 g,70,7.0g,2.0g,4.0g,0.5g,8mg
Capsicum (Green) - Extra Cheese,50 ml,20,0.9g,4.6g,0.2g,1.7g,3mg
Brazil Nuts - Extra Cheese,50 ml,195,4.0g,3.5g,19.5g,2.0g,1mg
McSpicy Chicken Burger - Extra Cheese,300 g,510,22.0g,46.0g,27.0g,2.0g,890mg
Mutton Korma - Mild,50 ml,540,26.0g,14.0g,43.0g,1.0g,640mg
Navratna Korma - Street Style,250 g,380,8.0g,22.0g,30.0g,4.5g,520mg
Kadhi Pakora - Restaurant Style,200 g,300,10.0g,28.0g,16.0g,3.0g,580mg
BLT Sandwich - Extra Cheese,100 ml,430,18.0g,36.0g,24.0g,2.5g,760mg
Egg Noodles,100 g,390,14.0g,52.0g,14.0g,2.0g,780mg
Kolkata Biryani - Home Style,100 ml,560,24.0g,72.0g,20.0g,2.5g,890mg
Pongal - Home Style,200 ml,340,8.0g,58.0g,8.5g,3.0g,420mg
Prawn Fried Rice - Extra Cheese,200 g,440,18.0g,58.0g,15.0g,1.5g,790mg
Black Forest Cake (1 slice) - Restaurant Style,500 g,330,4.0g,44.0g,15.5g,1.0g,210mg
Tofu Palak - Home Style,300 g,300,16.0g,12.0g,22.0g,4.5g,510mg
Tofu (Firm) - Spicy,150 ml,145,15.0g,4.0g,8.0g,2.0g,10mg
Prawn Dim Sums - Mild,300 g,230,13.0g,28.0g,8.0g,1.0g,440mg
Semiya Upma - Restaurant Style,100 ml,240,5.0g,42.0g,5.5g,2.5g,410mg
Butter Cookie (2 pcs),100 ml,95,1.0g,12.0g,5.0g,0.2g,30mg
Samosa (1 pc) - Home Style,300 g,210,3.5g,24.0g,11.0g,2.0g,290mg
Pumpkin Seeds - Street Style,500 g,160,8.0g,4.0g,13.5g,1.5g,5mg
Tofu Korma - Mild,500 g,340,14.0g,20.0g,24.0g,3.0g,540mg
Cottage Cheese (Paneer),200 ml,265,18.0g,6.0g,18.0g,0g,150mg
Fish Biryani,200 ml,500,28.0g,63.0g,17.0g,1.5g,860mg
Gajar Ka Halwa - Spicy,250 g,260,4.0g,38.0g,10.0g,2.5g,50mg
Schezwan Fried Rice - Home Style,200 g,440,9.0g,64.0g,15.0g,3.5g,890mg
Set Dosa (3 pcs) - Restaurant Style,300 g,340,8.0g,54.0g,9.0g,4.0g,560mg
Veg Pasta - Spicy,500 g,330,9.0g,50.0g,10.0g,3.5g,460mg
Aglio Olio Pasta - Restaurant Style,100 g,340,8.0g,50.0g,11.0g,3.0g,380mg
Afghani Chaap,200 g,420,24.0g,16.0g,30.0g,3.5g,540mg
Shami Kabab (4 pcs) - Street Style,200 g,380,22.0g,16.0g,25.0g,2.0g,540mg
Handvo - Restaurant Style,150 g,210,7.0g,32.0g,7.0g,4.0g,390mg
Egg Noodles - Extra Cheese,150 ml,390,14.0g,52.0g,14.0g,2.0g,780mg
Cheese Garlic Bread - Restaurant Style,150 g,310,11.0g,34.0g,15.0g,2.0g,520mg
Dhokla (4 pcs) - Street Style,500 g,180,6.0g,28.0g,5.0g,2.5g,420mg
Tomato Soup - Extra Cheese,150 g,80,2.0g,14.0g,2.0g,1.5g,490mg
Fafda - Mild,100 ml,220,5.0g,28.0g,10.0g,2.0g,480mg
Mysore Pak (1 pc) - Street Style,100 g,130,2.0g,16.0g,6.5g,0.2g,15mg
Peanut Butter (1 tbsp) - Restaurant Style,300 g,95,4.0g,3.5g,8.0g,1.0g,65mg
Dahi Bhalla - Spicy,300 g,270,6.0g,38.0g,10.0g,3.0g,440mg
Tofu Palak,100 ml,300,16.0g,12.0g,22.0g,4.5g,510mg
Schezwan Noodles - Mild,300 g,380,8.0g,56.0g,13.0g,3.5g,880mg
Cottage Cheese (Paneer) - Extra Cheese,300 g,265,18.0g,6.0g,18.0g,0g,150mg
Cottage Cheese (Paneer) - Home Style,150 ml,265,18.0g,6.0g,18.0g,0g,150mg
Buttermilk (Chaas) - Spicy,100 g,50,2.5g,6.0g,2.0g,0g,180mg
Croissant - Street Style,500 g,230,4.5g,26.0g,12.0g,1.5g,210mg
Guava - Street Style,100 g,68,2.6g,14.3g,1.0g,5.4g,2mg
Patra - Mild,500 g,170,3.0g,28.0g,5.5g,3.0g,410mg
Maharaja Mac Chicken - Extra Cheese,100 g,580,28.0g,52.0g,30.0g,3.0g,980mg
Cheese N Corn Pizza (1 slice) - Street Style,100 ml,290,10.0g,34.0g,13.0g,2.0g,550mg
Sabudana Vada - Extra Cheese,150 g,230,4.0g,38.0g,7.0g,2.5g,340mg
Dim Sums (4 pcs) - Mild,200 g,210,8.0g,30.0g,6.0g,2.0g,380mg
Ragda Pattice - Restaurant Style,500 g,310,8.0g,48.0g,10.0g,6.0g,540mg
Egg Fried Rice - Mild,200 ml,420,14.0g,60.0g,13.0g,2.0g,750mg
McFlurry Oreo - Mild,150 g,340,7.0g,48.0g,13.0g,1.0g,140mg
Paneer Butter Masala - Extra Cheese,50 ml,450,14.5g,14.0g,36.0g,2.5g,650mg
Papaya - Extra Cheese,100 ml,59,0.7g,15.0g,0.2g,2.5g,2mg
Poori Bhaji - Mild,200 g,410,6.5g,52.0g,19.0g,4.0g,590mg
Danish Pastry - Extra Cheese,200 g,280,4.5g,32.0g,15.0g,1.0g,200mg
Pumpkin Seeds - Street Style,200 ml,160,8.0g,4.0g,13.5g,1.5g,5mg
Tofu (Firm) - Restaurant Style,100 g,145,15.0g,4.0g,8.0g,2.0g,10mg
Hung Curd - Street Style,500 g,120,11.0g,5.0g,6.5g,0g,50mg
Jowar Roti - Mild,300 g,200,6.0g,36.0g,3.5g,4.5g,220mg
Cheese Slice - Home Style,100 g,70,4.5g,1.0g,5.5g,0g,180mg
Chole Bhature - Mild,50 ml,580,15.0g,78.0g,24.0g,8.0g,890mg
Glucose Biscuit (2 pcs) - Street Style,100 g,85,1.0g,14.0g,2.5g,0.3g,50mg
Almonds (Badam),200 ml,173,6.0g,6.0g,15.0g,3.5g,0mg
Farmhouse Pizza (1 slice) - Home Style,500 g,300,11.0g,36.0g,12.5g,2.5g,580mg
Hazelnuts - Restaurant Style,50 ml,176,4.5g,5.0g,17.0g,3.0g,0mg
Upma - Mild,200 ml,280,6.0g,48.0g,7.0g,3.5g,480mg
Chicken Noodles,300 g,440,22.0g,50.0g,17.0g,2.0g,820mg
Jalebi Fafda,100 ml,380,7.0g,50.0g,17.0g,2.5g,520mg
Ragda Pattice,150 ml,310,8.0g,48.0g,10.0g,6.0g,540mg
French Fries (Medium) - Street Style,200 ml,320,4.5g,41.0g,15.5g,3.5g,190mg
Medu Vada - Extra Cheese,100 ml,270,6.5g,30.0g,14.0g,3.5g,480mg
Pineapple - Spicy,200 ml,50,0.5g,13.1g,0.1g,1.4g,1mg
French Beans - Home Style,500 g,31,1.8g,7.0g,0.1g,3.4g,6mg
Dal Baati Churma - Restaurant Style,300 g,650,18.0g,88.0g,24.0g,10.0g,580mg
Hot and Sour Soup - Street Style,300 g,95,3.0g,13.0g,3.5g,1.5g,720mg
Donut (Glazed) - Extra Cheese,200 ml,270,4.0g,31.0g,15.0g,1.0g,220mg
Veg Noodles - Street Style,200 g,320,8.0g,52.0g,8.5g,3.0g,680mg
Salty Lassi,500 g,120,4.0g,20.0g,3.0g,0g,260mg
Milk (Full Fat) - Spicy,100 g,124,6.4g,9.6g,7.0g,0g,100mg
Oreo (2 pcs) - Mild,50 ml,110,1.0g,16.0g,5.0g,0.5g,75mg
Lassi (Sweet) - Restaurant Style,500 g,150,4.0g,28.0g,3.0g,0g,80mg
Deluxe Veggie (1 slice),150 g,295,10.5g,36.0g,12.0g,2.8g,590mg
Thatte Idli,150 ml,200,5.5g,36.0g,4.5g,2.5g,360mg
Mix Veg - Restaurant Style,200 ml,150,4.0g,18.0g,7.0g,4.5g,390mg
Chicken Biryani,200 g,520,28.0g,65.0g,18.0g,2.0g,890mg
Reshmi Kabab (4 pcs) - Mild,500 g,400,28.0g,6.0g,29.0g,0.5g,560mg
Bhatura - Extra Cheese,200 ml,320,7.0g,42.0g,14.0g,2.0g,410mg
Schezwan Fried Rice - Spicy,150 ml,440,9.0g,64.0g,15.0g,3.5g,890mg
Thatte Idli - Home Style,100 g,200,5.5g,36.0g,4.5g,2.5g,360mg
Paneer Tikka Masala - Street Style,250 g,460,15.0g,16.0g,38.0g,2.5g,680mg
Watermelon - Street Style,100 g,46,0.9g,11.5g,0.2g,0.6g,1mg
Sunflower Seeds - Street Style,50 ml,175,6.0g,6.0g,15.5g,3.0g,2mg
Papaya - Spicy,150 ml,59,0.7g,15.0g,0.2g,2.5g,2mg
Gulab Jamun (2 pcs) - Street Style,300 g,200,3.0g,32.0g,7.0g,0.5g,60mg
Hide & Seek (2 pcs) - Extra Cheese,500 g,105,1.5g,14.0g,5.0g,0.5g,35mg
Deluxe Veggie (1 slice),150 g,295,10.5g,36.0g,12.0g,2.8g,590mg
Kanda Bhaji - Street Style,200 g,280,4.0g,32.0g,15.0g,3.0g,460mg
Pedha (2 pcs),200 g,130,3.0g,18.0g,5.5g,0g,35mg
Glucose Biscuit (2 pcs) - Extra Cheese,100 g,85,1.0g,14.0g,2.5g,0.3g,50mg
Galouti Kabab (4 pcs) - Mild,150 ml,420,18.0g,14.0g,32.0g,1.5g,480mg
Methi Thepla - Spicy,200 g,115,3.2g,15.5g,4.8g,2.2g,125mg
Bhel Puri - Spicy,50 ml,210,4.0g,40.0g,5.0g,3.5g,340mg
Patra - Mild,200 ml,170,3.0g,28.0g,5.5g,3.0g,410mg
Aloo Gobi - Spicy,250 g,170,4.0g,20.0g,8.0g,4.0g,350mg
Milk (Buffalo),150 ml,180,7.6g,10.0g,13.0g,0g,130mg
Mutton Rogan Josh - Home Style,200 g,520,28.0g,10.0g,42.0g,1.0g,680mg
Hung Curd - Home Style,100 g,120,11.0g,5.0g,6.5g,0g,50mg
Focaccia - Restaurant Style,50 ml,230,6.5g,38.0g,6.0g,2.0g,370mg
Paneer Biryani - Extra Cheese,100 ml,520,14.0g,68.0g,20.0g,4.0g,780mg
Sabudana Khichdi - Street Style,500 g,250,3.5g,48.0g,5.0g,2.0g,280mg
Aloo Chaat - Extra Cheese,50 ml,220,4.0g,36.0g,7.0g,4.0g,380mg
Veg Spring Roll - Spicy,50 ml,210,4.5g,30.0g,8.5g,3.0g,430mg
Chicken Noodles,250 g,440,22.0g,50.0g,17.0g,2.0g,820mg
Patra - Street Style,500 g,170,3.0g,28.0g,5.5g,3.0g,410mg
Chia Seeds - Home Style,50 ml,70,2.5g,6.0g,4.5g,5.0g,2mg
Donut (Glazed) - Spicy,150 g,270,4.0g,31.0g,15.0g,1.0g,220mg
Tofu (Soft),100 g,70,7.0g,2.0g,4.0g,0.5g,8mg
Corn Flakes with Milk - Restaurant Style,300 g,210,7.0g,38.0g,4.0g,2.0g,180mg
Thepla (1 pc),100 ml,110,3.0g,15.0g,4.5g,2.0g,120mg
Onion - Spicy,200 g,40,1.1g,9.3g,0.1g,1.7g,4mg
Carrot - Extra Cheese,200 ml,41,0.9g,9.6g,0.2g,2.8g,69mg
Rasgulla (2 pcs) - Spicy,150 ml,150,4.0g,28.0g,2.5g,0g,35mg
Dabeli - Mild,250 g,280,6.0g,42.0g,9.0g,3.5g,490mg
Jalebi (2 pcs) - Street Style,150 g,180,2.0g,30.0g,6.0g,0.5g,40mg
Chicken Tikka (6 pcs) - Extra Cheese,200 ml,420,42.0g,6.0g,25.0g,0.5g,680mg
Egg Bhurji - Extra Cheese,200 g,210,14.0g,4.0g,15.0g,0.5g,420mg
Prawn Curry - Spicy,150 g,350,24.0g,9.0g,24.0g,1.0g,580mg
Dal Baati Churma - Home Style,300 g,650,18.0g,88.0g,24.0g,10.0g,580mg
Cauliflower - Street Style,100 g,25,1.9g,5.0g,0.3g,2.0g,30mg
Mexican Green Wave (1 slice) - Home Style,200 ml,280,9.0g,34.0g,12.0g,3.0g,540mg
Shortbread Cookie - Restaurant Style,150 g,105,1.0g,12.0g,6.0g,0.2g,30mg
Aloo Matar - Spicy,100 ml,190,4.5g,20.0g,10.0g,4.0g,410mg
Palak Dal - Street Style,150 ml,220,10.0g,22.0g,10.0g,5.0g,460mg
Dal Baati Churma,200 ml,650,18.0g,88.0g,24.0g,10.0g,580mg
Masala Dosa - Home Style,150 g,315,8.2g,48.5g,9.8g,4.2g,580mg
Kadai Chicken - Restaurant Style,200 ml,420,27.0g,12.0g,30.0g,1.5g,690mg
Chilli Chicken,200 g,450,28.0g,24.0g,28.0g,1.5g,860mg
Tomato - Spicy,100 g,18,0.9g,3.9g,0.2g,1.2g,5mg
Hakka Noodles - Extra Cheese,150 ml,340,7.5g,54.0g,10.0g,2.5g,720mg
Chicken Club Sandwich - Extra Cheese,100 ml,500,26.0g,42.0g,25.0g,2.5g,790mg
Honey (1 tbsp) - Street Style,150 ml,64,0.1g,17.3g,0g,0g,1mg
Fig (Fresh),50 ml,37,0.4g,9.6g,0.2g,1.4g,1mg
Chicken Noodle Soup - Extra Cheese,200 g,160,10.0g,16.0g,6.0g,1.5g,640mg
BBQ Chicken Pizza (1 slice) - Home Style,300 g,350,16.0g,34.0g,17.0g,1.5g,740mg
BLT Sandwich - Street Style,200 ml,430,18.0g,36.0g,24.0g,2.5g,760mg
Plain Dosa - Home Style,300 g,230,5.0g,38.0g,6.0g,2.5g,420mg
Plum - Extra Cheese,200 g,30,0.5g,7.5g,0.2g,0.9g,0mg
Undhiyu - Home Style,100 ml,280,6.0g,32.0g,14.0g,8.0g,440mg
Chocolate Cake (1 slice) - Spicy,100 ml,280,4.0g,38.0g,12.0g,1.0g,200mg
Cupcake (Vanilla) - Street Style,150 g,210,2.5g,32.0g,8.5g,0.5g,160mg
Kolkata Biryani - Spicy,200 g,560,24.0g,72.0g,20.0g,2.5g,890mg
Filet-O-Fish - Mild,200 ml,360,15.0g,38.0g,17.0g,1.5g,660mg
Khakhra (1 pc) - Extra Cheese,200 ml,70,2.0g,10.0g,2.5g,1.5g,80mg
Marie Biscuit (4 pcs) - Restaurant Style,100 ml,90,1.5g,14.0g,3.0g,0.5g,60mg
Danish Pastry - Street Style,150 g,280,4.5g,32.0g,15.0g,1.0g,200mg
Aloo Paratha - Restaurant Style,300 g,350,8.0g,48.0g,14.0g,4.0g,380mg
Brown Bread (2 slices) - Home Style,250 g,140,6.0g,24.0g,2.0g,3.0g,280mg
Red Velvet Cake (1 slice) - Street Style,250 g,320,4.5g,42.0g,15.0g,1.0g,220mg
Apple - Restaurant Style,150 ml,78,0.4g,20.8g,0.2g,3.6g,1mg
Akki Roti - Home Style,500 g,220,5.0g,40.0g,4.5g,3.0g,290mg
Rasgulla (2 pcs) - Home Style,300 g,150,4.0g,28.0g,2.5g,0g,35mg
Dum Aloo - Street Style,500 g,240,4.0g,22.0g,15.0g,3.0g,460mg
Tofu Bhurji - Home Style,300 g,260,18.0g,10.0g,17.0g,2.5g,490mg
Veg Biryani - Spicy,200 g,450,10.0g,72.0g,13.0g,5.0g,720mg
Tandoori Paneer Tikka - Extra Cheese,300 g,380,16.0g,12.0g,30.0g,2.0g,540mg
Strawberries - Extra Cheese,150 g,32,0.7g,7.7g,0.3g,2.0g,1mg
Muskmelon - Home Style,50 ml,51,1.3g,12.0g,0.3g,1.1g,16mg
Rasgulla (2 pcs) - Mild,500 g,150,4.0g,28.0g,2.5g,0g,35mg
White Bread (2 slices) - Home Style,150 ml,160,5.0g,28.0g,2.5g,1.0g,300mg
Raspberries,500 g,52,1.2g,12.0g,0.7g,6.5g,1mg
Mohanthal - Extra Cheese,300 g,240,5.0g,32.0g,11.0g,1.0g,30mg
Prawn Curry - Spicy,500 g,350,24.0g,9.0g,24.0g,1.0g,580mg
Milk Biscuit (2 pcs) - Spicy,100 g,85,1.5g,12.0g,3.5g,0.3g,45mg
Cheese N Corn Pizza (1 slice),200 ml,290,10.0g,34.0g,13.0g,2.0g,550mg
Red Velvet Cake (1 slice),150 g,320,4.5g,42.0g,15.0g,1.0g,220mg
Tangdi Kabab (2 pcs) - Street Style,300 g,440,38.0g,5.0g,29.0g,0.5g,680mg
Oats Porridge - Restaurant Style,200 g,160,6.0g,28.0g,3.0g,4.0g,40mg
Plum - Mild,200 ml,30,0.5g,7.5g,0.2g,0.9g,0mg
Pear - Street Style,250 g,81,0.6g,21.5g,0.2g,4.6g,1mg
Corn Flakes with Milk - Extra Cheese,50 ml,210,7.0g,38.0g,4.0g,2.0g,180mg
Gajar Ka Halwa - Mild,250 g,260,4.0g,38.0g,10.0g,2.5g,50mg
Pear - Restaurant Style,100 ml,81,0.6g,21.5g,0.2g,4.6g,1mg
Glucose Biscuit (2 pcs) - Extra Cheese,150 ml,85,1.0g,14.0g,2.5g,0.3g,50mg
Goan Fish Curry - Extra Cheese,500 g,330,21.0g,11.0g,22.0g,1.5g,570mg
Afghani Chaap - Street Style,100 g,420,24.0g,16.0g,30.0g,3.5g,540mg
Cheesecake (1 slice),150 ml,350,7.0g,30.0g,22.0g,0.5g,280mg
Oats Porridge - Extra Cheese,200 ml,160,6.0g,28.0g,3.0g,4.0g,40mg
Lychee - Restaurant Style,500 g,66,0.8g,16.5g,0.4g,1.3g,1mg
Kaju Katli (2 pcs) - Home Style,100 ml,110,2.0g,14.0g,5.5g,0.2g,10mg
McSpicy Paneer Burger - Spicy,100 ml,470,14.0g,48.0g,24.0g,2.5g,820mg
Mutton Keema - Restaurant Style,250 g,420,32.0g,6.0g,30.0g,0.5g,620mg
Donut (Glazed) - Street Style,300 g,270,4.0g,31.0g,15.0g,1.0g,220mg
Handvo - Street Style,100 ml,210,7.0g,32.0g,7.0g,4.0g,390mg
Capsicum (Green) - Extra Cheese,200 ml,20,0.9g,4.6g,0.2g,1.7g,3mg
Hide & Seek (2 pcs) - Spicy,150 ml,105,1.5g,14.0g,5.0g,0.5g,35mg
Ghee Rice - Restaurant Style,150 ml,320,4.0g,50.0g,11.0g,1.0g,310mg
Almonds (Badam) - Restaurant Style,100 g,173,6.0g,6.0g,15.0g,3.5g,0mg
Sweet Potato,150 g,86,1.6g,20.1g,0.1g,3.0g,55mg
Veg McNuggets (6 pcs) - Home Style,100 ml,230,8.0g,22.0g,12.0g,2.5g,440mg
Chicken Dim Sums - Mild,500 g,240,14.0g,28.0g,8.0g,1.5g,420mg
Bread Roll - Street Style,150 ml,140,4.0g,25.0g,2.5g,1.2g,190mg
Rava Idli,250 g,190,4.5g,32.0g,5.0g,1.5g,350mg
Tomato Rice - Extra Cheese,50 ml,270,5.0g,50.0g,5.0g,2.5g,490mg
Spring Rolls (2 pcs),100 g,220,5.0g,28.0g,10.0g,2.5g,410mg
BLT Sandwich - Street Style,250 g,430,18.0g,36.0g,24.0g,2.5g,760mg
Mutter Mushroom,100 g,200,5.0g,18.0g,11.0g,4.5g,430mg
Prawn Dim Sums - Street Style,150 ml,230,13.0g,28.0g,8.0g,1.0g,440mg
Butter Cookie (2 pcs) - Home Style,50 ml,95,1.0g,12.0g,5.0g,0.2g,30mg
French Toast - Mild,300 g,310,9.0g,32.0g,16.0g,1.0g,350mg
Celery - Spicy,150 ml,16,0.7g,3.0g,0.2g,1.6g,80mg
Kesari Bath - Spicy,250 g,350,3.0g,62.0g,10.0g,1.0g,15mg
Fafda,250 g,220,5.0g,28.0g,10.0g,2.0g,480mg
McVeggie Wrap - Mild,100 ml,420,11.0g,48.0g,20.0g,4.0g,720mg
Curd Rice,100 ml,220,6.0g,38.0g,4.5g,2.0g,310mg
Dahi Vada - Mild,50 ml,290,7.0g,38.0g,12.0g,3.0g,420mg
Aloo Chaat - Extra Cheese,250 g,220,4.0g,36.0g,7.0g,4.0g,380mg
Tofu Tikka Masala - Spicy,150 ml,370,16.0g,16.0g,28.0g,3.5g,620mg
Raisins (Kishmish) - Street Style,100 ml,90,1.0g,24.0g,0.1g,1.0g,5mg
Aglio Olio Pasta - Street Style,150 g,340,8.0g,50.0g,11.0g,3.0g,380mg
Oat Milk,150 ml,90,3.0g,14.0g,3.0g,1.5g,100mg
Chole Bhature - Restaurant Style,300 g,580,15.0g,78.0g,24.0g,8.0g,890mg
Tofu Matar - Spicy,50 ml,280,15.0g,18.0g,16.0g,4.0g,480mg
Palak Paneer - Extra Cheese,300 g,350,14.0g,12.0g,27.0g,4.0g,490mg
Dal Fry - Street Style,100 g,230,9.5g,26.0g,10.0g,5.5g,490mg
Chilli Paneer (Gravy) - Mild,300 g,390,13.0g,26.0g,26.0g,3.0g,740mg
French Toast - Spicy,250 g,310,9.0g,32.0g,16.0g,1.0g,350mg
BBQ Chicken Pizza (1 slice) - Extra Cheese,300 g,350,16.0g,34.0g,17.0g,1.5g,740mg
Pineapple Cake (1 slice) - Home Style,250 g,260,3.0g,38.0g,10.0g,0.8g,170mg
Veg Noodles - Mild,150 ml,320,8.0g,52.0g,8.5g,3.0g,680mg
Tofu Korma - Spicy,100 ml,340,14.0g,20.0g,24.0g,3.0g,540mg
Nectarine - Street Style,100 g,62,1.5g,15.0g,0.5g,2.4g,0mg
Veg Noodles - Restaurant Style,200 ml,320,8.0g,52.0g,8.5g,3.0g,680mg
Guava - Street Style,150 ml,68,2.6g,14.3g,1.0g,5.4g,2mg
Brinjal (Eggplant) - Street Style,200 ml,25,1.0g,5.9g,0.2g,3.0g,2mg
Matar Paneer - Mild,50 ml,380,12.0g,16.0g,29.0g,3.5g,540mg
Rye Bread (2 slices) - Home Style,100 ml,150,5.5g,28.0g,2.0g,4.0g,310mg
Chicken Noodles - Extra Cheese,300 g,440,22.0g,50.0g,17.0g,2.0g,820mg
Onion Dosa - Mild,500 g,310,6.5g,44.0g,11.5g,2.5g,490mg
Chikki (Peanut Brittle) - Street Style,100 ml,140,4.0g,18.0g,6.0g,1.5g,15mg
Handvo - Mild,200 g,210,7.0g,32.0g,7.0g,4.0g,390mg
Kadai Paneer,150 ml,420,12.5g,15.0g,34.0g,3.0g,610mg
Watermelon - Extra Cheese,100 ml,46,0.9g,11.5g,0.2g,0.6g,1mg
Lychee - Spicy,50 ml,66,0.8g,16.5g,0.4g,1.3g,1mg
Aloo Chaat - Extra Cheese,100 g,220,4.0g,36.0g,7.0g,4.0g,380mg
Flavored Yogurt (Strawberry) - Spicy,100 g,110,3.0g,18.0g,2.5g,0g,40mg
Watermelon - Spicy,500 g,46,0.9g,11.5g,0.2g,0.6g,1mg
Chicken Pasta - Spicy,300 g,420,22.0g,48.0g,16.0g,2.5g,590mg
Garlic Bread (2 pcs) - Street Style,500 g,260,7.0g,34.0g,11.0g,2.0g,440mg
Papaya - Mild,50 ml,59,0.7g,15.0g,0.2g,2.5g,2mg
Chow Mein - Spicy,300 g,360,8.5g,50.0g,14.0g,3.0g,750mg
Moong Dal Halwa - Mild,250 g,350,8.0g,45.0g,16.0g,3.0g,40mg
Garlic Fried Rice - Street Style,200 g,420,8.5g,60.0g,14.0g,2.5g,810mg
Rasgulla (2 pcs) - Spicy,300 g,150,4.0g,28.0g,2.5g,0g,35mg
Paneer Sandwich,100 ml,340,12.0g,36.0g,16.0g,2.0g,520mg
Danish Pastry - Extra Cheese,300 g,280,4.5g,32.0g,15.0g,1.0g,200mg
Jalebi (2 pcs) - Mild,150 ml,180,2.0g,30.0g,6.0g,0.5g,40mg
Ridge Gourd - Street Style,300 g,17,0.8g,3.8g,0.2g,1.2g,3mg
Chicken Tikka (6 pcs),150 ml,420,42.0g,6.0g,25.0g,0.5g,680mg
Éclair - Spicy,150 g,240,4.0g,26.0g,13.0g,0.5g,170mg
Cranberries - Spicy,200 ml,46,0.4g,12.0g,0.1g,4.6g,2mg
Guava - Extra Cheese,200 ml,68,2.6g,14.3g,1.0g,5.4g,2mg
Mutter Mushroom - Mild,150 g,200,5.0g,18.0g,11.0g,4.5g,430mg
Ghee Rice - Spicy,100 g,320,4.0g,50.0g,11.0g,1.0g,310mg
Methi Thepla - Restaurant Style,100 ml,115,3.2g,15.5g,4.8g,2.2g,125mg
Milk (Skimmed) - Extra Cheese,200 ml,68,6.8g,9.8g,0.4g,0g,120mg
Muffin (Blueberry) - Restaurant Style,150 g,240,3.5g,36.0g,9.0g,1.5g,180mg
Jalebi Fafda - Home Style,500 g,380,7.0g,50.0g,17.0g,2.5g,520mg
Apricots (Dried) - Street Style,150 ml,70,1.0g,18.0g,0.1g,2.0g,2mg
Sweet Potato - Mild,200 ml,86,1.6g,20.1g,0.1g,3.0g,55mg
Rava Dosa,150 ml,290,6.0g,42.0g,10.0g,2.0g,510mg
Nectarine - Restaurant Style,300 g,62,1.5g,15.0g,0.5g,2.4g,0mg
Malai Paneer Tikka - Extra Cheese,250 g,420,15.0g,14.0g,34.0g,1.5g,560mg
Pav Bhaji - Street Style,50 ml,380,9.0g,52.0g,16.0g,7.0g,620mg
Pongal - Mild,250 g,340,8.0g,58.0g,8.5g,3.0g,420mg
Sweet Potato - Spicy,250 g,86,1.6g,20.1g,0.1g,3.0g,55mg
Sabudana Vada - Spicy,250 g,230,4.0g,38.0g,7.0g,2.5g,340mg
Hara Bhara Kabab (4 pcs) - Extra Cheese,50 ml,220,6.0g,28.0g,10.0g,4.5g,380mg
Dahi Vada - Extra Cheese,200 ml,290,7.0g,38.0g,12.0g,3.0g,420mg
Dahi Vada,100 ml,290,7.0g,38.0g,12.0g,3.0g,420mg
Aloo Tikki (2 pcs) - Street Style,150 ml,240,4.0g,32.0g,11.0g,3.0g,420mg
Fox Nuts (Makhana),150 g,110,4.5g,20.0g,1.5g,4.0g,8mg
White Bread (2 slices) - Mild,200 g,160,5.0g,28.0g,2.5g,1.0g,300mg
Jalebi (2 pcs) - Extra Cheese,150 ml,180,2.0g,30.0g,6.0g,0.5g,40mg
Flavored Yogurt (Strawberry) - Restaurant Style,200 ml,110,3.0g,18.0g,2.5g,0g,40mg
Celery - Spicy,100 ml,16,0.7g,3.0g,0.2g,1.6g,80mg
Cashews (Kaju) - Restaurant Style,100 g,160,5.2g,9.0g,12.0g,1.0g,5mg
Prunes - Mild,300 g,70,0.8g,18.5g,0.1g,2.0g,1mg
French Beans - Restaurant Style,150 ml,31,1.8g,7.0g,0.1g,3.4g,6mg
Chicken Tikka (6 pcs) - Extra Cheese,300 g,420,42.0g,6.0g,25.0g,0.5g,680mg
Capsicum (Yellow),50 ml,27,1.0g,6.3g,0.2g,1.8g,3mg
Focaccia - Home Style,500 g,230,6.5g,38.0g,6.0g,2.0g,370mg
Chicken Curry - Mild,150 ml,380,26.0g,8.0g,27.0g,1.0g,620mg
Veg Noodles - Street Style,250 g,320,8.0g,52.0g,8.5g,3.0g,680mg
Croissant (Chocolate) - Spicy,200 ml,280,5.0g,30.0g,16.0g,1.5g,230mg
Chicken Pasta - Extra Cheese,200 g,420,22.0g,48.0g,16.0g,2.5g,590mg
Kachori (1 pc) - Street Style,300 g,260,5.0g,30.0g,13.0g,2.5g,340mg
Banana - Restaurant Style,200 g,105,1.3g,27.0g,0.4g,3.1g,1mg
Mexican Green Wave (1 slice) - Restaurant Style,300 g,280,9.0g,34.0g,12.0g,3.0g,540mg
Tofu Matar - Street Style,100 ml,280,15.0g,18.0g,16.0g,4.0g,480mg
Curd Rice - Spicy,150 g,220,6.0g,38.0g,4.5g,2.0g,310mg
Chilli Fish - Street Style,200 ml,410,26.0g,26.0g,24.0g,1.5g,790mg
Bourbon Biscuit (2 pcs) - Mild,150 ml,90,1.0g,12.0g,4.5g,0.5g,35mg
Snake Gourd - Restaurant Style,500 g,20,0.8g,4.5g,0.2g,1.0g,4mg
Plum - Restaurant Style,150 ml,30,0.5g,7.5g,0.2g,0.9g,0mg
Hyderabadi Biryani - Spicy,150 ml,620,30.0g,70.0g,24.0g,2.5g,980mg
McVeggie Burger - Extra Cheese,200 g,380,9.0g,46.0g,17.0g,3.0g,680mg
Nectarine - Extra Cheese,150 ml,62,1.5g,15.0g,0.5g,2.4g,0mg
Matar Paneer - Spicy,250 g,380,12.0g,16.0g,29.0g,3.5g,540mg
Chicken McNuggets (6 pcs),150 ml,270,15.0g,16.0g,16.0g,1.0g,500mg
Jalebi Fafda - Street Style,150 ml,380,7.0g,50.0g,17.0g,2.5g,520mg
Aloo Paratha - Extra Cheese,100 ml,350,8.0g,48.0g,14.0g,4.0g,380mg
McEgg Burger - Street Style,300 g,350,13.0g,40.0g,16.0g,2.0g,590mg
Kadhi Pakora - Restaurant Style,300 g,300,10.0g,28.0g,16.0g,3.0g,580mg
Egg Sandwich - Home Style,250 g,320,14.0g,32.0g,15.0g,2.0g,540mg
Gatte ki Sabzi - Spicy,300 g,260,8.0g,20.0g,16.0g,4.0g,520mg
Bhatura - Restaurant Style,100 ml,320,7.0g,42.0g,14.0g,2.0g,410mg
Dhokla (4 pcs) - Mild,300 g,180,6.0g,28.0g,5.0g,2.5g,420mg
Dahi Bhalla - Restaurant Style,150 ml,270,6.0g,38.0g,10.0g,3.0g,440mg
French Toast - Home Style,250 g,310,9.0g,32.0g,16.0g,1.0g,350mg
Cinnamon Roll - Spicy,100 g,290,5.0g,42.0g,11.0g,1.5g,250mg
Brown Bread (2 slices) - Extra Cheese,500 g,140,6.0g,24.0g,2.0g,3.0g,280mg
Sabudana Vada - Mild,150 ml,230,4.0g,38.0g,7.0g,2.5g,340mg
Malai Paneer Tikka - Spicy,300 g,420,15.0g,14.0g,34.0g,1.5g,560mg
Multigrain Bread (2 slices) - Spicy,200 g,150,6.5g,25.0g,2.5g,3.5g,270mg
Brioche Bun - Street Style,300 g,220,6.0g,28.0g,10.0g,1.0g,230mg
Panchmel Dal - Spicy,100 g,240,10.0g,27.0g,10.5g,5.5g,470mg
Egg Sandwich - Home Style,50 ml,320,14.0g,32.0g,15.0g,2.0g,540mg
Nectarine - Street Style,300 g,62,1.5g,15.0g,0.5g,2.4g,0mg
Oreo (2 pcs) - Home Style,200 g,110,1.0g,16.0g,5.0g,0.5g,75mg
Yogurt (Plain) - Restaurant Style,200 ml,61,3.5g,4.7g,3.3g,0g,40mg
Misal Pav - Extra Cheese,200 g,380,14.0g,48.0g,16.0g,7.0g,720mg
Tofu Tikka Masala - Home Style,250 g,370,16.0g,16.0g,28.0g,3.5g,620mg
Chocolate Cake (1 slice) - Home Style,50 ml,280,4.0g,38.0g,12.0g,1.0g,200mg
Prawn Noodles - Mild,500 g,420,20.0g,50.0g,16.0g,1.5g,840mg
Chicken Chettinad - Street Style,300 g,400,26.0g,10.0g,29.0g,2.0g,710mg
Makki di Roti - Home Style,250 g,240,6.5g,38.0g,7.0g,5.0g,260mg
Veg Noodles - Street Style,150 ml,320,8.0g,52.0g,8.5g,3.0g,680mg
Bottle Gourd - Mild,200 ml,14,0.6g,3.4g,0.1g,0.6g,2mg
Afghani Chaap - Mild,500 g,420,24.0g,16.0g,30.0g,3.5g,540mg
Maharaja Mac Veg - Home Style,500 g,520,16.0g,54.0g,27.0g,4.0g,920mg
Buttermilk (Chaas) - Restaurant Style,300 g,50,2.5g,6.0g,2.0g,0g,180mg
Milk Biscuit (2 pcs) - Mild,500 g,85,1.5g,12.0g,3.5g,0.3g,45mg
Prawn Malai Curry,300 g,420,22.0g,10.0g,32.0g,0.5g,560mg
Sweet Potato - Home Style,200 g,86,1.6g,20.1g,0.1g,3.0g,55mg
French Fries (Large) - Extra Cheese,150 ml,430,6.0g,55.0g,21.0g,4.5g,260mg
Gatte ki Sabzi,300 g,260,8.0g,20.0g,16.0g,4.0g,520mg
Peanut Butter (1 tbsp),500 g,95,4.0g,3.5g,8.0g,1.0g,65mg
Flax Seeds (Alsi) - Spicy,500 g,75,2.5g,4.0g,6.0g,4.0g,2mg
Cheese N Corn Pizza (1 slice) - Street Style,100 ml,290,10.0g,34.0g,13.0g,2.0g,550mg
Grilled Chicken Sandwich - Restaurant Style,500 g,380,24.0g,34.0g,16.0g,2.5g,680mg
Ghee Rice,50 ml,320,4.0g,50.0g,11.0g,1.0g,310mg
BLT Sandwich - Spicy,500 g,430,18.0g,36.0g,24.0g,2.5g,760mg
Paneer (Homemade) - Extra Cheese,500 g,265,18.0g,6.0g,18.0g,0g,150mg
Grilled Chicken Sandwich - Extra Cheese,100 g,380,24.0g,34.0g,16.0g,2.5g,680mg
Mysore Pak (1 pc) - Mild,200 g,130,2.0g,16.0g,6.5g,0.2g,15mg
Cashews (Kaju) - Restaurant Style,100 ml,160,5.2g,9.0g,12.0g,1.0g,5mg
White Sauce Pasta - Street Style,500 g,380,10.0g,48.0g,16.0g,2.5g,450mg
Chole Bhature - Mild,100 ml,580,15.0g,78.0g,24.0g,8.0g,890mg
Litchi - Street Style,500 g,66,0.8g,16.5g,0.4g,1.3g,1mg
Éclair - Extra Cheese,250 g,240,4.0g,26.0g,13.0g,0.5g,170mg
Good Day (2 pcs) - Spicy,100 g,100,1.2g,13.0g,4.8g,0.4g,40mg
McAloo Tikki Burger - Street Style,200 g,345,8.0g,48.0g,14.0g,3.5g,650mg
Egg Fried Rice - Extra Cheese,250 g,420,14.0g,60.0g,13.0g,2.0g,750mg
Gobi Manchurian (Gravy) - Street Style,50 ml,350,5.5g,38.0g,19.0g,4.5g,720mg
Barfi (2 pcs) - Street Style,200 g,140,3.0g,18.0g,6.5g,0.3g,25mg
Dal Fry - Street Style,200 ml,230,9.5g,26.0g,10.0g,5.5g,490mg
Rava Dosa,100 g,290,6.0g,42.0g,10.0g,2.0g,510mg
Brown Bread (2 slices) - Home Style,100 g,140,6.0g,24.0g,2.0g,3.0g,280mg
Dahi Vada - Street Style,150 g,290,7.0g,38.0g,12.0g,3.0g,420mg
Handvo - Street Style,250 g,210,7.0g,32.0g,7.0g,4.0g,390mg
Deluxe Veggie (1 slice) - Restaurant Style,150 g,295,10.5g,36.0g,12.0g,2.8g,590mg
Kanchipuram Idli,150 ml,210,5.0g,34.0g,6.0g,2.0g,380mg
Dahi Bhalla - Restaurant Style,500 g,270,6.0g,38.0g,10.0g,3.0g,440mg
Raj Kachori - Spicy,500 g,350,7.0g,48.0g,15.0g,4.5g,520mg
Aloo Tikki (2 pcs) - Home Style,150 g,240,4.0g,32.0g,11.0g,3.0g,420mg
Glucose Biscuit (2 pcs) - Home Style,100 ml,85,1.0g,14.0g,2.5g,0.3g,50mg
Afghani Chaap - Restaurant Style,50 ml,420,24.0g,16.0g,30.0g,3.5g,540mg
French Fries (Large) - Spicy,250 g,430,6.0g,55.0g,21.0g,4.5g,260mg
Ragi Mudde - Street Style,200 g,180,5.0g,38.0g,1.5g,4.5g,10mg
Club Sandwich - Spicy,150 ml,450,18.0g,44.0g,22.0g,3.0g,720mg
Apple,50 ml,78,0.4g,20.8g,0.2g,3.6g,1mg
Egg Fried Rice - Mild,100 ml,420,14.0g,60.0g,13.0g,2.0g,750mg
Chicken Lollipop (4 pcs) - Home Style,100 g,480,28.0g,22.0g,32.0g,1.0g,850mg
Roasted Chana - Mild,150 ml,120,7.0g,18.0g,3.0g,4.5g,80mg
Glucose Biscuit (2 pcs) - Mild,300 g,85,1.0g,14.0g,2.5g,0.3g,50mg
Salty Lassi - Extra Cheese,100 g,120,4.0g,20.0g,3.0g,0g,260mg
Mutter Mushroom - Restaurant Style,250 g,200,5.0g,18.0g,11.0g,4.5g,430mg
Pear - Home Style,100 ml,81,0.6g,21.5g,0.2g,4.6g,1mg
Dal Baati Churma - Extra Cheese,250 g,650,18.0g,88.0g,24.0g,10.0g,580mg
Danish Pastry - Mild,300 g,280,4.5g,32.0g,15.0g,1.0g,200mg
Kadhi Pakora,100 ml,300,10.0g,28.0g,16.0g,3.0g,580mg
Samosa (1 pc) - Street Style,50 ml,210,3.5g,24.0g,11.0g,2.0g,290mg
Cucumber Sandwich - Street Style,100 ml,180,5.0g,30.0g,4.5g,3.0g,310mg
Maharaja Mac Chicken - Spicy,100 ml,580,28.0g,52.0g,30.0g,3.0g,980mg
Methi Thepla - Spicy,500 g,115,3.2g,15.5g,4.8g,2.2g,125mg
Chicken Pasta - Extra Cheese,300 g,420,22.0g,48.0g,16.0g,2.5g,590mg
Jeera Rice - Home Style,200 ml,240,4.5g,48.0g,3.0g,1.0g,290mg
Malai Tikka (6 pcs) - Mild,150 ml,460,38.0g,8.0g,30.0g,0.5g,640mg
Reshmi Kabab (4 pcs) - Mild,300 g,400,28.0g,6.0g,29.0g,0.5g,560mg
Rye Bread (2 slices) - Street Style,200 ml,150,5.5g,28.0g,2.0g,4.0g,310mg
Gujarati Dal - Spicy,500 g,200,8.0g,28.0g,6.0g,5.0g,440mg
Kachori (1 pc) - Restaurant Style,300 g,260,5.0g,30.0g,13.0g,2.5g,340mg
Paneer Paratha - Home Style,200 ml,400,12.0g,48.0g,18.0g,3.5g,420mg
Raj Kachori,150 ml,350,7.0g,48.0g,15.0g,4.5g,520mg
Egg Curry - Home Style,100 g,290,12.0g,10.0g,22.0g,1.5g,490mg
Blackberries - Restaurant Style,200 g,43,1.4g,10.0g,0.5g,5.3g,1mg
Aloo Paratha - Mild,250 g,350,8.0g,48.0g,14.0g,4.0g,380mg
Brinjal (Eggplant) - Extra Cheese,50 ml,25,1.0g,5.9g,0.2g,3.0g,2mg
Paper Dosa - Restaurant Style,100 ml,350,7.0g,52.0g,12.0g,3.0g,530mg
Paneer Tikka Masala - Restaurant Style,200 g,460,15.0g,16.0g,38.0g,2.5g,680mg
Medu Vada - Home Style,150 ml,270,6.5g,30.0g,14.0g,3.5g,480mg
Malai Chaap (2 pcs),100 ml,440,22.0g,18.0g,32.0g,3.0g,560mg
Oats Porridge - Street Style,100 ml,160,6.0g,28.0g,3.0g,4.0g,40mg
Veg Biryani - Home Style,150 g,450,10.0g,72.0g,13.0g,5.0g,720mg
Chilli Paneer (Dry) - Spicy,300 g,420,14.0g,28.0g,28.0g,3.0g,720mg
Chicken Dim Sums - Street Style,500 g,240,14.0g,28.0g,8.0g,1.5g,420mg
Soya Pulao - Street Style,150 g,310,12.0g,48.0g,8.0g,4.0g,480mg
Panchmel Dal - Spicy,50 ml,240,10.0g,27.0g,10.5g,5.5g,470mg
Blueberries - Mild,50 ml,57,0.7g,14.5g,0.3g,2.4g,1mg
Tomato - Extra Cheese,250 g,18,0.9g,3.9g,0.2g,1.2g,5mg
Veg Extravaganza (1 slice),250 g,320,12.0g,38.0g,13.5g,3.0g,620mg
Veg Spring Roll - Restaurant Style,500 g,210,4.5g,30.0g,8.5g,3.0g,430mg
Strawberries - Street Style,250 g,32,0.7g,7.7g,0.3g,2.0g,1mg
Bottle Gourd - Street Style,250 g,14,0.6g,3.4g,0.1g,0.6g,2mg
Macadamia Nuts - Extra Cheese,300 g,215,2.5g,4.0g,22.5g,2.5g,1mg
Prawn Malai Curry - Restaurant Style,200 ml,420,22.0g,10.0g,32.0g,0.5g,560mg
Chicken Noodles - Mild,150 ml,440,22.0g,50.0g,17.0g,2.0g,820mg
Focaccia - Extra Cheese,300 g,230,6.5g,38.0g,6.0g,2.0g,370mg
Prawn Biryani - Extra Cheese,200 g,510,26.0g,64.0g,18.0g,1.5g,880mg
Chow Mein,50 ml,360,8.5g,50.0g,14.0g,3.0g,750mg
Sambar Vada - Mild,150 ml,310,7.5g,38.0g,14.0g,4.0g,520mg
Poori (2 pieces) - Mild,150 g,240,4.0g,32.0g,11.0g,1.5g,280mg
McChicken Wrap - Home Style,200 g,480,18.0g,46.0g,25.0g,2.5g,790mg
Methi Thepla - Spicy,200 g,115,3.2g,15.5g,4.8g,2.2g,125mg
Milk (Buffalo) - Street Style,300 g,180,7.6g,10.0g,13.0g,0g,130mg
Chicken Pasta - Restaurant Style,200 g,420,22.0g,48.0g,16.0g,2.5g,590mg
Blackberries - Home Style,500 g,43,1.4g,10.0g,0.5g,5.3g,1mg
Margherita Pizza (1 slice) - Home Style,50 ml,285,12.0g,34.0g,11.0g,2.0g,520mg
Multigrain Bread (2 slices) - Restaurant Style,200 ml,150,6.5g,25.0g,2.5g,3.5g,270mg
Gobi Manchurian (Gravy),500 g,350,5.5g,38.0g,19.0g,4.5g,720mg
Dates (Khajoor) - Mild,100 ml,90,0.8g,24.0g,0.2g,2.0g,1mg
Avocado,250 g,160,2.0g,8.5g,14.7g,6.7g,7mg
Prawn Curry - Street Style,150 g,350,24.0g,9.0g,24.0g,1.0g,580mg
Kolkata Biryani - Spicy,150 g,560,24.0g,72.0g,20.0g,2.5g,890mg
Malai Paneer Tikka - Spicy,500 g,420,15.0g,14.0g,34.0g,1.5g,560mg
Butter (1 tbsp) - Restaurant Style,250 g,102,0.1g,0g,11.5g,0g,1mg
Matar Pulao - Restaurant Style,300 g,290,7.5g,52.0g,6.0g,3.5g,400mg
Grilled Chicken Sandwich - Home Style,500 g,380,24.0g,34.0g,16.0g,2.5g,680mg
Onion Dosa,150 ml,310,6.5g,44.0g,11.5g,2.5g,490mg
Watermelon - Mild,200 g,46,0.9g,11.5g,0.2g,0.6g,1mg
Undhiyu - Extra Cheese,100 ml,280,6.0g,32.0g,14.0g,8.0g,440mg
Schezwan Fried Rice - Home Style,300 g,440,9.0g,64.0g,15.0g,3.5g,890mg
Croissant - Mild,100 g,230,4.5g,26.0g,12.0g,1.5g,210mg
Poori Bhaji - Street Style,500 g,410,6.5g,52.0g,19.0g,4.0g,590mg
Goan Fish Curry,150 g,330,21.0g,11.0g,22.0g,1.5g,570mg
Egg Fried Rice,250 g,420,14.0g,60.0g,13.0g,2.0g,750mg
Undhiyu - Spicy,100 g,280,6.0g,32.0g,14.0g,8.0g,440mg
Rasmalai (2 pcs) - Spicy,200 g,240,6.0g,32.0g,10.0g,0g,70mg
Veg Biryani - Spicy,200 g,450,10.0g,72.0g,13.0g,5.0g,720mg
Payasam - Spicy,50 ml,210,5.0g,38.0g,5.0g,0.5g,55mg
Dahi (Curd),100 ml,70,3.5g,5.0g,4.0g,0g,45mg
Peach - Mild,150 g,51,1.2g,12.4g,0.3g,2.0g,0mg
Salted Butter (1 tbsp) - Extra Cheese,100 g,102,0.1g,0g,11.5g,0g,90mg
Poori (2 pieces),150 g,240,4.0g,32.0g,11.0g,1.5g,280mg
Prawn Curry - Home Style,150 ml,350,24.0g,9.0g,24.0g,1.0g,580mg
Gulab Jamun (2 pcs) - Street Style,50 ml,200,3.0g,32.0g,7.0g,0.5g,60mg
Mushroom Pulao - Spicy,100 ml,300,7.0g,50.0g,8.0g,3.5g,440mg
Steamed Rice - Street Style,200 ml,260,5.0g,58.0g,0.5g,1.0g,5mg
Persimmon - Extra Cheese,150 g,70,0.6g,18.6g,0.2g,3.6g,1mg
Flavored Yogurt (Mango) - Restaurant Style,300 g,115,3.0g,19.0g,2.5g,0g,40mg
Custard Apple - Extra Cheese,300 g,101,2.1g,23.5g,0.6g,2.4g,4mg
Tofu Palak - Home Style,100 ml,300,16.0g,12.0g,22.0g,4.5g,510mg
Kadai Chicken - Street Style,150 g,420,27.0g,12.0g,30.0g,1.5g,690mg
Bitter Gourd - Home Style,50 ml,17,1.0g,3.7g,0.2g,2.8g,5mg
Thepla (1 pc) - Extra Cheese,300 g,110,3.0g,15.0g,4.5g,2.0g,120mg
Egg Masala - Spicy,300 g,310,13.0g,12.0g,23.0g,1.5g,520mg
Chikki (Peanut Brittle) - Spicy,150 ml,140,4.0g,18.0g,6.0g,1.5g,15mg
Tangdi Kabab (2 pcs) - Restaurant Style,50 ml,440,38.0g,5.0g,29.0g,0.5g,680mg
Kesari Bath - Home Style,150 g,350,3.0g,62.0g,10.0g,1.0g,15mg
Brazil Nuts,250 g,195,4.0g,3.5g,19.5g,2.0g,1mg
Mysore Pak (1 pc),250 g,130,2.0g,16.0g,6.5g,0.2g,15mg
Plain Dosa - Extra Cheese,150 g,230,5.0g,38.0g,6.0g,2.5g,420mg
Yogurt (Plain) - Home Style,150 ml,61,3.5g,4.7g,3.3g,0g,40mg
Ghee Rice - Mild,150 ml,320,4.0g,50.0g,11.0g,1.0g,310mg
Steamed Rice - Extra Cheese,250 g,260,5.0g,58.0g,0.5g,1.0g,5mg
Nalli Nihari - Spicy,100 g,560,30.0g,8.0g,46.0g,0.5g,780mg
Milk (Buffalo) - Street Style,150 ml,180,7.6g,10.0g,13.0g,0g,130mg
Cinnamon Roll - Mild,50 ml,290,5.0g,42.0g,11.0g,1.5g,250mg
Pine Nuts - Spicy,100 g,190,4.0g,4.0g,19.0g,1.5g,1mg
Reshmi Kabab (4 pcs) - Restaurant Style,50 ml,400,28.0g,6.0g,29.0g,0.5g,560mg
Lemon Rice - Street Style,200 g,260,4.5g,48.0g,5.5g,2.0g,420mg
Poha Jalebi - Spicy,500 g,380,5.0g,62.0g,13.0g,2.5g,360mg
Payasam - Extra Cheese,100 ml,210,5.0g,38.0g,5.0g,0.5g,55mg
Cucumber,100 g,15,0.7g,3.6g,0.1g,0.5g,2mg
Red Velvet Cake (1 slice) - Mild,100 g,320,4.5g,42.0g,15.0g,1.0g,220mg
Matar Paneer - Street Style,50 ml,380,12.0g,16.0g,29.0g,3.5g,540mg
Sabudana Vada - Home Style,100 g,230,4.0g,38.0g,7.0g,2.5g,340mg
Pav (Ladi Pav 1 pc) - Restaurant Style,150 ml,110,3.0g,20.0g,1.5g,1.0g,160mg
Egg Masala - Home Style,200 ml,310,13.0g,12.0g,23.0g,1.5g,520mg
Samosa (1 pc) - Restaurant Style,500 g,210,3.5g,24.0g,11.0g,2.0g,290mg
Brown Bread (2 slices) - Restaurant Style,200 g,140,6.0g,24.0g,2.0g,3.0g,280mg
Paneer Tikka Pizza (1 slice) - Street Style,150 g,325,13.0g,35.0g,14.5g,2.0g,610mg
Pear - Street Style,300 g,81,0.6g,21.5g,0.2g,4.6g,1mg
Tofu (Firm),200 g,145,15.0g,4.0g,8.0g,2.0g,10mg
Peach - Extra Cheese,150 ml,51,1.2g,12.4g,0.3g,2.0g,0mg
Macaron (1 pc) - Extra Cheese,500 g,90,1.5g,12.0g,4.0g,0.2g,15mg
Tangdi Kabab (2 pcs) - Street Style,500 g,440,38.0g,5.0g,29.0g,0.5g,680mg
Dal Makhani - Street Style,100 g,320,12.0g,28.0g,18.0g,6.0g,480mg
Chicken Biryani - Restaurant Style,150 g,520,28.0g,65.0g,18.0g,2.0g,890mg
Pecans - Spicy,100 g,200,2.5g,4.0g,21.0g,2.5g,0mg
Haryali Tikka - Extra Cheese,100 ml,400,40.0g,10.0g,23.0g,1.0g,660mg
Dahi Vada - Extra Cheese,150 g,290,7.0g,38.0g,12.0g,3.0g,420mg
Paneer Tikka Masala - Mild,200 g,460,15.0g,16.0g,38.0g,2.5g,680mg
Prunes - Restaurant Style,150 ml,70,0.8g,18.5g,0.1g,2.0g,1mg
Sourdough (2 slices) - Mild,100 g,180,6.0g,34.0g,1.5g,1.5g,340mg
Cauliflower - Spicy,200 ml,25,1.9g,5.0g,0.3g,2.0g,30mg
Malai Kofta - Street Style,100 ml,520,10.0g,38.0g,36.0g,5.0g,480mg
Wonton Soup - Extra Cheese,100 ml,140,8.0g,18.0g,4.5g,1.5g,610mg
Pineapple,500 g,50,0.5g,13.1g,0.1g,1.4g,1mg
Muffin (Chocolate) - Street Style,500 g,250,4.0g,34.0g,11.0g,1.5g,190mg
Gobi Manchurian (Gravy) - Mild,150 g,350,5.5g,38.0g,19.0g,4.5g,720mg
Akki Roti - Home Style,100 ml,220,5.0g,40.0g,4.5g,3.0g,290mg
Maharaja Mac Veg - Mild,150 ml,520,16.0g,54.0g,27.0g,4.0g,920mg
Chikki (Peanut Brittle) - Spicy,100 ml,140,4.0g,18.0g,6.0g,1.5g,15mg
Croissant (Chocolate) - Extra Cheese,100 ml,280,5.0g,30.0g,16.0g,1.5g,230mg
Cabbage,250 g,25,1.3g,5.8g,0.1g,2.5g,18mg
Litchi - Mild,300 g,66,0.8g,16.5g,0.4g,1.3g,1mg
Rava Idli - Home Style,100 ml,190,4.5g,32.0g,5.0g,1.5g,350mg
Gulab Jamun (2 pcs) - Restaurant Style,250 g,200,3.0g,32.0g,7.0g,0.5g,60mg
Jackfruit - Mild,50 ml,95,1.7g,23.3g,0.6g,1.5g,2mg
McFlurry KitKat - Restaurant Style,150 ml,350,7.5g,49.0g,14.0g,1.0g,150mg
Milk (Full Fat) - Street Style,500 g,124,6.4g,9.6g,7.0g,0g,100mg
Baingan Bharta - Spicy,100 ml,180,3.5g,16.0g,12.0g,5.0g,420mg
Muskmelon,250 g,51,1.3g,12.0g,0.3g,1.1g,16mg
Shortbread Cookie - Restaurant Style,100 ml,105,1.0g,12.0g,6.0g,0.2g,30mg
Lettuce - Spicy,100 ml,15,1.4g,2.9g,0.2g,1.3g,28mg
Alfredo Pasta,100 ml,420,12.0g,46.0g,20.0g,2.0g,520mg
Cheesecake (1 slice),300 g,350,7.0g,30.0g,22.0g,0.5g,280mg
Pav Bhaji,150 ml,380,9.0g,52.0g,16.0g,7.0g,620mg
Tofu (Soft) - Spicy,50 ml,70,7.0g,2.0g,4.0g,0.5g,8mg
Digestive Biscuit (2 pcs) - Spicy,250 g,95,1.5g,13.0g,4.0g,1.0g,60mg
Hazelnuts - Home Style,500 g,176,4.5g,5.0g,17.0g,3.0g,0mg
Blackberries - Home Style,150 g,43,1.4g,10.0g,0.5g,5.3g,1mg
Makki di Roti - Restaurant Style,150 ml,240,6.5g,38.0g,7.0g,5.0g,260mg
Butterscotch Cake (1 slice) - Spicy,150 ml,300,3.5g,40.0g,14.0g,0.5g,190mg
Tofu Korma - Mild,100 g,340,14.0g,20.0g,24.0g,3.0g,540mg
Rajma Masala - Home Style,100 g,260,12.0g,32.0g,9.0g,8.0g,490mg
Cucumber - Spicy,250 g,15,0.7g,3.6g,0.1g,0.5g,2mg
Papdi Chaat - Restaurant Style,200 g,280,5.0g,42.0g,10.0g,3.5g,460mg
Afghani Chaap - Restaurant Style,200 ml,420,24.0g,16.0g,30.0g,3.5g,540mg
Sweet Potato - Home Style,50 ml,86,1.6g,20.1g,0.1g,3.0g,55mg
Vanilla Cake (1 slice) - Home Style,300 g,220,3.0g,32.0g,9.0g,0.5g,180mg
Garlic Bread (2 pcs) - Extra Cheese,200 ml,260,7.0g,34.0g,11.0g,2.0g,440mg
Aloo Matar - Mild,200 g,190,4.5g,20.0g,10.0g,4.0g,410mg
Soya Chaap (2 pcs) - Street Style,300 g,350,28.0g,20.0g,18.0g,6.0g,490mg
Kadai Paneer - Spicy,150 g,420,12.5g,15.0g,34.0g,3.0g,610mg
Singapore Noodles - Restaurant Style,100 g,370,9.0g,54.0g,12.5g,3.0g,740mg
Patra - Spicy,100 g,170,3.0g,28.0g,5.5g,3.0g,410mg
Paneer (Homemade) - Mild,150 ml,265,18.0g,6.0g,18.0g,0g,150mg
Chicken Dim Sums - Home Style,300 g,240,14.0g,28.0g,8.0g,1.5g,420mg
Schezwan Fried Rice - Mild,300 g,440,9.0g,64.0g,15.0g,3.5g,890mg
Fruit Chaat - Spicy,300 g,130,2.0g,30.0g,1.0g,3.5g,40mg
Idli (2 pieces) - Extra Cheese,200 g,120,4.0g,24.0g,0.5g,2.0g,280mg
Celery - Restaurant Style,200 ml,16,0.7g,3.0g,0.2g,1.6g,80mg
Thepla (1 pc) - Mild,300 g,110,3.0g,15.0g,4.5g,2.0g,120mg
Chole Bhature - Street Style,200 ml,580,15.0g,78.0g,24.0g,8.0g,890mg
Pav Bhaji - Spicy,150 g,380,9.0g,52.0g,16.0g,7.0g,620mg
Ciabatta - Mild,500 g,210,7.0g,40.0g,3.0g,2.0g,350mg
Muskmelon,200 ml,51,1.3g,12.0g,0.3g,1.1g,16mg
Apricot - Home Style,200 ml,17,0.5g,3.9g,0.1g,0.7g,0mg
Shahi Paneer - Spicy,500 g,490,13.0g,14.0g,42.0g,2.5g,560mg
Flax Seeds (Alsi) - Mild,100 ml,75,2.5g,4.0g,6.0g,4.0g,2mg
Cupcake (Vanilla),150 ml,210,2.5g,32.0g,8.5g,0.5g,160mg
Jalebi (2 pcs) - Street Style,100 g,180,2.0g,30.0g,6.0g,0.5g,40mg
Rajasthani Dal,100 g,250,10.5g,26.0g,11.0g,5.5g,510mg
Mutton Keema - Street Style,200 g,420,32.0g,6.0g,30.0g,0.5g,620mg
Mint Rice - Restaurant Style,500 g,290,5.5g,48.0g,7.5g,3.0g,460mg
Focaccia - Spicy,50 ml,230,6.5g,38.0g,6.0g,2.0g,370mg
Chicken Lollipop (4 pcs) - Street Style,150 ml,480,28.0g,22.0g,32.0g,1.0g,850mg
Baingan Bharta - Home Style,150 ml,180,3.5g,16.0g,12.0g,5.0g,420mg
Medu Vada - Home Style,250 g,270,6.5g,30.0g,14.0g,3.5g,480mg
Soya Pulao - Extra Cheese,100 ml,310,12.0g,48.0g,8.0g,4.0g,480mg
Bhatura - Spicy,100 ml,320,7.0g,42.0g,14.0g,2.0g,410mg
Kadai Chicken - Street Style,100 g,420,27.0g,12.0g,30.0g,1.5g,690mg
Fish Moilee,50 ml,360,20.0g,12.0g,25.0g,1.0g,510mg
Blueberries - Spicy,100 g,57,0.7g,14.5g,0.3g,2.4g,1mg
Veg Korma - Mild,50 ml,340,7.0g,24.0g,25.0g,4.0g,480mg
Schezwan Fried Rice - Street Style,250 g,440,9.0g,64.0g,15.0g,3.5g,890mg
Rajasthani Dal - Mild,100 g,250,10.5g,26.0g,11.0g,5.5g,510mg
Chilli Paneer (Dry) - Extra Cheese,100 g,420,14.0g,28.0g,28.0g,3.0g,720mg
Chicken Tikka Masala - Extra Cheese,100 ml,460,28.0g,14.0g,32.0g,1.5g,780mg
French Toast - Extra Cheese,100 ml,310,9.0g,32.0g,16.0g,1.0g,350mg
Schezwan Fried Rice - Spicy,50 ml,440,9.0g,64.0g,15.0g,3.5g,890mg
Oats Porridge - Extra Cheese,250 g,160,6.0g,28.0g,3.0g,4.0g,40mg
Aloo Tikki (2 pcs) - Spicy,50 ml,240,4.0g,32.0g,11.0g,3.0g,420mg
Grapes ,100 g,69,0.7g,18.0g,0.2g,0.9g,2mg
Salty Lassi - Restaurant Style,150 ml,120,4.0g,20.0g,3.0g,0g,260mg
Chicken Vindaloo - Spicy,300 g,420,24.0g,12.0g,30.0g,1.5g,820mg
Pine Nuts - Street Style,300 g,190,4.0g,4.0g,19.0g,1.5g,1mg
Fruit Chaat,300 g,130,2.0g,30.0g,1.0g,3.5g,40mg
Pad Thai Noodles,300 g,400,10.0g,58.0g,15.0g,3.0g,690mg
Soy Milk - Extra Cheese,150 g,80,6.0g,8.0g,4.0g,1.0g,120mg
Bourbon Biscuit (2 pcs) - Street Style,150 ml,90,1.0g,12.0g,4.5g,0.5g,35mg
Malai Chaap (2 pcs),150 ml,440,22.0g,18.0g,32.0g,3.0g,560mg
Capsicum (Green),100 g,20,0.9g,4.6g,0.2g,1.7g,3mg
Aglio Olio Pasta - Restaurant Style,100 g,340,8.0g,50.0g,11.0g,3.0g,380mg
Cottage Cheese (Paneer) - Restaurant Style,500 g,265,18.0g,6.0g,18.0g,0g,150mg
Hara Bhara Kabab (4 pcs) - Extra Cheese,300 g,220,6.0g,28.0g,10.0g,4.5g,380mg
Paneer Paratha - Street Style,300 g,400,12.0g,48.0g,18.0g,3.5g,420mg
Steamed Rice - Restaurant Style,500 g,260,5.0g,58.0g,0.5g,1.0g,5mg
Cluster Beans,500 g,41,3.2g,7.7g,0.2g,3.5g,4mg
Kheer - Home Style,50 ml,220,6.0g,36.0g,6.0g,0.5g,60mg
Prawn Curry - Home Style,100 g,350,24.0g,9.0g,24.0g,1.0g,580mg
Puran Poli (with ghee) - Street Style,200 ml,350,7.5g,58.0g,10.2g,3.5g,45mg
Rava Idli - Street Style,150 g,190,4.5g,32.0g,5.0g,1.5g,350mg
Chicken Korma - Home Style,250 g,440,24.0g,16.0g,31.0g,1.5g,650mg
Salty Lassi - Extra Cheese,100 ml,120,4.0g,20.0g,3.0g,0g,260mg
Chilli Tofu - Restaurant Style,200 ml,340,14.0g,26.0g,20.0g,3.0g,680mg
Focaccia - Restaurant Style,250 g,230,6.5g,38.0g,6.0g,2.0g,370mg
Gajar Ka Halwa - Home Style,150 ml,260,4.0g,38.0g,10.0g,2.5g,50mg
Broccoli - Restaurant Style,150 ml,34,2.8g,6.6g,0.4g,2.6g,33mg
Sourdough (2 slices) - Home Style,100 ml,180,6.0g,34.0g,1.5g,1.5g,340mg
Veg Noodle Soup,150 ml,120,4.0g,18.0g,3.5g,2.0g,580mg
Cheese N Corn Pizza (1 slice) - Spicy,300 g,290,10.0g,34.0g,13.0g,2.0g,550mg
Mango - Mild,250 g,90,1.4g,22.0g,0.5g,2.6g,1mg
Marie Biscuit (4 pcs),250 g,90,1.5g,14.0g,3.0g,0.5g,60mg
Thepla (1 pc),100 g,110,3.0g,15.0g,4.5g,2.0g,120mg
Nalli Nihari - Mild,100 ml,560,30.0g,8.0g,46.0g,0.5g,780mg
Prawn Noodles - Extra Cheese,150 g,420,20.0g,50.0g,16.0g,1.5g,840mg
Pesto Pasta - Mild,250 g,400,10.0g,44.0g,21.0g,4.0g,360mg
Kesari Bath - Extra Cheese,200 ml,350,3.0g,62.0g,10.0g,1.0g,15mg
Wonton Soup - Spicy,200 g,140,8.0g,18.0g,4.5g,1.5g,610mg
Maharaja Mac Veg - Street Style,100 ml,520,16.0g,54.0g,27.0g,4.0g,920mg
Cauliflower - Mild,100 g,25,1.9g,5.0g,0.3g,2.0g,30mg
McFlurry KitKat - Restaurant Style,500 g,350,7.5g,49.0g,14.0g,1.0g,150mg
Laddu (1 pc) - Home Style,250 g,150,3.5g,18.0g,7.5g,1.0g,20mg
Aloo Paratha - Street Style,50 ml,350,8.0g,48.0g,14.0g,4.0g,380mg
Tofu Korma - Restaurant Style,200 g,340,14.0g,20.0g,24.0g,3.0g,540mg
Veg Korma - Restaurant Style,200 g,340,7.0g,24.0g,25.0g,4.0g,480mg
Tofu Palak - Restaurant Style,150 g,300,16.0g,12.0g,22.0g,4.5g,510mg
Jam (1 tbsp) - Mild,150 g,55,0.1g,14.0g,0g,0.2g,2mg
Fried Rice (Veg) - Spicy,150 ml,380,8.0g,62.0g,11.0g,3.0g,720mg
Soy Milk - Mild,200 ml,80,6.0g,8.0g,4.0g,1.0g,120mg
Club Sandwich - Extra Cheese,100 ml,450,18.0g,44.0g,22.0g,3.0g,720mg
BBQ Chicken Pizza (1 slice) - Restaurant Style,50 ml,350,16.0g,34.0g,17.0g,1.5g,740mg
Cheesecake (1 slice),500 g,350,7.0g,30.0g,22.0g,0.5g,280mg
Brazil Nuts - Mild,150 ml,195,4.0g,3.5g,19.5g,2.0g,1mg
Mango - Street Style,250 g,90,1.4g,22.0g,0.5g,2.6g,1mg
Peach - Spicy,150 g,51,1.2g,12.4g,0.3g,2.0g,0mg
McChicken Burger,250 g,450,16.0g,44.0g,22.0g,2.0g,780mg
Flax Seeds (Alsi) - Mild,300 g,75,2.5g,4.0g,6.0g,4.0g,2mg
Paper Dosa - Spicy,150 g,350,7.0g,52.0g,12.0g,3.0g,530mg
Pineapple - Spicy,100 g,50,0.5g,13.1g,0.1g,1.4g,1mg
Tofu Butter Masala,150 ml,400,14.0g,14.0g,32.0g,3.5g,590mg
Hazelnuts - Home Style,300 g,176,4.5g,5.0g,17.0g,3.0g,0mg
Barfi (2 pcs),150 g,140,3.0g,18.0g,6.5g,0.3g,25mg
Pav Bhaji - Home Style,200 ml,380,9.0g,52.0g,16.0g,7.0g,620mg
Honeydew - Home Style,50 ml,55,0.8g,14.0g,0.2g,1.2g,18mg
Cabbage - Extra Cheese,300 g,25,1.3g,5.8g,0.1g,2.5g,18mg
Zucchini - Mild,150 ml,17,1.2g,3.1g,0.3g,1.0g,8mg
Figs (Anjeer) - Mild,150 ml,75,1.0g,19.0g,0.3g,2.5g,2mg
Mutter Mushroom - Extra Cheese,250 g,200,5.0g,18.0g,11.0g,4.5g,430mg
Hot and Sour Soup - Mild,500 g,95,3.0g,13.0g,3.5g,1.5g,720mg
Gobi Manchurian (Gravy) - Home Style,150 g,350,5.5g,38.0g,19.0g,4.5g,720mg
Custard Apple - Restaurant Style,250 g,101,2.1g,23.5g,0.6g,2.4g,4mg
Pecans - Extra Cheese,100 ml,200,2.5g,4.0g,21.0g,2.5g,0mg
Rasmalai (2 pcs) - Mild,300 g,240,6.0g,32.0g,10.0g,0g,70mg
Sabudana Vada - Home Style,100 g,230,4.0g,38.0g,7.0g,2.5g,340mg
Zucchini - Restaurant Style,200 g,17,1.2g,3.1g,0.3g,1.0g,8mg
Soya Pulao - Spicy,300 g,310,12.0g,48.0g,8.0g,4.0g,480mg
French Fries (Medium) - Spicy,150 ml,320,4.5g,41.0g,15.5g,3.5g,190mg
Pink Sauce Pasta - Home Style,250 g,350,9.5g,50.0g,12.0g,3.0g,470mg
White Sauce Pasta - Street Style,500 g,380,10.0g,48.0g,16.0g,2.5g,450mg
McSpicy Chicken Burger - Mild,200 g,510,22.0g,46.0g,27.0g,2.0g,890mg
Ragda Pattice - Street Style,500 g,310,8.0g,48.0g,10.0g,6.0g,540mg
Almond Milk - Restaurant Style,100 ml,60,2.0g,8.0g,2.5g,1.0g,150mg
Pumpkin - Mild,100 ml,26,1.0g,6.5g,0.1g,0.5g,1mg
Mac and Cheese - Extra Cheese,300 g,410,14.0g,48.0g,18.0g,1.5g,560mg
Pad Thai Noodles - Mild,100 g,400,10.0g,58.0g,15.0g,3.0g,690mg
Undhiyu - Home Style,50 ml,280,6.0g,32.0g,14.0g,8.0g,440mg
Chilli Paneer (Gravy) - Home Style,250 g,390,13.0g,26.0g,26.0g,3.0g,740mg
Gatte ki Sabzi - Street Style,100 g,260,8.0g,20.0g,16.0g,4.0g,520mg
Avocado - Extra Cheese,100 ml,160,2.0g,8.5g,14.7g,6.7g,7mg
Broccoli - Extra Cheese,100 g,34,2.8g,6.6g,0.4g,2.6g,33mg
Poha - Spicy,100 ml,210,4.5g,38.0g,5.0g,3.5g,320mg
Okra (Bhindi) - Spicy,500 g,33,1.9g,7.5g,0.2g,3.2g,7mg
Chicken Dim Sums - Restaurant Style,200 ml,240,14.0g,28.0g,8.0g,1.5g,420mg
Peanuts (Raw) - Restaurant Style,150 ml,160,7.0g,5.0g,14.0g,2.5g,5mg
Garlic Noodles - Spicy,200 g,350,7.5g,52.0g,12.0g,2.5g,760mg
Rye Bread (2 slices) - Home Style,150 ml,150,5.5g,28.0g,2.0g,4.0g,310mg
Pink Sauce Pasta - Restaurant Style,200 ml,350,9.5g,50.0g,12.0g,3.0g,470mg
Celery - Restaurant Style,100 ml,16,0.7g,3.0g,0.2g,1.6g,80mg
Marie Biscuit (4 pcs) - Street Style,200 g,90,1.5g,14.0g,3.0g,0.5g,60mg
McEgg Burger - Restaurant Style,150 ml,350,13.0g,40.0g,16.0g,2.0g,590mg
Prawn Curry - Mild,50 ml,350,24.0g,9.0g,24.0g,1.0g,580mg
Chilli Tofu,200 g,340,14.0g,26.0g,20.0g,3.0g,680mg
Chow Mein - Extra Cheese,200 g,360,8.5g,50.0g,14.0g,3.0g,750mg
Butterscotch Cake (1 slice) - Restaurant Style,200 ml,300,3.5g,40.0g,14.0g,0.5g,190mg
Idli (2 pieces),200 g,120,4.0g,24.0g,0.5g,2.0g,280mg
French Fries (Medium) - Street Style,100 g,320,4.5g,41.0g,15.5g,3.5g,190mg
Soya Chaap (2 pcs) - Spicy,150 g,350,28.0g,20.0g,18.0g,6.0g,490mg
Kadhi Pakora,300 g,300,10.0g,28.0g,16.0g,3.0g,580mg
Mayonnaise (1 tbsp) - Home Style,150 ml,94,0.1g,0.1g,10.0g,0g,90mg
Papaya - Extra Cheese,150 g,59,0.7g,15.0g,0.2g,2.5g,2mg
Hyderabadi Biryani - Mild,250 g,620,30.0g,70.0g,24.0g,2.5g,980mg
Kolkata Biryani - Home Style,200 g,560,24.0g,72.0g,20.0g,2.5g,890mg
Lobia - Restaurant Style,150 ml,240,12.0g,36.0g,6.0g,8.5g,430mg
Garlic Noodles - Extra Cheese,150 g,350,7.5g,52.0g,12.0g,2.5g,760mg
Mozzarella Cheese - Spicy,250 g,85,6.0g,1.0g,6.0g,0g,140mg
Poori Bhaji,100 ml,410,6.5g,52.0g,19.0g,4.0g,590mg
Fig (Fresh) - Home Style,50 ml,37,0.4g,9.6g,0.2g,1.4g,1mg
Veg Biryani - Home Style,150 ml,450,10.0g,72.0g,13.0g,5.0g,720mg
Poha Jalebi - Spicy,200 g,380,5.0g,62.0g,13.0g,2.5g,360mg
French Fries (Medium) - Extra Cheese,150 g,320,4.5g,41.0g,15.5g,3.5g,190mg
Gatte ki Sabzi - Mild,100 g,260,8.0g,20.0g,16.0g,4.0g,520mg
Poori (2 pieces) - Restaurant Style,200 g,240,4.0g,32.0g,11.0g,1.5g,280mg
Grilled Veg Sandwich - Restaurant Style,200 g,290,9.0g,40.0g,10.0g,4.5g,460mg
Blackberries - Spicy,500 g,43,1.4g,10.0g,0.5g,5.3g,1mg
Kanchipuram Idli - Street Style,500 g,210,5.0g,34.0g,6.0g,2.0g,380mg
Chole Bhature,200 ml,580,15.0g,78.0g,24.0g,8.0g,890mg
Egg Curry - Home Style,300 g,290,12.0g,10.0g,22.0g,1.5g,490mg
Snake Gourd - Spicy,150 ml,20,0.8g,4.5g,0.2g,1.0g,4mg
Kadhi Pakora - Street Style,150 ml,300,10.0g,28.0g,16.0g,3.0g,580mg
Dahi Puri (6 pieces),100 g,250,5.5g,36.0g,9.0g,2.5g,380mg
Mutton Rogan Josh - Spicy,200 ml,520,28.0g,10.0g,42.0g,1.0g,680mg
Vanilla Cake (1 slice) - Street Style,500 g,220,3.0g,32.0g,9.0g,0.5g,180mg
Fafda - Mild,50 ml,220,5.0g,28.0g,10.0g,2.0g,480mg
Avocado - Home Style,300 g,160,2.0g,8.5g,14.7g,6.7g,7mg
Dhokla (4 pcs) - Home Style,250 g,180,6.0g,28.0g,5.0g,2.5g,420mg
Fig (Fresh),200 g,37,0.4g,9.6g,0.2g,1.4g,1mg
Haryali Tikka - Mild,200 ml,400,40.0g,10.0g,23.0g,1.0g,660mg
Bhindi Masala - Mild,500 g,160,3.0g,14.0g,10.0g,4.5g,380mg
Oreo (2 pcs) - Mild,200 ml,110,1.0g,16.0g,5.0g,0.5g,75mg
Pav Bhaji,500 g,380,9.0g,52.0g,16.0g,7.0g,620mg
Paneer (Homemade) - Spicy,250 g,265,18.0g,6.0g,18.0g,0g,150mg
Mutter Mushroom - Extra Cheese,200 ml,200,5.0g,18.0g,11.0g,4.5g,430mg
Gatte ki Sabzi - Restaurant Style,250 g,260,8.0g,20.0g,16.0g,4.0g,520mg
Oatmeal Cookie - Mild,200 g,110,2.0g,16.0g,4.5g,1.5g,65mg
Bottle Gourd - Street Style,150 g,14,0.6g,3.4g,0.1g,0.6g,2mg
Kolkata Biryani - Mild,250 g,560,24.0g,72.0g,20.0g,2.5g,890mg
Chicken Vindaloo,300 g,420,24.0g,12.0g,30.0g,1.5g,820mg
Maharaja Mac Veg,150 ml,520,16.0g,54.0g,27.0g,4.0g,920mg
Cupcake (Vanilla) - Mild,100 ml,210,2.5g,32.0g,8.5g,0.5g,160mg
Chole Masala - Home Style,150 g,280,11.0g,30.0g,12.0g,7.0g,520mg
Lettuce - Spicy,150 ml,15,1.4g,2.9g,0.2g,1.3g,28mg
Prawn Dim Sums - Street Style,100 g,230,13.0g,28.0g,8.0g,1.0g,440mg
Drumstick - Restaurant Style,100 g,64,2.1g,8.5g,0.2g,3.2g,8mg
Mix Veg - Home Style,200 ml,150,4.0g,18.0g,7.0g,4.5g,390mg
Chia Seeds - Restaurant Style,150 ml,70,2.5g,6.0g,4.5g,5.0g,2mg
Corn Flakes with Milk - Street Style,50 ml,210,7.0g,38.0g,4.0g,2.0g,180mg
Prunes - Street Style,200 ml,70,0.8g,18.5g,0.1g,2.0g,1mg
Chicken Sausage Pizza (1 slice) - Home Style,200 g,330,15.0g,32.0g,16.0g,1.5g,720mg
Lucknowi Biryani - Spicy,500 g,600,28.0g,68.0g,23.0g,2.0g,950mg
BBQ Chicken Pizza (1 slice) - Restaurant Style,200 g,350,16.0g,34.0g,17.0g,1.5g,740mg
Oreo (2 pcs) - Mild,300 g,110,1.0g,16.0g,5.0g,0.5g,75mg
Sourdough (2 slices) - Mild,100 ml,180,6.0g,34.0g,1.5g,1.5g,340mg
Undhiyu - Spicy,150 g,280,6.0g,32.0g,14.0g,8.0g,440mg
Paneer Biryani - Street Style,100 g,520,14.0g,68.0g,20.0g,4.0g,780mg
Butter Cookie (2 pcs) - Street Style,500 g,95,1.0g,12.0g,5.0g,0.2g,30mg
Cucumber Sandwich,50 ml,180,5.0g,30.0g,4.5g,3.0g,310mg
Idli (2 pieces) - Spicy,150 ml,120,4.0g,24.0g,0.5g,2.0g,280mg
Thepla (1 pc) - Spicy,300 g,110,3.0g,15.0g,4.5g,2.0g,120mg
Navratna Korma - Restaurant Style,100 ml,380,8.0g,22.0g,30.0g,4.5g,520mg
Rajma Masala - Restaurant Style,250 g,260,12.0g,32.0g,9.0g,8.0g,490mg
Masala Chaas - Home Style,150 g,55,2.5g,7.0g,2.0g,0.5g,220mg
Maharaja Mac Veg - Spicy,250 g,520,16.0g,54.0g,27.0g,4.0g,920mg
Aloo Chaat - Mild,100 ml,220,4.0g,36.0g,7.0g,4.0g,380mg
Galouti Kabab (4 pcs),100 g,420,18.0g,14.0g,32.0g,1.5g,480mg
Pad Thai Noodles - Restaurant Style,500 g,400,10.0g,58.0g,15.0g,3.0g,690mg
Gulab Jamun (2 pcs),250 g,200,3.0g,32.0g,7.0g,0.5g,60mg
Chia Seeds - Restaurant Style,200 ml,70,2.5g,6.0g,4.5g,5.0g,2mg
Prawn Malai Curry - Extra Cheese,100 ml,420,22.0g,10.0g,32.0g,0.5g,560mg
Mushroom Pulao - Mild,100 g,300,7.0g,50.0g,8.0g,3.5g,440mg
Strawberries - Mild,150 ml,32,0.7g,7.7g,0.3g,2.0g,1mg
Manchow Soup - Street Style,100 g,90,3.0g,12.0g,3.5g,1.5g,680mg
Grilled Chicken Sandwich - Restaurant Style,100 ml,380,24.0g,34.0g,16.0g,2.5g,680mg
Cheese N Corn Pizza (1 slice) - Restaurant Style,200 ml,290,10.0g,34.0g,13.0g,2.0g,550mg
Seekh Kabab (4 pcs),200 ml,340,24.0g,8.0g,24.0g,2.0g,520mg
Chia Seeds - Spicy,150 g,70,2.5g,6.0g,4.5g,5.0g,2mg
Onion - Mild,200 ml,40,1.1g,9.3g,0.1g,1.7g,4mg
Pongal - Street Style,200 g,340,8.0g,58.0g,8.5g,3.0g,420mg
Oatmeal Cookie - Mild,150 ml,110,2.0g,16.0g,4.5g,1.5g,65mg
Prawn Curry - Spicy,150 g,350,24.0g,9.0g,24.0g,1.0g,580mg
Cauliflower - Extra Cheese,500 g,25,1.9g,5.0g,0.3g,2.0g,30mg
Rajasthani Dal - Street Style,150 g,250,10.5g,26.0g,11.0g,5.5g,510mg
Passion Fruit - Extra Cheese,150 ml,17,0.4g,4.2g,0.1g,1.8g,5mg
Arrabbiata Pasta - Home Style,100 g,320,8.5g,52.0g,8.5g,4.5g,510mg
Tamarind Rice - Extra Cheese,50 ml,280,4.5g,52.0g,5.0g,2.5g,510mg
Mohanthal - Extra Cheese,50 ml,240,5.0g,32.0g,11.0g,1.0g,30mg
Gobi Paratha,50 ml,320,9.0g,46.0g,11.0g,5.0g,350mg
Figs (Anjeer) - Restaurant Style,250 g,75,1.0g,19.0g,0.3g,2.5g,2mg
Prawn Curry,300 g,350,24.0g,9.0g,24.0g,1.0g,580mg
Tangdi Kabab (2 pcs) - Street Style,150 ml,440,38.0g,5.0g,29.0g,0.5g,680mg
Walnuts (Akhrot),100 g,196,4.5g,4.0g,19.5g,2.0g,1mg
Cheese N Corn Pizza (1 slice) - Mild,300 g,290,10.0g,34.0g,13.0g,2.0g,550mg
Prunes - Street Style,150 ml,70,0.8g,18.5g,0.1g,2.0g,1mg
Butter Chicken - Street Style,200 g,485,22.4g,12.6g,38.2g,1.8g,720mg
Red Sauce Pasta - Street Style,500 g,310,9.0g,52.0g,8.0g,4.0g,490mg
Deluxe Veggie (1 slice) - Mild,100 g,295,10.5g,36.0g,12.0g,2.8g,590mg
Chicken McNuggets (6 pcs) - Restaurant Style,50 ml,270,15.0g,16.0g,16.0g,1.0g,500mg
Roasted Chana,100 ml,120,7.0g,18.0g,3.0g,4.5g,80mg
Chicken Pasta - Home Style,150 g,420,22.0g,48.0g,16.0g,2.5g,590mg
Kaju Katli (2 pcs) - Restaurant Style,150 g,110,2.0g,14.0g,5.5g,0.2g,10mg
Flax Seeds (Alsi) - Home Style,150 ml,75,2.5g,4.0g,6.0g,4.0g,2mg
Kesari Bath - Spicy,500 g,350,3.0g,62.0g,10.0g,1.0g,15mg
Orange,500 g,62,1.2g,15.4g,0.2g,3.1g,0mg
Bagel - Extra Cheese,100 ml,190,7.0g,36.0g,1.5g,2.0g,280mg
McVeggie Burger - Spicy,200 ml,380,9.0g,46.0g,17.0g,3.0g,680mg
Butter (1 tbsp) - Mild,300 g,102,0.1g,0g,11.5g,0g,1mg
Lobia - Street Style,150 ml,240,12.0g,36.0g,6.0g,8.5g,430mg
Pesto Pasta,250 g,400,10.0g,44.0g,21.0g,4.0g,360mg
Kesari Bath - Extra Cheese,500 g,350,3.0g,62.0g,10.0g,1.0g,15mg
Corn Flakes with Milk - Street Style,100 ml,210,7.0g,38.0g,4.0g,2.0g,180mg
Bajra Roti - Spicy,200 g,210,6.5g,37.0g,4.0g,5.0g,230mg
Mango Lassi - Street Style,150 g,180,3.5g,32.0g,4.5g,0.5g,75mg
Chicken Fried Rice - Extra Cheese,300 g,460,20.0g,58.0g,16.0g,1.5g,780mg
Poha,100 g,210,4.5g,38.0g,5.0g,3.5g,320mg
McAloo Tikki Burger - Mild,500 g,345,8.0g,48.0g,14.0g,3.5g,650mg
Capsicum (Yellow) - Extra Cheese,100 ml,27,1.0g,6.3g,0.2g,1.8g,3mg
Soft Serve Cone - Spicy,300 g,150,3.5g,24.0g,4.5g,0g,80mg
Kaju Katli (2 pcs) - Home Style,500 g,110,2.0g,14.0g,5.5g,0.2g,10mg
Roasted Chana - Home Style,100 g,120,7.0g,18.0g,3.0g,4.5g,80mg
Dum Aloo - Extra Cheese,50 ml,240,4.0g,22.0g,15.0g,3.0g,460mg
Goan Fish Curry - Mild,200 ml,330,21.0g,11.0g,22.0g,1.5g,570mg
Apricot,100 ml,17,0.5g,3.9g,0.1g,0.7g,0mg
Jalebi Fafda - Mild,500 g,380,7.0g,50.0g,17.0g,2.5g,520mg
Chole Masala - Home Style,150 ml,280,11.0g,30.0g,12.0g,7.0g,520mg
Chicken Noodle Soup - Extra Cheese,200 g,160,10.0g,16.0g,6.0g,1.5g,640mg
Seekh Kabab (4 pcs) - Spicy,150 g,340,24.0g,8.0g,24.0g,2.0g,520mg
Jeera Rice - Restaurant Style,100 g,240,4.5g,48.0g,3.0g,1.0g,290mg
Chicken Sausage Pizza (1 slice),50 ml,330,15.0g,32.0g,16.0g,1.5g,720mg
Spring Rolls (2 pcs),250 g,220,5.0g,28.0g,10.0g,2.5g,410mg
Rye Bread (2 slices) - Mild,200 g,150,5.5g,28.0g,2.0g,4.0g,310mg
Dahi Puri (6 pieces) - Mild,250 g,250,5.5g,36.0g,9.0g,2.5g,380mg
Coconut Rice - Spicy,300 g,340,4.0g,44.0g,17.0g,3.0g,280mg
Arrabbiata Pasta - Spicy,200 g,320,8.5g,52.0g,8.5g,4.5g,510mg
Dhokla (4 pcs) - Spicy,250 g,180,6.0g,28.0g,5.0g,2.5g,420mg
Mango Lassi - Spicy,500 g,180,3.5g,32.0g,4.5g,0.5g,75mg
Aloo Paratha - Extra Cheese,250 g,350,8.0g,48.0g,14.0g,4.0g,380mg
Salty Lassi - Extra Cheese,200 g,120,4.0g,20.0g,3.0g,0g,260mg
Croissant - Mild,150 ml,230,4.5g,26.0g,12.0g,1.5g,210mg
Macadamia Nuts,300 g,215,2.5g,4.0g,22.5g,2.5g,1mg
French Beans - Mild,50 ml,31,1.8g,7.0g,0.1g,3.4g,6mg
McEgg Burger - Street Style,250 g,350,13.0g,40.0g,16.0g,2.0g,590mg
Milk (Full Fat) - Home Style,300 g,124,6.4g,9.6g,7.0g,0g,100mg
Fox Nuts (Makhana) - Spicy,150 g,110,4.5g,20.0g,1.5g,4.0g,8mg
Strawberries,150 g,32,0.7g,7.7g,0.3g,2.0g,1mg
Litchi - Street Style,50 ml,66,0.8g,16.5g,0.4g,1.3g,1mg
Muskmelon - Street Style,300 g,51,1.3g,12.0g,0.3g,1.1g,16mg
Milk Biscuit (2 pcs) - Restaurant Style,250 g,85,1.5g,12.0g,3.5g,0.3g,45mg
Brazil Nuts - Spicy,500 g,195,4.0g,3.5g,19.5g,2.0g,1mg
Undhiyu - Home Style,200 ml,280,6.0g,32.0g,14.0g,8.0g,440mg
Mac and Cheese,150 ml,410,14.0g,48.0g,18.0g,1.5g,560mg
Papdi Chaat,100 g,280,5.0g,42.0g,10.0g,3.5g,460mg
Hyderabadi Biryani - Restaurant Style,500 g,620,30.0g,70.0g,24.0g,2.5g,980mg
Veg Extravaganza (1 slice) - Street Style,150 ml,320,12.0g,38.0g,13.5g,3.0g,620mg
Paneer Paratha - Restaurant Style,200 g,400,12.0g,48.0g,18.0g,3.5g,420mg
Gulab Jamun (2 pcs) - Restaurant Style,150 ml,200,3.0g,32.0g,7.0g,0.5g,60mg
Snake Gourd - Home Style,100 ml,20,0.8g,4.5g,0.2g,1.0g,4mg
Chicken Noodle Soup - Extra Cheese,100 ml,160,10.0g,16.0g,6.0g,1.5g,640mg
Cottage Cheese (Paneer) - Restaurant Style,150 ml,265,18.0g,6.0g,18.0g,0g,150mg
Paneer Lababdar - Home Style,200 ml,480,14.0g,15.0g,40.0g,2.0g,620mg
Chicken Tikka (6 pcs) - Street Style,100 g,420,42.0g,6.0g,25.0g,0.5g,680mg
Flavored Yogurt (Mango) - Mild,200 g,115,3.0g,19.0g,2.5g,0g,40mg
Hakka Noodles - Mild,200 g,340,7.5g,54.0g,10.0g,2.5g,720mg
Fish Curry - Street Style,200 g,340,22.0g,10.0g,23.0g,1.5g,540mg
Nalli Nihari - Restaurant Style,500 g,560,30.0g,8.0g,46.0g,0.5g,780mg
Tandoori Paneer Tikka,50 ml,380,16.0g,12.0g,30.0g,2.0g,540mg
Celery - Mild,200 ml,16,0.7g,3.0g,0.2g,1.6g,80mg
Chicken Curry - Restaurant Style,150 g,380,26.0g,8.0g,27.0g,1.0g,620mg
Salted Butter (1 tbsp),200 ml,102,0.1g,0g,11.5g,0g,90mg
Egg Masala - Spicy,500 g,310,13.0g,12.0g,23.0g,1.5g,520mg
Chia Seeds - Restaurant Style,250 g,70,2.5g,6.0g,4.5g,5.0g,2mg
Brinjal (Eggplant) - Restaurant Style,100 g,25,1.0g,5.9g,0.2g,3.0g,2mg
Capsicum (Green) - Mild,500 g,20,0.9g,4.6g,0.2g,1.7g,3mg
Paneer (Homemade),300 g,265,18.0g,6.0g,18.0g,0g,150mg
Upma - Mild,250 g,280,6.0g,48.0g,7.0g,3.5g,480mg
Blueberries - Street Style,200 g,57,0.7g,14.5g,0.3g,2.4g,1mg
Whole Wheat Bread (2 slices) - Restaurant Style,100 ml,145,6.0g,26.0g,2.0g,4.0g,290mg
Lobia - Spicy,500 g,240,12.0g,36.0g,6.0g,8.5g,430mg
Bhindi Masala - Street Style,150 ml,160,3.0g,14.0g,10.0g,4.5g,380mg
BBQ Chicken Pizza (1 slice) - Spicy,500 g,350,16.0g,34.0g,17.0g,1.5g,740mg
Pad Thai Noodles - Spicy,100 g,400,10.0g,58.0g,15.0g,3.0g,690mg
Cinnamon Roll,250 g,290,5.0g,42.0g,11.0g,1.5g,250mg
Tofu Kadai - Mild,150 g,360,15.0g,16.0g,26.0g,3.5g,580mg
Upma - Restaurant Style,150 g,280,6.0g,48.0g,7.0g,3.5g,480mg
White Bread (2 slices) - Mild,100 g,160,5.0g,28.0g,2.5g,1.0g,300mg
Kachori (1 pc) - Spicy,500 g,260,5.0g,30.0g,13.0g,2.5g,340mg
Mutton Korma - Mild,250 g,540,26.0g,14.0g,43.0g,1.0g,640mg
Vanilla Cake (1 slice) - Spicy,150 ml,220,3.0g,32.0g,9.0g,0.5g,180mg
Milk (Full Fat) - Home Style,100 g,124,6.4g,9.6g,7.0g,0g,100mg
Panchmel Dal - Street Style,50 ml,240,10.0g,27.0g,10.5g,5.5g,470mg
Cranberries - Street Style,200 ml,46,0.4g,12.0g,0.1g,4.6g,2mg
Carrot Cake (1 slice) - Mild,200 g,310,4.5g,40.0g,15.0g,2.0g,230mg
Shami Kabab (4 pcs) - Street Style,200 ml,380,22.0g,16.0g,25.0g,2.0g,540mg
Mango Lassi,150 g,180,3.5g,32.0g,4.5g,0.5g,75mg
Mango - Spicy,300 g,90,1.4g,22.0g,0.5g,2.6g,1mg
Bottle Gourd - Extra Cheese,200 g,14,0.6g,3.4g,0.1g,0.6g,2mg
Chilli Chicken - Spicy,200 g,450,28.0g,24.0g,28.0g,1.5g,860mg
Pear - Extra Cheese,300 g,81,0.6g,21.5g,0.2g,4.6g,1mg
Kaju Katli (2 pcs) - Street Style,250 g,110,2.0g,14.0g,5.5g,0.2g,10mg
Blueberries - Spicy,200 g,57,0.7g,14.5g,0.3g,2.4g,1mg
Veg Noodle Soup - Home Style,200 ml,120,4.0g,18.0g,3.5g,2.0g,580mg
Dal Fry - Street Style,300 g,230,9.5g,26.0g,10.0g,5.5g,490mg
Red Velvet Cake (1 slice) - Spicy,250 g,320,4.5g,42.0g,15.0g,1.0g,220mg
Khakhra (1 pc),100 ml,70,2.0g,10.0g,2.5g,1.5g,80mg
Soy Milk - Spicy,150 ml,80,6.0g,8.0g,4.0g,1.0g,120mg
Cluster Beans,150 ml,41,3.2g,7.7g,0.2g,3.5g,4mg
Raspberries - Home Style,500 g,52,1.2g,12.0g,0.7g,6.5g,1mg
Shahi Paneer - Mild,100 ml,490,13.0g,14.0g,42.0g,2.5g,560mg
Spinach,100 g,23,2.9g,3.6g,0.4g,2.2g,79mg
Papdi Chaat - Street Style,200 g,280,5.0g,42.0g,10.0g,3.5g,460mg
French Beans - Mild,500 g,31,1.8g,7.0g,0.1g,3.4g,6mg
Prawn Malai Curry - Spicy,200 ml,420,22.0g,10.0g,32.0g,0.5g,560mg
French Fries (Large) - Mild,100 g,430,6.0g,55.0g,21.0g,4.5g,260mg
Hakka Noodles - Extra Cheese,250 g,340,7.5g,54.0g,10.0g,2.5g,720mg
Chikki (Peanut Brittle) - Home Style,200 g,140,4.0g,18.0g,6.0g,1.5g,15mg
Focaccia - Extra Cheese,200 g,230,6.5g,38.0g,6.0g,2.0g,370mg
Almonds (Badam) - Street Style,200 ml,173,6.0g,6.0g,15.0g,3.5g,0mg
Cottage Cheese (Paneer) - Street Style,300 g,265,18.0g,6.0g,18.0g,0g,150mg
Persimmon - Extra Cheese,200 g,70,0.6g,18.6g,0.2g,3.6g,1mg
Chocolate Chip Cookie - Mild,300 g,120,1.5g,16.0g,6.0g,0.5g,50mg
Dal Makhani - Street Style,200 g,320,12.0g,28.0g,18.0g,6.0g,480mg
Rye Bread (2 slices) - Street Style,150 ml,150,5.5g,28.0g,2.0g,4.0g,310mg
Shami Kabab (4 pcs) - Street Style,200 ml,380,22.0g,16.0g,25.0g,2.0g,540mg
Prawn Curry - Street Style,150 ml,350,24.0g,9.0g,24.0g,1.0g,580mg
Aloo Matar - Home Style,250 g,190,4.5g,20.0g,10.0g,4.0g,410mg
Mayonnaise (1 tbsp) - Mild,200 ml,94,0.1g,0.1g,10.0g,0g,90mg
Oat Milk - Street Style,500 g,90,3.0g,14.0g,3.0g,1.5g,100mg
Muskmelon - Mild,100 ml,51,1.3g,12.0g,0.3g,1.1g,16mg
Roasted Chana - Restaurant Style,500 g,120,7.0g,18.0g,3.0g,4.5g,80mg
Sabudana Khichdi - Mild,300 g,250,3.5g,48.0g,5.0g,2.0g,280mg
Patra - Restaurant Style,150 g,170,3.0g,28.0g,5.5g,3.0g,410mg
French Fries (Large) - Mild,100 g,430,6.0g,55.0g,21.0g,4.5g,260mg
Whole Wheat Bread (2 slices) - Restaurant Style,50 ml,145,6.0g,26.0g,2.0g,4.0g,290mg
Soya Chunk Biryani - Mild,150 g,480,18.0g,70.0g,15.0g,6.0g,740mg
Pedha (2 pcs) - Home Style,100 g,130,3.0g,18.0g,5.5g,0g,35mg
Garlic Noodles - Restaurant Style,300 g,350,7.5g,52.0g,12.0g,2.5g,760mg
Apricot - Mild,150 ml,17,0.5g,3.9g,0.1g,0.7g,0mg
Paneer Paratha - Restaurant Style,200 g,400,12.0g,48.0g,18.0g,3.5g,420mg
Spinach - Extra Cheese,50 ml,23,2.9g,3.6g,0.4g,2.2g,79mg
Brioche Bun - Home Style,200 g,220,6.0g,28.0g,10.0g,1.0g,230mg
Schezwan Fried Rice - Extra Cheese,200 ml,440,9.0g,64.0g,15.0g,3.5g,890mg
Egg Sandwich - Extra Cheese,150 g,320,14.0g,32.0g,15.0g,2.0g,540mg
Greek Yogurt,500 g,100,10.0g,4.0g,5.0g,0g,35mg
Fish Moilee - Mild,100 g,360,20.0g,12.0g,25.0g,1.0g,510mg
Chocolate Chip Cookie - Home Style,300 g,120,1.5g,16.0g,6.0g,0.5g,50mg
Dal Tadka - Extra Cheese,300 g,210,9.0g,24.0g,9.0g,5.0g,460mg
Pineapple Cake (1 slice) - Spicy,200 ml,260,3.0g,38.0g,10.0g,0.8g,170mg
Egg Biryani - Street Style,500 g,490,18.0g,68.0g,16.0g,2.5g,810mg
Chow Mein - Spicy,200 g,360,8.5g,50.0g,14.0g,3.0g,750mg
Idli (2 pieces) - Restaurant Style,100 g,120,4.0g,24.0g,0.5g,2.0g,280mg
Malai Chaap (2 pcs) - Street Style,50 ml,440,22.0g,18.0g,32.0g,3.0g,560mg
Lobia - Restaurant Style,250 g,240,12.0g,36.0g,6.0g,8.5g,430mg
Blueberries - Mild,150 g,57,0.7g,14.5g,0.3g,2.4g,1mg
Apple - Home Style,200 ml,78,0.4g,20.8g,0.2g,3.6g,1mg
Alfredo Pasta - Extra Cheese,300 g,420,12.0g,46.0g,20.0g,2.0g,520mg
Chicken McNuggets (6 pcs) - Home Style,150 g,270,15.0g,16.0g,16.0g,1.0g,500mg
Dahi Bhalla - Street Style,250 g,270,6.0g,38.0g,10.0g,3.0g,440mg
Cherries - Home Style,250 g,50,1.0g,12.0g,0.3g,1.6g,0mg
Undhiyu - Restaurant Style,150 ml,280,6.0g,32.0g,14.0g,8.0g,440mg
Honeydew - Extra Cheese,200 ml,55,0.8g,14.0g,0.2g,1.2g,18mg
Lassi (Sweet) - Home Style,500 g,150,4.0g,28.0g,3.0g,0g,80mg
Kanda Bhaji - Street Style,100 g,280,4.0g,32.0g,15.0g,3.0g,460mg
Chocolate Cake (1 slice),150 g,280,4.0g,38.0g,12.0g,1.0g,200mg
Focaccia - Extra Cheese,100 ml,230,6.5g,38.0g,6.0g,2.0g,370mg
Prawn Biryani - Spicy,200 ml,510,26.0g,64.0g,18.0g,1.5g,880mg
BLT Sandwich - Spicy,250 g,430,18.0g,36.0g,24.0g,2.5g,760mg
Goan Fish Curry - Mild,150 ml,330,21.0g,11.0g,22.0g,1.5g,570mg
Chicken McNuggets (6 pcs) - Extra Cheese,150 g,270,15.0g,16.0g,16.0g,1.0g,500mg
Fried Rice (Veg) - Street Style,100 ml,380,8.0g,62.0g,11.0g,3.0g,720mg
Vanilla Cake (1 slice) - Mild,150 ml,220,3.0g,32.0g,9.0g,0.5g,180mg
Garlic Noodles - Mild,250 g,350,7.5g,52.0g,12.0g,2.5g,760mg
McSpicy Paneer Burger - Mild,250 g,470,14.0g,48.0g,24.0g,2.5g,820mg
Kesari Bath - Extra Cheese,150 g,350,3.0g,62.0g,10.0g,1.0g,15mg
Carrot,500 g,41,0.9g,9.6g,0.2g,2.8g,69mg
Handvo - Mild,300 g,210,7.0g,32.0g,7.0g,4.0g,390mg
Malai Tikka (6 pcs) - Restaurant Style,150 ml,460,38.0g,8.0g,30.0g,0.5g,640mg
Apricots (Dried) - Spicy,150 g,70,1.0g,18.0g,0.1g,2.0g,2mg
Pongal - Home Style,150 g,340,8.0g,58.0g,8.5g,3.0g,420mg
Fish Curry - Home Style,500 g,340,22.0g,10.0g,23.0g,1.5g,540mg
BLT Sandwich - Mild,200 ml,430,18.0g,36.0g,24.0g,2.5g,760mg
Thatte Idli - Mild,100 ml,200,5.5g,36.0g,4.5g,2.5g,360mg
Bottle Gourd - Home Style,200 ml,14,0.6g,3.4g,0.1g,0.6g,2mg
Grilled Chicken Sandwich - Spicy,150 ml,380,24.0g,34.0g,16.0g,2.5g,680mg
White Sauce Pasta,100 g,380,10.0g,48.0g,16.0g,2.5g,450mg
Club Sandwich - Street Style,100 g,450,18.0g,44.0g,22.0g,3.0g,720mg
Multigrain Bread (2 slices) - Street Style,50 ml,150,6.5g,25.0g,2.5g,3.5g,270mg
Andhra Chicken Curry - Home Style,250 g,390,25.0g,9.0g,28.0g,1.5g,740mg
Snake Gourd - Extra Cheese,100 g,20,0.8g,4.5g,0.2g,1.0g,4mg
Chicken Chettinad - Street Style,500 g,400,26.0g,10.0g,29.0g,2.0g,710mg
Pani Puri (6 pieces) - Extra Cheese,200 ml,180,3.2g,32.0g,4.8g,2.0g,290mg
Bourbon Biscuit (2 pcs) - Restaurant Style,50 ml,90,1.0g,12.0g,4.5g,0.5g,35mg
Cantaloupe - Home Style,100 ml,34,0.8g,8.2g,0.2g,0.9g,16mg
Brownie (1 piece) - Restaurant Style,200 ml,220,2.5g,28.0g,11.0g,1.0g,100mg
Barfi (2 pcs) - Restaurant Style,200 ml,140,3.0g,18.0g,6.5g,0.3g,25mg
Chilli Chicken,150 ml,450,28.0g,24.0g,28.0g,1.5g,860mg
Bagel - Spicy,200 g,190,7.0g,36.0g,1.5g,2.0g,280mg
Soy Milk - Mild,100 ml,80,6.0g,8.0g,4.0g,1.0g,120mg
Milk (Full Fat) - Restaurant Style,100 ml,124,6.4g,9.6g,7.0g,0g,100mg
Oatmeal Cookie - Extra Cheese,200 g,110,2.0g,16.0g,4.5g,1.5g,65mg
Aloo Paratha - Restaurant Style,100 ml,350,8.0g,48.0g,14.0g,4.0g,380mg
Pumpkin Seeds - Mild,500 g,160,8.0g,4.0g,13.5g,1.5g,5mg
Fafda - Home Style,300 g,220,5.0g,28.0g,10.0g,2.0g,480mg
Pumpkin Seeds - Restaurant Style,50 ml,160,8.0g,4.0g,13.5g,1.5g,5mg
Mango Lassi - Extra Cheese,200 ml,180,3.5g,32.0g,4.5g,0.5g,75mg
Garlic Fried Rice - Home Style,100 g,420,8.5g,60.0g,14.0g,2.5g,810mg
Watermelon - Street Style,100 g,46,0.9g,11.5g,0.2g,0.6g,1mg
Paneer Butter Masala - Street Style,100 g,450,14.5g,14.0g,36.0g,2.5g,650mg
Veg Korma - Extra Cheese,200 ml,340,7.0g,24.0g,25.0g,4.0g,480mg
Ridge Gourd - Mild,100 g,17,0.8g,3.8g,0.2g,1.2g,3mg
Vada (2 pieces) - Street Style,500 g,250,6.0g,28.0g,13.0g,3.0g,450mg
Tangdi Kabab (2 pcs),200 g,440,38.0g,5.0g,29.0g,0.5g,680mg
Pumpkin Seeds - Street Style,200 g,160,8.0g,4.0g,13.5g,1.5g,5mg
Peach - Spicy,250 g,51,1.2g,12.4g,0.3g,2.0g,0mg
Papaya - Extra Cheese,150 ml,59,0.7g,15.0g,0.2g,2.5g,2mg
Dates (Khajoor) - Mild,500 g,90,0.8g,24.0g,0.2g,2.0g,1mg
Sabudana Vada - Street Style,50 ml,230,4.0g,38.0g,7.0g,2.5g,340mg
Aloo Paratha,100 g,350,8.0g,48.0g,14.0g,4.0g,380mg
Aloo Matar - Street Style,250 g,190,4.5g,20.0g,10.0g,4.0g,410mg
Wonton Soup - Extra Cheese,100 g,140,8.0g,18.0g,4.5g,1.5g,610mg
Dim Sums (4 pcs) - Street Style,100 g,210,8.0g,30.0g,6.0g,2.0g,380mg
Nectarine - Restaurant Style,50 ml,62,1.5g,15.0g,0.5g,2.4g,0mg
Cheese Garlic Bread - Extra Cheese,150 g,310,11.0g,34.0g,15.0g,2.0g,520mg
Shami Kabab (4 pcs) - Mild,200 g,380,22.0g,16.0g,25.0g,2.0g,540mg
Aloo Gobi - Restaurant Style,100 g,170,4.0g,20.0g,8.0g,4.0g,350mg
Pumpkin Seeds - Restaurant Style,200 g,160,8.0g,4.0g,13.5g,1.5g,5mg
Tofu Matar,200 ml,280,15.0g,18.0g,16.0g,4.0g,480mg
Akki Roti - Home Style,200 ml,220,5.0g,40.0g,4.5g,3.0g,290mg
Haryali Tikka - Mild,200 g,400,40.0g,10.0g,23.0g,1.0g,660mg
Cheese Spread (1 tbsp),200 ml,45,2.0g,1.5g,3.5g,0g,120mg
Veg Noodle Soup - Extra Cheese,50 ml,120,4.0g,18.0g,3.5g,2.0g,580mg
Sunflower Seeds - Street Style,500 g,175,6.0g,6.0g,15.5g,3.0g,2mg
BBQ Chicken Pizza (1 slice) - Street Style,250 g,350,16.0g,34.0g,17.0g,1.5g,740mg
Soan Papdi (2 pcs) - Mild,150 g,100,1.5g,12.0g,5.5g,0.2g,10mg
Paneer Butter Masala - Street Style,100 g,450,14.5g,14.0g,36.0g,2.5g,650mg
Sourdough (2 slices) - Street Style,150 ml,180,6.0g,34.0g,1.5g,1.5g,340mg
Masala Chaas,100 ml,55,2.5g,7.0g,2.0g,0.5g,220mg
Chicken Fried Rice - Extra Cheese,150 g,460,20.0g,58.0g,16.0g,1.5g,780mg
Milk (Toned),500 g,100,6.6g,9.8g,4.4g,0g,110mg
Tofu Tikka Masala - Home Style,100 ml,370,16.0g,16.0g,28.0g,3.5g,620mg
Chicken Club Sandwich,100 ml,500,26.0g,42.0g,25.0g,2.5g,790mg
Chicken Club Sandwich - Extra Cheese,200 g,500,26.0g,42.0g,25.0g,2.5g,790mg
Butter Cookie (2 pcs),150 g,95,1.0g,12.0g,5.0g,0.2g,30mg
Laddu (1 pc) - Spicy,100 g,150,3.5g,18.0g,7.5g,1.0g,20mg
Focaccia,50 ml,230,6.5g,38.0g,6.0g,2.0g,370mg
Dal Baati Churma - Extra Cheese,50 ml,650,18.0g,88.0g,24.0g,10.0g,580mg
Persimmon - Spicy,200 g,70,0.6g,18.6g,0.2g,3.6g,1mg
Kadai Paneer - Spicy,50 ml,420,12.5g,15.0g,34.0g,3.0g,610mg
Kaju Katli (2 pcs) - Street Style,300 g,110,2.0g,14.0g,5.5g,0.2g,10mg
Masala Dosa - Restaurant Style,150 ml,315,8.2g,48.5g,9.8g,4.2g,580mg
McEgg Burger - Home Style,250 g,350,13.0g,40.0g,16.0g,2.0g,590mg
Cantaloupe - Spicy,300 g,34,0.8g,8.2g,0.2g,0.9g,16mg
Donut (Glazed) - Extra Cheese,50 ml,270,4.0g,31.0g,15.0g,1.0g,220mg
Blackberries,200 ml,43,1.4g,10.0g,0.5g,5.3g,1mg
Cottage Cheese (Paneer),250 g,265,18.0g,6.0g,18.0g,0g,150mg
Bitter Gourd - Spicy,50 ml,17,1.0g,3.7g,0.2g,2.8g,5mg
Methi Thepla - Extra Cheese,150 g,115,3.2g,15.5g,4.8g,2.2g,125mg
Cheese Spread (1 tbsp) - Restaurant Style,200 g,45,2.0g,1.5g,3.5g,0g,120mg
Croissant (Chocolate) - Extra Cheese,200 g,280,5.0g,30.0g,16.0g,1.5g,230mg
Kachori (1 pc) - Restaurant Style,100 ml,260,5.0g,30.0g,13.0g,2.5g,340mg
Danish Pastry - Mild,100 g,280,4.5g,32.0g,15.0g,1.0g,200mg
Lychee - Mild,200 g,66,0.8g,16.5g,0.4g,1.3g,1mg
Rajma Masala - Spicy,500 g,260,12.0g,32.0g,9.0g,8.0g,490mg
Peanuts (Raw) - Home Style,250 g,160,7.0g,5.0g,14.0g,2.5g,5mg
Tofu Tikka Masala,500 g,370,16.0g,16.0g,28.0g,3.5g,620mg
Soy Milk - Street Style,200 ml,80,6.0g,8.0g,4.0g,1.0g,120mg
Hakka Noodles,150 ml,340,7.5g,54.0g,10.0g,2.5g,720mg
Honeydew - Restaurant Style,200 ml,55,0.8g,14.0g,0.2g,1.2g,18mg
Misal Pav,200 g,380,14.0g,48.0g,16.0g,7.0g,720mg
Prunes - Street Style,250 g,70,0.8g,18.5g,0.1g,2.0g,1mg
Pad Thai Noodles - Restaurant Style,500 g,400,10.0g,58.0g,15.0g,3.0g,690mg
Apricot,250 g,17,0.5g,3.9g,0.1g,0.7g,0mg
Mutton Rogan Josh - Home Style,200 ml,520,28.0g,10.0g,42.0g,1.0g,680mg
Fish Curry - Restaurant Style,100 g,340,22.0g,10.0g,23.0g,1.5g,540mg
Guava - Restaurant Style,150 ml,68,2.6g,14.3g,1.0g,5.4g,2mg
Jeera Rice,50 ml,240,4.5g,48.0g,3.0g,1.0g,290mg
Mysore Pak (1 pc) - Street Style,100 ml,130,2.0g,16.0g,6.5g,0.2g,15mg
Raisins (Kishmish) - Restaurant Style,250 g,90,1.0g,24.0g,0.1g,1.0g,5mg
Watermelon - Mild,300 g,46,0.9g,11.5g,0.2g,0.6g,1mg
Cheese Garlic Bread - Street Style,100 g,310,11.0g,34.0g,15.0g,2.0g,520mg
Pineapple Cake (1 slice) - Mild,500 g,260,3.0g,38.0g,10.0g,0.8g,170mg
Peanut Butter (1 tbsp) - Spicy,200 g,95,4.0g,3.5g,8.0g,1.0g,65mg
Tofu Korma,150 ml,340,14.0g,20.0g,24.0g,3.0g,540mg
Papdi Chaat,300 g,280,5.0g,42.0g,10.0g,3.5g,460mg
Pedha (2 pcs) - Restaurant Style,300 g,130,3.0g,18.0g,5.5g,0g,35mg
Brownie (1 piece) - Restaurant Style,50 ml,220,2.5g,28.0g,11.0g,1.0g,100mg
Margherita Pizza (1 slice) - Home Style,50 ml,285,12.0g,34.0g,11.0g,2.0g,520mg
Moong Dal Halwa - Extra Cheese,50 ml,350,8.0g,45.0g,16.0g,3.0g,40mg
Kala Chana - Restaurant Style,200 g,250,13.0g,34.0g,7.0g,9.0g,450mg
Almonds (Badam),100 ml,173,6.0g,6.0g,15.0g,3.5g,0mg
Reshmi Kabab (4 pcs) - Restaurant Style,300 g,400,28.0g,6.0g,29.0g,0.5g,560mg
Potato - Spicy,150 g,77,2.0g,17.5g,0.1g,2.2g,6mg
Corn Flakes with Milk - Spicy,300 g,210,7.0g,38.0g,4.0g,2.0g,180mg
Dates (Khajoor) - Spicy,100 ml,90,0.8g,24.0g,0.2g,2.0g,1mg
Cheese Pizza (1 slice) - Extra Cheese,250 g,300,11.5g,35.0g,13.0g,1.8g,560mg
Fruit Chaat - Mild,50 ml,130,2.0g,30.0g,1.0g,3.5g,40mg
Spinach - Spicy,100 g,23,2.9g,3.6g,0.4g,2.2g,79mg
Chicken Noodle Soup - Extra Cheese,100 ml,160,10.0g,16.0g,6.0g,1.5g,640mg
Navratna Korma - Home Style,150 ml,380,8.0g,22.0g,30.0g,4.5g,520mg
Black Forest Cake (1 slice),200 ml,330,4.0g,44.0g,15.5g,1.0g,210mg
Veg Noodles - Street Style,50 ml,320,8.0g,52.0g,8.5g,3.0g,680mg
Pineapple Cake (1 slice),150 ml,260,3.0g,38.0g,10.0g,0.8g,170mg
Aglio Olio Pasta - Street Style,300 g,340,8.0g,50.0g,11.0g,3.0g,380mg
Chicken Dim Sums,300 g,240,14.0g,28.0g,8.0g,1.5g,420mg
Prunes - Restaurant Style,500 g,70,0.8g,18.5g,0.1g,2.0g,1mg
Cheese Spread (1 tbsp) - Mild,200 g,45,2.0g,1.5g,3.5g,0g,120mg
Glucose Biscuit (2 pcs) - Street Style,150 ml,85,1.0g,14.0g,2.5g,0.3g,50mg
French Fries (Medium) - Mild,100 ml,320,4.5g,41.0g,15.5g,3.5g,190mg
Macaron (1 pc) - Spicy,500 g,90,1.5g,12.0g,4.0g,0.2g,15mg
Lettuce - Home Style,150 g,15,1.4g,2.9g,0.2g,1.3g,28mg
French Beans - Home Style,50 ml,31,1.8g,7.0g,0.1g,3.4g,6mg
Salty Lassi - Street Style,50 ml,120,4.0g,20.0g,3.0g,0g,260mg
Jowar Roti - Mild,250 g,200,6.0g,36.0g,3.5g,4.5g,220mg
Paneer Do Pyaza,50 ml,430,13.0g,18.0g,34.0g,3.0g,590mg
Farmhouse Pizza (1 slice),250 g,300,11.0g,36.0g,12.5g,2.5g,580mg
Dal Tadka - Home Style,50 ml,210,9.0g,24.0g,9.0g,5.0g,460mg
Chilli Tofu,500 g,340,14.0g,26.0g,20.0g,3.0g,680mg
Motichoor Laddu - Extra Cheese,150 ml,145,3.0g,18.0g,7.0g,0.8g,22mg
Shami Kabab (4 pcs) - Extra Cheese,100 ml,380,22.0g,16.0g,25.0g,2.0g,540mg
Pomegranate - Mild,150 ml,83,1.7g,18.7g,1.2g,4.0g,3mg
Tandoori Paneer Tikka - Extra Cheese,200 ml,380,16.0g,12.0g,30.0g,2.0g,540mg
Bhel Puri,150 g,210,4.0g,40.0g,5.0g,3.5g,340mg
Chicken Noodles - Restaurant Style,100 ml,440,22.0g,50.0g,17.0g,2.0g,820mg
Greek Yogurt - Extra Cheese,150 g,100,10.0g,4.0g,5.0g,0g,35mg
Shahi Paneer - Home Style,250 g,490,13.0g,14.0g,42.0g,2.5g,560mg
McEgg Burger,200 g,350,13.0g,40.0g,16.0g,2.0g,590mg
Croissant (Chocolate) - Restaurant Style,100 ml,280,5.0g,30.0g,16.0g,1.5g,230mg
Bread Roll - Spicy,100 ml,140,4.0g,25.0g,2.5g,1.2g,190mg
Chicken Korma - Mild,150 g,440,24.0g,16.0g,31.0g,1.5g,650mg
Vanilla Cake (1 slice) - Restaurant Style,50 ml,220,3.0g,32.0g,9.0g,0.5g,180mg
Gobi Manchurian (Gravy) - Spicy,300 g,350,5.5g,38.0g,19.0g,4.5g,720mg
Flavored Yogurt (Strawberry) - Street Style,150 ml,110,3.0g,18.0g,2.5g,0g,40mg
Dahi (Curd),200 g,70,3.5g,5.0g,4.0g,0g,45mg
Chocolate Cake (1 slice) - Spicy,250 g,280,4.0g,38.0g,12.0g,1.0g,200mg
Cheese Spread (1 tbsp) - Home Style,100 ml,45,2.0g,1.5g,3.5g,0g,120mg
Hide & Seek (2 pcs) - Restaurant Style,100 g,105,1.5g,14.0g,5.0g,0.5g,35mg
McAloo Tikki Burger - Spicy,200 ml,345,8.0g,48.0g,14.0g,3.5g,650mg
Gatte ki Sabzi - Mild,150 ml,260,8.0g,20.0g,16.0g,4.0g,520mg
Ridge Gourd,200 ml,17,0.8g,3.8g,0.2g,1.2g,3mg
Cauliflower - Home Style,200 ml,25,1.9g,5.0g,0.3g,2.0g,30mg
Dum Aloo - Home Style,300 g,240,4.0g,22.0g,15.0g,3.0g,460mg
Chicken Vindaloo - Restaurant Style,100 g,420,24.0g,12.0g,30.0g,1.5g,820mg
Oat Milk - Mild,500 g,90,3.0g,14.0g,3.0g,1.5g,100mg
Mutton Korma - Home Style,250 g,540,26.0g,14.0g,43.0g,1.0g,640mg
Fig (Fresh) - Home Style,50 ml,37,0.4g,9.6g,0.2g,1.4g,1mg
Chicken Biryani - Extra Cheese,100 g,520,28.0g,65.0g,18.0g,2.0g,890mg
Vada (2 pieces) - Home Style,250 g,250,6.0g,28.0g,13.0g,3.0g,450mg
Egg Bhurji - Spicy,50 ml,210,14.0g,4.0g,15.0g,0.5g,420mg
Mutton Korma - Spicy,200 g,540,26.0g,14.0g,43.0g,1.0g,640mg
Singapore Noodles,200 ml,370,9.0g,54.0g,12.5g,3.0g,740mg
Chicken McNuggets (6 pcs) - Home Style,50 ml,270,15.0g,16.0g,16.0g,1.0g,500mg
Navratna Korma - Home Style,200 g,380,8.0g,22.0g,30.0g,4.5g,520mg
Dahi (Curd) - Restaurant Style,300 g,70,3.5g,5.0g,4.0g,0g,45mg
Rasmalai (2 pcs) - Mild,200 g,240,6.0g,32.0g,10.0g,0g,70mg
Paneer Lababdar - Extra Cheese,150 ml,480,14.0g,15.0g,40.0g,2.0g,620mg
Blueberries - Mild,300 g,57,0.7g,14.5g,0.3g,2.4g,1mg
Hyderabadi Biryani - Home Style,150 g,620,30.0g,70.0g,24.0g,2.5g,980mg
Honeydew - Extra Cheese,150 ml,55,0.8g,14.0g,0.2g,1.2g,18mg
Bitter Gourd - Mild,200 g,17,1.0g,3.7g,0.2g,2.8g,5mg
Passion Fruit - Extra Cheese,300 g,17,0.4g,4.2g,0.1g,1.8g,5mg
Afghani Chaap,300 g,420,24.0g,16.0g,30.0g,3.5g,540mg
Plain Dosa - Extra Cheese,100 ml,230,5.0g,38.0g,6.0g,2.5g,420mg
Pineapple Cake (1 slice) - Mild,50 ml,260,3.0g,38.0g,10.0g,0.8g,170mg
Prawn Fried Rice,150 ml,440,18.0g,58.0g,15.0g,1.5g,790mg
Lassi (Sweet) - Mild,100 g,150,4.0g,28.0g,3.0g,0g,80mg
Goan Fish Curry - Extra Cheese,300 g,330,21.0g,11.0g,22.0g,1.5g,570mg
Paneer (Homemade),100 ml,265,18.0g,6.0g,18.0g,0g,150mg
Chicken Chettinad - Street Style,300 g,400,26.0g,10.0g,29.0g,2.0g,710mg
McFlurry KitKat - Spicy,150 ml,350,7.5g,49.0g,14.0g,1.0g,150mg
Almond Milk - Extra Cheese,500 g,60,2.0g,8.0g,2.5g,1.0g,150mg
Aloo Tikki (2 pcs),150 g,240,4.0g,32.0g,11.0g,3.0g,420mg
Strawberries,50 ml,32,0.7g,7.7g,0.3g,2.0g,1mg
Tofu Korma - Street Style,200 ml,340,14.0g,20.0g,24.0g,3.0g,540mg
Hakka Noodles - Restaurant Style,150 ml,340,7.5g,54.0g,10.0g,2.5g,720mg
Seekh Kabab (4 pcs) - Street Style,300 g,340,24.0g,8.0g,24.0g,2.0g,520mg
Payasam - Street Style,200 g,210,5.0g,38.0g,5.0g,0.5g,55mg
Almond Milk - Home Style,200 g,60,2.0g,8.0g,2.5g,1.0g,150mg
Veg McNuggets (6 pcs),200 ml,230,8.0g,22.0g,12.0g,2.5g,440mg
Akki Roti - Restaurant Style,500 g,220,5.0g,40.0g,4.5g,3.0g,290mg
Okra (Bhindi) - Home Style,50 ml,33,1.9g,7.5g,0.2g,3.2g,7mg
Red Sauce Pasta,300 g,310,9.0g,52.0g,8.0g,4.0g,490mg
Dahi Bhalla - Spicy,200 ml,270,6.0g,38.0g,10.0g,3.0g,440mg
Donut (Chocolate),100 ml,300,5.0g,34.0g,16.0g,1.0g,240mg
Passion Fruit - Street Style,250 g,17,0.4g,4.2g,0.1g,1.8g,5mg
Bread Omlette - Home Style,500 g,290,12.0g,28.0g,15.0g,2.0g,480mg
Pear - Street Style,50 ml,81,0.6g,21.5g,0.2g,4.6g,1mg
Dal Makhani - Extra Cheese,300 g,320,12.0g,28.0g,18.0g,6.0g,480mg
Fish Curry - Spicy,200 g,340,22.0g,10.0g,23.0g,1.5g,540mg
Thepla (1 pc),150 ml,110,3.0g,15.0g,4.5g,2.0g,120mg
Mooli Paratha - Mild,200 g,310,8.5g,45.0g,11.0g,4.5g,360mg
Afghani Chaap - Restaurant Style,500 g,420,24.0g,16.0g,30.0g,3.5g,540mg
Pav Bhaji - Restaurant Style,200 g,380,9.0g,52.0g,16.0g,7.0g,620mg
Vada Pav - Mild,200 g,290,6.5g,38.0g,12.5g,2.5g,520mg
Laddu (1 pc) - Home Style,500 g,150,3.5g,18.0g,7.5g,1.0g,20mg
Jeera Rice - Street Style,300 g,240,4.5g,48.0g,3.0g,1.0g,290mg
Manchow Soup - Mild,200 ml,90,3.0g,12.0g,3.5g,1.5g,680mg
Baingan Bharta - Restaurant Style,100 ml,180,3.5g,16.0g,12.0g,5.0g,420mg
Soan Papdi (2 pcs) - Restaurant Style,150 g,100,1.5g,12.0g,5.5g,0.2g,10mg
Jackfruit - Spicy,500 g,95,1.7g,23.3g,0.6g,1.5g,2mg
Cupcake (Vanilla),50 ml,210,2.5g,32.0g,8.5g,0.5g,160mg
Sesame Seeds (Til) - Extra Cheese,500 g,90,2.5g,4.0g,8.0g,1.5g,2mg
Mayonnaise (1 tbsp) - Home Style,100 g,94,0.1g,0.1g,10.0g,0g,90mg
McFlurry Oreo - Restaurant Style,200 ml,340,7.0g,48.0g,13.0g,1.0g,140mg
Rasgulla (2 pcs),50 ml,150,4.0g,28.0g,2.5g,0g,35mg
Chicken Biryani - Mild,500 g,520,28.0g,65.0g,18.0g,2.0g,890mg
Chicken McNuggets (6 pcs) - Street Style,150 ml,270,15.0g,16.0g,16.0g,1.0g,500mg
Brown Bread (2 slices) - Home Style,150 ml,140,6.0g,24.0g,2.0g,3.0g,280mg
Red Sauce Pasta - Home Style,300 g,310,9.0g,52.0g,8.0g,4.0g,490mg
Kala Chana - Mild,150 g,250,13.0g,34.0g,7.0g,9.0g,450mg
Oreo (2 pcs) - Extra Cheese,200 ml,110,1.0g,16.0g,5.0g,0.5g,75mg
Chicken Pasta - Mild,150 ml,420,22.0g,48.0g,16.0g,2.5g,590mg
Pistachios (Pista) - Street Style,200 g,160,5.8g,8.0g,12.5g,3.0g,1mg
Cream Crackers (2 pcs) - Extra Cheese,50 ml,75,1.2g,10.0g,3.0g,0.5g,70mg
Veg Noodle Soup,150 ml,120,4.0g,18.0g,3.5g,2.0g,580mg
Gatte ki Sabzi - Street Style,200 g,260,8.0g,20.0g,16.0g,4.0g,520mg
Farmhouse Pizza (1 slice) - Extra Cheese,200 ml,300,11.0g,36.0g,12.5g,2.5g,580mg
Palak Dal - Mild,150 ml,220,10.0g,22.0g,10.0g,5.0g,460mg
Fish Curry - Restaurant Style,150 g,340,22.0g,10.0g,23.0g,1.5g,540mg
Capsicum (Yellow) - Extra Cheese,500 g,27,1.0g,6.3g,0.2g,1.8g,3mg
Tomato Rice - Restaurant Style,100 g,270,5.0g,50.0g,5.0g,2.5g,490mg
Veg Pasta - Mild,200 g,330,9.0g,50.0g,10.0g,3.5g,460mg
Garlic Noodles - Street Style,300 g,350,7.5g,52.0g,12.0g,2.5g,760mg
Patra - Restaurant Style,150 ml,170,3.0g,28.0g,5.5g,3.0g,410mg
Schezwan Noodles,500 g,380,8.0g,56.0g,13.0g,3.5g,880mg
Thepla (1 pc) - Street Style,150 ml,110,3.0g,15.0g,4.5g,2.0g,120mg
Pineapple - Home Style,300 g,50,0.5g,13.1g,0.1g,1.4g,1mg
Pomegranate - Home Style,500 g,83,1.7g,18.7g,1.2g,4.0g,3mg
Cantaloupe - Spicy,300 g,34,0.8g,8.2g,0.2g,0.9g,16mg
Chicken Sausage Pizza (1 slice) - Spicy,50 ml,330,15.0g,32.0g,16.0g,1.5g,720mg
Capsicum (Red) - Street Style,150 ml,31,1.0g,6.0g,0.3g,2.1g,4mg
Masala Chaas - Home Style,100 ml,55,2.5g,7.0g,2.0g,0.5g,220mg
Nalli Nihari - Home Style,150 ml,560,30.0g,8.0g,46.0g,0.5g,780mg
Palak Paneer - Spicy,500 g,350,14.0g,12.0g,27.0g,4.0g,490mg
Methi Thepla - Street Style,150 g,115,3.2g,15.5g,4.8g,2.2g,125mg
McSpicy Chicken Burger,200 ml,510,22.0g,46.0g,27.0g,2.0g,890mg
Lobia - Mild,500 g,240,12.0g,36.0g,6.0g,8.5g,430mg
Dal Tadka - Street Style,250 g,210,9.0g,24.0g,9.0g,5.0g,460mg
Papaya - Restaurant Style,100 g,59,0.7g,15.0g,0.2g,2.5g,2mg
Digestive Biscuit (2 pcs) - Street Style,250 g,95,1.5g,13.0g,4.0g,1.0g,60mg
Brazil Nuts - Mild,100 ml,195,4.0g,3.5g,19.5g,2.0g,1mg
Mutter Mushroom - Street Style,200 ml,200,5.0g,18.0g,11.0g,4.5g,430mg
Sabudana Khichdi - Extra Cheese,200 g,250,3.5g,48.0g,5.0g,2.0g,280mg
Malai Kofta - Extra Cheese,150 ml,520,10.0g,38.0g,36.0g,5.0g,480mg
Banana - Restaurant Style,50 ml,105,1.3g,27.0g,0.4g,3.1g,1mg
Pad Thai Noodles - Restaurant Style,250 g,400,10.0g,58.0g,15.0g,3.0g,690mg
French Fries (Large) - Restaurant Style,250 g,430,6.0g,55.0g,21.0g,4.5g,260mg
Croissant - Mild,50 ml,230,4.5g,26.0g,12.0g,1.5g,210mg
Gatte ki Sabzi - Restaurant Style,50 ml,260,8.0g,20.0g,16.0g,4.0g,520mg
Brownie (1 piece) - Extra Cheese,500 g,220,2.5g,28.0g,11.0g,1.0g,100mg
Spinach - Mild,150 g,23,2.9g,3.6g,0.4g,2.2g,79mg
Chicken Sausage Pizza (1 slice) - Spicy,50 ml,330,15.0g,32.0g,16.0g,1.5g,720mg
Beetroot - Mild,250 g,43,1.6g,9.6g,0.2g,2.8g,78mg
Hot and Sour Soup - Spicy,100 g,95,3.0g,13.0g,3.5g,1.5g,720mg
Donut (Glazed) - Extra Cheese,200 ml,270,4.0g,31.0g,15.0g,1.0g,220mg
McChicken Wrap,100 ml,480,18.0g,46.0g,25.0g,2.5g,790mg
Butter Cookie (2 pcs) - Restaurant Style,50 ml,95,1.0g,12.0g,5.0g,0.2g,30mg
Mooli Paratha - Mild,100 g,310,8.5g,45.0g,11.0g,4.5g,360mg
McSpicy Paneer Burger - Mild,300 g,470,14.0g,48.0g,24.0g,2.5g,820mg
Poha - Restaurant Style,150 g,210,4.5g,38.0g,5.0g,3.5g,320mg
Sweet Corn Soup - Street Style,150 g,110,3.5g,18.0g,3.0g,1.5g,520mg
Egg Masala - Street Style,200 g,310,13.0g,12.0g,23.0g,1.5g,520mg
Corn Flakes with Milk - Home Style,150 g,210,7.0g,38.0g,4.0g,2.0g,180mg
Samosa (1 pc) - Mild,150 g,210,3.5g,24.0g,11.0g,2.0g,290mg
Fried Rice (Veg) - Home Style,150 g,380,8.0g,62.0g,11.0g,3.0g,720mg
Tofu Matar - Home Style,200 g,280,15.0g,18.0g,16.0g,4.0g,480mg
Pineapple Cake (1 slice) - Spicy,100 g,260,3.0g,38.0g,10.0g,0.8g,170mg
Chilli Paneer (Gravy),50 ml,390,13.0g,26.0g,26.0g,3.0g,740mg
Banana,500 g,105,1.3g,27.0g,0.4g,3.1g,1mg
Dahi (Curd) - Home Style,150 ml,70,3.5g,5.0g,4.0g,0g,45mg
Chilli Paneer (Dry) - Spicy,300 g,420,14.0g,28.0g,28.0g,3.0g,720mg
Paneer (Homemade) - Mild,150 g,265,18.0g,6.0g,18.0g,0g,150mg
Bitter Gourd - Extra Cheese,250 g,17,1.0g,3.7g,0.2g,2.8g,5mg
Pani Puri (6 pieces) - Home Style,100 ml,180,3.2g,32.0g,4.8g,2.0g,290mg
Cottage Cheese (Paneer) - Extra Cheese,300 g,265,18.0g,6.0g,18.0g,0g,150mg
Gulab Jamun (2 pcs) - Street Style,200 g,200,3.0g,32.0g,7.0g,0.5g,60mg
Veg Spring Roll - Spicy,150 ml,210,4.5g,30.0g,8.5g,3.0g,430mg
Malai Chaap (2 pcs) - Home Style,150 g,440,22.0g,18.0g,32.0g,3.0g,560mg
Veg Biryani,200 g,450,10.0g,72.0g,13.0g,5.0g,720mg
Hara Bhara Kabab (4 pcs) - Extra Cheese,150 g,220,6.0g,28.0g,10.0g,4.5g,380mg
Gobi Paratha - Mild,100 g,320,9.0g,46.0g,11.0g,5.0g,350mg
Mooli Paratha - Extra Cheese,200 ml,310,8.5g,45.0g,11.0g,4.5g,360mg
Muskmelon - Mild,150 ml,51,1.3g,12.0g,0.3g,1.1g,16mg
Okra (Bhindi) - Mild,100 ml,33,1.9g,7.5g,0.2g,3.2g,7mg
Muffin (Blueberry),100 g,240,3.5g,36.0g,9.0g,1.5g,180mg
Poha Jalebi,150 ml,380,5.0g,62.0g,13.0g,2.5g,360mg
Bread Roll - Street Style,150 ml,140,4.0g,25.0g,2.5g,1.2g,190mg
Cluster Beans - Spicy,200 ml,41,3.2g,7.7g,0.2g,3.5g,4mg
Pesto Pasta,150 g,400,10.0g,44.0g,21.0g,4.0g,360mg
French Beans - Home Style,300 g,31,1.8g,7.0g,0.1g,3.4g,6mg
Watermelon - Extra Cheese,100 ml,46,0.9g,11.5g,0.2g,0.6g,1mg
Dim Sums (4 pcs) - Street Style,150 g,210,8.0g,30.0g,6.0g,2.0g,380mg
Cheese Spread (1 tbsp) - Home Style,150 ml,45,2.0g,1.5g,3.5g,0g,120mg
Croissant - Restaurant Style,200 ml,230,4.5g,26.0g,12.0g,1.5g,210mg
Star Fruit - Restaurant Style,200 ml,28,0.9g,6.0g,0.3g,2.5g,2mg
Cupcake (Vanilla) - Spicy,100 ml,210,2.5g,32.0g,8.5g,0.5g,160mg
Cheese Pizza (1 slice) - Street Style,150 g,300,11.5g,35.0g,13.0g,1.8g,560mg
Veg Noodle Soup - Extra Cheese,300 g,120,4.0g,18.0g,3.5g,2.0g,580mg
Rajasthani Dal - Restaurant Style,150 g,250,10.5g,26.0g,11.0g,5.5g,510mg
Jalebi (2 pcs) - Restaurant Style,50 ml,180,2.0g,30.0g,6.0g,0.5g,40mg
Drumstick - Spicy,500 g,64,2.1g,8.5g,0.2g,3.2g,8mg
Milk (Toned) - Restaurant Style,250 g,100,6.6g,9.8g,4.4g,0g,110mg
Pistachios (Pista) - Street Style,200 ml,160,5.8g,8.0g,12.5g,3.0g,1mg
Cottage Cheese (Paneer),300 g,265,18.0g,6.0g,18.0g,0g,150mg
Ragda Pattice - Restaurant Style,50 ml,310,8.0g,48.0g,10.0g,6.0g,540mg
Cauliflower - Spicy,200 ml,25,1.9g,5.0g,0.3g,2.0g,30mg
Payasam - Restaurant Style,300 g,210,5.0g,38.0g,5.0g,0.5g,55mg
McSpicy Paneer Burger - Spicy,150 g,470,14.0g,48.0g,24.0g,2.5g,820mg
Fish Curry,250 g,340,22.0g,10.0g,23.0g,1.5g,540mg
Cheese Spread (1 tbsp),150 g,45,2.0g,1.5g,3.5g,0g,120mg
Prawn Fried Rice,150 g,440,18.0g,58.0g,15.0g,1.5g,790mg
Fish Biryani - Street Style,150 g,500,28.0g,63.0g,17.0g,1.5g,860mg
French Beans - Spicy,200 g,31,1.8g,7.0g,0.1g,3.4g,6mg
Pav Bhaji,300 g,380,9.0g,52.0g,16.0g,7.0g,620mg
Cream Crackers (2 pcs) - Mild,50 ml,75,1.2g,10.0g,3.0g,0.5g,70mg
Paneer Lababdar - Extra Cheese,100 ml,480,14.0g,15.0g,40.0g,2.0g,620mg
Peach - Mild,250 g,51,1.2g,12.4g,0.3g,2.0g,0mg
Salted Butter (1 tbsp) - Spicy,300 g,102,0.1g,0g,11.5g,0g,90mg
Chole Bhature - Street Style,500 g,580,15.0g,78.0g,24.0g,8.0g,890mg
Drumstick - Spicy,200 ml,64,2.1g,8.5g,0.2g,3.2g,8mg
Maharaja Mac Veg - Street Style,50 ml,520,16.0g,54.0g,27.0g,4.0g,920mg
Sunflower Seeds - Home Style,150 g,175,6.0g,6.0g,15.5g,3.0g,2mg
Pistachios (Pista) - Restaurant Style,250 g,160,5.8g,8.0g,12.5g,3.0g,1mg
Dhokla (4 pcs) - Restaurant Style,150 g,180,6.0g,28.0g,5.0g,2.5g,420mg
Blackberries - Restaurant Style,50 ml,43,1.4g,10.0g,0.5g,5.3g,1mg
Thatte Idli - Mild,100 ml,200,5.5g,36.0g,4.5g,2.5g,360mg
Cucumber Sandwich - Home Style,100 g,180,5.0g,30.0g,4.5g,3.0g,310mg
Snake Gourd - Restaurant Style,150 g,20,0.8g,4.5g,0.2g,1.0g,4mg
Papdi Chaat,200 g,280,5.0g,42.0g,10.0g,3.5g,460mg
Milk (Buffalo) - Extra Cheese,150 ml,180,7.6g,10.0g,13.0g,0g,130mg
Macadamia Nuts - Home Style,150 ml,215,2.5g,4.0g,22.5g,2.5g,1mg
Chicken Tikka Masala - Home Style,50 ml,460,28.0g,14.0g,32.0g,1.5g,780mg
Egg Masala - Home Style,250 g,310,13.0g,12.0g,23.0g,1.5g,520mg
Akki Roti - Mild,150 g,220,5.0g,40.0g,4.5g,3.0g,290mg
Idli (2 pieces) - Spicy,250 g,120,4.0g,24.0g,0.5g,2.0g,280mg
Buttermilk (Chaas) - Mild,500 g,50,2.5g,6.0g,2.0g,0g,180mg
Hazelnuts - Restaurant Style,500 g,176,4.5g,5.0g,17.0g,3.0g,0mg
Veg Sandwich,100 g,250,8.0g,38.0g,7.0g,4.0g,420mg
Shami Kabab (4 pcs) - Spicy,150 g,380,22.0g,16.0g,25.0g,2.0g,540mg
Ghee Rice - Extra Cheese,200 g,320,4.0g,50.0g,11.0g,1.0g,310mg
Club Sandwich - Restaurant Style,50 ml,450,18.0g,44.0g,22.0g,3.0g,720mg
Glucose Biscuit (2 pcs) - Street Style,250 g,85,1.0g,14.0g,2.5g,0.3g,50mg
Jalebi Fafda - Home Style,200 ml,380,7.0g,50.0g,17.0g,2.5g,520mg
Papaya - Extra Cheese,100 ml,59,0.7g,15.0g,0.2g,2.5g,2mg
Veg McNuggets (6 pcs) - Home Style,100 g,230,8.0g,22.0g,12.0g,2.5g,440mg
Donut (Chocolate) - Restaurant Style,150 g,300,5.0g,34.0g,16.0g,1.0g,240mg
Thatte Idli - Street Style,150 ml,200,5.5g,36.0g,4.5g,2.5g,360mg
Buttermilk (Chaas) - Spicy,150 ml,50,2.5g,6.0g,2.0g,0g,180mg
Chicken Tikka Masala - Mild,200 g,460,28.0g,14.0g,32.0g,1.5g,780mg
Paneer Tikka Pizza (1 slice) - Mild,200 ml,325,13.0g,35.0g,14.5g,2.0g,610mg
Soya Pulao,100 ml,310,12.0g,48.0g,8.0g,4.0g,480mg
Fox Nuts (Makhana) - Extra Cheese,100 g,110,4.5g,20.0g,1.5g,4.0g,8mg
Avocado,250 g,160,2.0g,8.5g,14.7g,6.7g,7mg
Gatte ki Sabzi,250 g,260,8.0g,20.0g,16.0g,4.0g,520mg
French Fries (Large),500 g,430,6.0g,55.0g,21.0g,4.5g,260mg
Figs (Anjeer) - Restaurant Style,100 ml,75,1.0g,19.0g,0.3g,2.5g,2mg
Barfi (2 pcs) - Mild,100 g,140,3.0g,18.0g,6.5g,0.3g,25mg
Dahi Puri (6 pieces) - Street Style,150 g,250,5.5g,36.0g,9.0g,2.5g,380mg
Masala Chaas - Extra Cheese,500 g,55,2.5g,7.0g,2.0g,0.5g,220mg
Salted Butter (1 tbsp) - Home Style,100 ml,102,0.1g,0g,11.5g,0g,90mg
Patra - Home Style,200 ml,170,3.0g,28.0g,5.5g,3.0g,410mg
Croissant - Mild,50 ml,230,4.5g,26.0g,12.0g,1.5g,210mg
Sarson ka Saag,200 g,220,7.0g,12.0g,16.0g,5.5g,480mg
Black Forest Cake (1 slice),100 ml,330,4.0g,44.0g,15.5g,1.0g,210mg
Rajasthani Dal - Restaurant Style,300 g,250,10.5g,26.0g,11.0g,5.5g,510mg
Mint Rice,500 g,290,5.5g,48.0g,7.5g,3.0g,460mg
Milk (Full Fat) - Spicy,100 g,124,6.4g,9.6g,7.0g,0g,100mg
Guava - Street Style,200 g,68,2.6g,14.3g,1.0g,5.4g,2mg
Chole Masala - Spicy,150 ml,280,11.0g,30.0g,12.0g,7.0g,520mg
Veg Spring Roll - Home Style,100 ml,210,4.5g,30.0g,8.5g,3.0g,430mg
Tangdi Kabab (2 pcs) - Spicy,150 g,440,38.0g,5.0g,29.0g,0.5g,680mg
Chole Bhature - Spicy,200 g,580,15.0g,78.0g,24.0g,8.0g,890mg
McFlurry Oreo - Extra Cheese,100 ml,340,7.0g,48.0g,13.0g,1.0g,140mg
Medu Vada - Extra Cheese,200 g,270,6.5g,30.0g,14.0g,3.5g,480mg
Laddu (1 pc),200 ml,150,3.5g,18.0g,7.5g,1.0g,20mg
Dahi Puri (6 pieces),200 ml,250,5.5g,36.0g,9.0g,2.5g,380mg
Mooli Paratha,200 g,310,8.5g,45.0g,11.0g,4.5g,360mg
Haryali Tikka - Street Style,50 ml,400,40.0g,10.0g,23.0g,1.0g,660mg
Schezwan Noodles - Extra Cheese,50 ml,380,8.0g,56.0g,13.0g,3.5g,880mg
Pav Bhaji - Street Style,300 g,380,9.0g,52.0g,16.0g,7.0g,620mg
Mix Veg - Spicy,200 ml,150,4.0g,18.0g,7.0g,4.5g,390mg
Kadai Paneer - Home Style,100 g,420,12.5g,15.0g,34.0g,3.0g,610mg
Flax Seeds (Alsi),100 g,75,2.5g,4.0g,6.0g,4.0g,2mg
Malai Paneer Tikka - Restaurant Style,150 g,420,15.0g,14.0g,34.0g,1.5g,560mg
Puran Poli (with ghee) - Street Style,100 ml,350,7.5g,58.0g,10.2g,3.5g,45mg
Tofu Korma - Restaurant Style,50 ml,340,14.0g,20.0g,24.0g,3.0g,540mg
Spring Rolls (2 pcs) - Extra Cheese,250 g,220,5.0g,28.0g,10.0g,2.5g,410mg
Dabeli - Street Style,200 ml,280,6.0g,42.0g,9.0g,3.5g,490mg
Rava Dosa - Mild,300 g,290,6.0g,42.0g,10.0g,2.0g,510mg
Dahi Bhalla - Home Style,300 g,270,6.0g,38.0g,10.0g,3.0g,440mg
Cheesecake (1 slice),200 g,350,7.0g,30.0g,22.0g,0.5g,280mg
Matar Pulao - Street Style,200 ml,290,7.5g,52.0g,6.0g,3.5g,400mg
Pedha (2 pcs) - Street Style,100 g,130,3.0g,18.0g,5.5g,0g,35mg
Rava Dosa - Home Style,200 ml,290,6.0g,42.0g,10.0g,2.0g,510mg
Raisins (Kishmish) - Home Style,100 ml,90,1.0g,24.0g,0.1g,1.0g,5mg
Pumpkin Seeds - Mild,100 ml,160,8.0g,4.0g,13.5g,1.5g,5mg
Masala Dosa - Street Style,200 g,315,8.2g,48.5g,9.8g,4.2g,580mg
Egg Fried Rice - Extra Cheese,150 ml,420,14.0g,60.0g,13.0g,2.0g,750mg
Parle Biscuit (2 pcs) - Spicy,200 ml,80,1.0g,12.0g,3.0g,0.3g,40mg
Mac and Cheese - Extra Cheese,100 ml,410,14.0g,48.0g,18.0g,1.5g,560mg
Glucose Biscuit (2 pcs) - Restaurant Style,250 g,85,1.0g,14.0g,2.5g,0.3g,50mg
Brinjal (Eggplant) - Extra Cheese,200 ml,25,1.0g,5.9g,0.2g,3.0g,2mg
Milk (Skimmed),150 g,68,6.8g,9.8g,0.4g,0g,120mg
Chicken Chettinad - Spicy,500 g,400,26.0g,10.0g,29.0g,2.0g,710mg
Cheddar Cheese - Street Style,500 g,120,7.0g,0.5g,10.0g,0g,180mg
Pedha (2 pcs),200 ml,130,3.0g,18.0g,5.5g,0g,35mg
Kanda Bhaji - Extra Cheese,300 g,280,4.0g,32.0g,15.0g,3.0g,460mg
Roasted Chana - Spicy,500 g,120,7.0g,18.0g,3.0g,4.5g,80mg
Pear,200 g,81,0.6g,21.5g,0.2g,4.6g,1mg
Prawn Biryani - Extra Cheese,150 ml,510,26.0g,64.0g,18.0g,1.5g,880mg
Pav Bhaji - Extra Cheese,100 ml,380,9.0g,52.0g,16.0g,7.0g,620mg
Corn (Sweet),100 g,86,3.3g,19.0g,1.2g,2.7g,15mg
Prawn Dim Sums - Spicy,100 g,230,13.0g,28.0g,8.0g,1.0g,440mg
Ragi Roti - Spicy,500 g,210,6.0g,38.0g,4.0g,5.0g,250mg
Pumpkin - Mild,100 ml,26,1.0g,6.5g,0.1g,0.5g,1mg
Nalli Nihari - Extra Cheese,500 g,560,30.0g,8.0g,46.0g,0.5g,780mg
Macaron (1 pc) - Street Style,500 g,90,1.5g,12.0g,4.0g,0.2g,15mg
Pav Bhaji - Mild,200 g,380,9.0g,52.0g,16.0g,7.0g,620mg
McSpicy Chicken Burger - Spicy,300 g,510,22.0g,46.0g,27.0g,2.0g,890mg
Rava Dosa - Mild,50 ml,290,6.0g,42.0g,10.0g,2.0g,510mg
Digestive Biscuit (2 pcs),150 g,95,1.5g,13.0g,4.0g,1.0g,60mg
Tandoori Chicken (2 pcs) - Street Style,150 g,480,48.0g,4.0g,30.0g,0g,720mg
Mushroom - Restaurant Style,250 g,22,3.1g,3.3g,0.3g,1.0g,5mg
Corn Flakes with Milk - Home Style,100 ml,210,7.0g,38.0g,4.0g,2.0g,180mg
Litchi - Mild,500 g,66,0.8g,16.5g,0.4g,1.3g,1mg
Ragi Mudde - Extra Cheese,150 g,180,5.0g,38.0g,1.5g,4.5g,10mg
Cheddar Cheese - Extra Cheese,250 g,120,7.0g,0.5g,10.0g,0g,180mg
Paneer Sandwich,150 ml,340,12.0g,36.0g,16.0g,2.0g,520mg
Hide & Seek (2 pcs),100 ml,105,1.5g,14.0g,5.0g,0.5g,35mg
Mooli Paratha - Restaurant Style,100 ml,310,8.5g,45.0g,11.0g,4.5g,360mg
Pistachios (Pista) - Spicy,500 g,160,5.8g,8.0g,12.5g,3.0g,1mg
Poha Jalebi - Mild,300 g,380,5.0g,62.0g,13.0g,2.5g,360mg
Misal Pav,300 g,380,14.0g,48.0g,16.0g,7.0g,720mg
Tofu (Soft) - Extra Cheese,200 g,70,7.0g,2.0g,4.0g,0.5g,8mg
Cauliflower - Extra Cheese,150 g,25,1.9g,5.0g,0.3g,2.0g,30mg
Chicken Chettinad - Mild,150 g,400,26.0g,10.0g,29.0g,2.0g,710mg
Upma - Home Style,150 ml,280,6.0g,48.0g,7.0g,3.5g,480mg
Medu Vada - Street Style,50 ml,270,6.5g,30.0g,14.0g,3.5g,480mg
Chicken Spring Roll - Mild,250 g,270,12.0g,28.0g,12.0g,2.0g,490mg
Muskmelon - Home Style,50 ml,51,1.3g,12.0g,0.3g,1.1g,16mg
Maharaja Mac Veg,200 g,520,16.0g,54.0g,27.0g,4.0g,920mg
Cucumber,200 g,15,0.7g,3.6g,0.1g,0.5g,2mg
Chilli Paneer (Dry) - Mild,300 g,420,14.0g,28.0g,28.0g,3.0g,720mg
Paneer Tikka Masala - Mild,200 ml,460,15.0g,16.0g,38.0g,2.5g,680mg
Dhokla (4 pcs),50 ml,180,6.0g,28.0g,5.0g,2.5g,420mg
Hyderabadi Biryani,200 ml,620,30.0g,70.0g,24.0g,2.5g,980mg
Makki di Roti,50 ml,240,6.5g,38.0g,7.0g,5.0g,260mg
Veg McNuggets (6 pcs) - Extra Cheese,300 g,230,8.0g,22.0g,12.0g,2.5g,440mg
Avocado - Home Style,250 g,160,2.0g,8.5g,14.7g,6.7g,7mg
Danish Pastry - Restaurant Style,500 g,280,4.5g,32.0g,15.0g,1.0g,200mg
Lemon Rice - Restaurant Style,200 g,260,4.5g,48.0g,5.5g,2.0g,420mg
Ragi Roti - Restaurant Style,250 g,210,6.0g,38.0g,4.0g,5.0g,250mg
Kanda Bhaji,200 ml,280,4.0g,32.0g,15.0g,3.0g,460mg
Tandoori Paneer Tikka - Extra Cheese,50 ml,380,16.0g,12.0g,30.0g,2.0g,540mg
Chilli Fish,150 ml,410,26.0g,26.0g,24.0g,1.5g,790mg
Cream Crackers (2 pcs) - Extra Cheese,100 g,75,1.2g,10.0g,3.0g,0.5g,70mg
Drumstick - Street Style,50 ml,64,2.1g,8.5g,0.2g,3.2g,8mg
Paper Dosa - Spicy,300 g,350,7.0g,52.0g,12.0g,3.0g,530mg
Hara Bhara Kabab (4 pcs) - Restaurant Style,250 g,220,6.0g,28.0g,10.0g,4.5g,380mg
Palak Dal - Spicy,100 g,220,10.0g,22.0g,10.0g,5.0g,460mg
Papdi Chaat - Mild,500 g,280,5.0g,42.0g,10.0g,3.5g,460mg
Mutton Keema - Spicy,250 g,420,32.0g,6.0g,30.0g,0.5g,620mg
Prawn Malai Curry - Street Style,300 g,420,22.0g,10.0g,32.0g,0.5g,560mg
Chicken Lollipop (4 pcs),150 g,480,28.0g,22.0g,32.0g,1.0g,850mg
Chicken Biryani - Spicy,300 g,520,28.0g,65.0g,18.0g,2.0g,890mg
Deluxe Veggie (1 slice) - Extra Cheese,150 g,295,10.5g,36.0g,12.0g,2.8g,590mg
Veg McNuggets (6 pcs) - Home Style,100 g,230,8.0g,22.0g,12.0g,2.5g,440mg
Capsicum (Green) - Home Style,250 g,20,0.9g,4.6g,0.2g,1.7g,3mg
Pad Thai Noodles - Home Style,200 ml,400,10.0g,58.0g,15.0g,3.0g,690mg
Oat Milk - Home Style,200 g,90,3.0g,14.0g,3.0g,1.5g,100mg
Pine Nuts - Restaurant Style,150 ml,190,4.0g,4.0g,19.0g,1.5g,1mg
Pistachios (Pista) - Mild,300 g,160,5.8g,8.0g,12.5g,3.0g,1mg
Carrot,200 g,41,0.9g,9.6g,0.2g,2.8g,69mg
Prawn Noodles - Mild,150 g,420,20.0g,50.0g,16.0g,1.5g,840mg
Tomato Soup - Home Style,100 g,80,2.0g,14.0g,2.0g,1.5g,490mg
Chilli Fish - Extra Cheese,100 g,410,26.0g,26.0g,24.0g,1.5g,790mg
Black Forest Cake (1 slice) - Extra Cheese,500 g,330,4.0g,44.0g,15.5g,1.0g,210mg
Drumstick - Street Style,50 ml,64,2.1g,8.5g,0.2g,3.2g,8mg
Figs (Anjeer) - Street Style,200 ml,75,1.0g,19.0g,0.3g,2.5g,2mg
Semiya Upma,200 g,240,5.0g,42.0g,5.5g,2.5g,410mg
Hazelnuts - Extra Cheese,100 g,176,4.5g,5.0g,17.0g,3.0g,0mg
Pineapple,200 g,50,0.5g,13.1g,0.1g,1.4g,1mg
Capsicum (Red) - Street Style,50 ml,31,1.0g,6.0g,0.3g,2.1g,4mg
Avocado - Mild,100 ml,160,2.0g,8.5g,14.7g,6.7g,7mg
Makki di Roti - Street Style,50 ml,240,6.5g,38.0g,7.0g,5.0g,260mg
Dal Baati Churma - Restaurant Style,300 g,650,18.0g,88.0g,24.0g,10.0g,580mg
Soan Papdi (2 pcs) - Spicy,300 g,100,1.5g,12.0g,5.5g,0.2g,10mg
Chicken Biryani - Spicy,200 ml,520,28.0g,65.0g,18.0g,2.0g,890mg
Rava Idli - Spicy,50 ml,190,4.5g,32.0g,5.0g,1.5g,350mg
McChicken Wrap,250 g,480,18.0g,46.0g,25.0g,2.5g,790mg
Beetroot - Spicy,100 g,43,1.6g,9.6g,0.2g,2.8g,78mg
Akki Roti - Mild,50 ml,220,5.0g,40.0g,4.5g,3.0g,290mg
Dim Sums (4 pcs) - Mild,100 ml,210,8.0g,30.0g,6.0g,2.0g,380mg
Makki di Roti - Spicy,300 g,240,6.5g,38.0g,7.0g,5.0g,260mg
Almond Milk - Restaurant Style,200 g,60,2.0g,8.0g,2.5g,1.0g,150mg
Garlic Bread (2 pcs) - Home Style,200 ml,260,7.0g,34.0g,11.0g,2.0g,440mg
Chilli Paneer (Gravy) - Home Style,200 ml,390,13.0g,26.0g,26.0g,3.0g,740mg
Mutter Mushroom - Restaurant Style,100 g,200,5.0g,18.0g,11.0g,4.5g,430mg
Chocolate Cake (1 slice) - Home Style,200 g,280,4.0g,38.0g,12.0g,1.0g,200mg
Pumpkin Seeds - Spicy,50 ml,160,8.0g,4.0g,13.5g,1.5g,5mg
Nalli Nihari - Spicy,50 ml,560,30.0g,8.0g,46.0g,0.5g,780mg
McAloo Tikki Burger - Home Style,200 ml,345,8.0g,48.0g,14.0g,3.5g,650mg
Margherita Pizza (1 slice) - Extra Cheese,150 g,285,12.0g,34.0g,11.0g,2.0g,520mg
Gatte ki Sabzi - Street Style,200 g,260,8.0g,20.0g,16.0g,4.0g,520mg
Tomato - Spicy,50 ml,18,0.9g,3.9g,0.2g,1.2g,5mg
Moong Dal Halwa - Mild,150 ml,350,8.0g,45.0g,16.0g,3.0g,40mg
Hash Brown - Restaurant Style,100 ml,150,1.5g,16.0g,9.0g,1.5g,280mg
Pineapple - Street Style,200 g,50,0.5g,13.1g,0.1g,1.4g,1mg
Chicken Noodle Soup - Mild,250 g,160,10.0g,16.0g,6.0g,1.5g,640mg
Macaron (1 pc),200 g,90,1.5g,12.0g,4.0g,0.2g,15mg
Laddu (1 pc) - Extra Cheese,150 g,150,3.5g,18.0g,7.5g,1.0g,20mg
Apricots (Dried) - Mild,150 ml,70,1.0g,18.0g,0.1g,2.0g,2mg
Sabudana Vada - Extra Cheese,200 ml,230,4.0g,38.0g,7.0g,2.5g,340mg
McFlurry Oreo - Extra Cheese,500 g,340,7.0g,48.0g,13.0g,1.0g,140mg
Paper Dosa,150 ml,350,7.0g,52.0g,12.0g,3.0g,530mg
Pineapple Cake (1 slice) - Home Style,50 ml,260,3.0g,38.0g,10.0g,0.8g,170mg
Chow Mein - Spicy,50 ml,360,8.5g,50.0g,14.0g,3.0g,750mg
Sweet Corn Soup - Home Style,300 g,110,3.5g,18.0g,3.0g,1.5g,520mg
Tomato - Street Style,100 ml,18,0.9g,3.9g,0.2g,1.2g,5mg
Pink Sauce Pasta - Spicy,150 ml,350,9.5g,50.0g,12.0g,3.0g,470mg
Pink Sauce Pasta - Restaurant Style,150 ml,350,9.5g,50.0g,12.0g,3.0g,470mg
Fafda - Mild,500 g,220,5.0g,28.0g,10.0g,2.0g,480mg
Poha Jalebi - Mild,200 g,380,5.0g,62.0g,13.0g,2.5g,360mg
Blueberries - Spicy,150 ml,57,0.7g,14.5g,0.3g,2.4g,1mg
Mexican Green Wave (1 slice) - Street Style,100 g,280,9.0g,34.0g,12.0g,3.0g,540mg
Jackfruit,100 ml,95,1.7g,23.3g,0.6g,1.5g,2mg
Maharaja Mac Chicken - Home Style,50 ml,580,28.0g,52.0g,30.0g,3.0g,980mg
Cucumber Sandwich - Restaurant Style,200 g,180,5.0g,30.0g,4.5g,3.0g,310mg
Mango Lassi - Mild,100 g,180,3.5g,32.0g,4.5g,0.5g,75mg
Carrot Cake (1 slice) - Mild,150 g,310,4.5g,40.0g,15.0g,2.0g,230mg
Cheese Pizza (1 slice),100 g,300,11.5g,35.0g,13.0g,1.8g,560mg
Chilli Chicken - Home Style,300 g,450,28.0g,24.0g,28.0g,1.5g,860mg
Gulab Jamun (2 pcs) - Restaurant Style,50 ml,200,3.0g,32.0g,7.0g,0.5g,60mg
Gulab Jamun (2 pcs),300 g,200,3.0g,32.0g,7.0g,0.5g,60mg
Donut (Glazed) - Street Style,200 ml,270,4.0g,31.0g,15.0g,1.0g,220mg
Tuna Sandwich,100 ml,380,22.0g,34.0g,18.0g,2.0g,620mg
McFlurry Oreo - Restaurant Style,50 ml,340,7.0g,48.0g,13.0g,1.0g,140mg
Almond Milk - Restaurant Style,200 ml,60,2.0g,8.0g,2.5g,1.0g,150mg
Dal Baati Churma,250 g,650,18.0g,88.0g,24.0g,10.0g,580mg
Muffin (Blueberry) - Mild,200 g,240,3.5g,36.0g,9.0g,1.5g,180mg
Oatmeal Cookie - Extra Cheese,200 ml,110,2.0g,16.0g,4.5g,1.5g,65mg
Tamarind Rice - Extra Cheese,250 g,280,4.5g,52.0g,5.0g,2.5g,510mg
Vanilla Cake (1 slice) - Mild,500 g,220,3.0g,32.0g,9.0g,0.5g,180mg
Chow Mein - Restaurant Style,100 ml,360,8.5g,50.0g,14.0g,3.0g,750mg
Tofu Korma - Restaurant Style,50 ml,340,14.0g,20.0g,24.0g,3.0g,540mg
Lettuce - Restaurant Style,250 g,15,1.4g,2.9g,0.2g,1.3g,28mg
Broccoli - Home Style,250 g,34,2.8g,6.6g,0.4g,2.6g,33mg
Sambar Vada,100 g,310,7.5g,38.0g,14.0g,4.0g,520mg
Pani Puri (6 pieces) - Mild,500 g,180,3.2g,32.0g,4.8g,2.0g,290mg
Cabbage - Mild,500 g,25,1.3g,5.8g,0.1g,2.5g,18mg
Prawn Dim Sums - Mild,200 g,230,13.0g,28.0g,8.0g,1.0g,440mg
Watermelon - Mild,50 ml,46,0.9g,11.5g,0.2g,0.6g,1mg
Vada (2 pieces) - Mild,200 ml,250,6.0g,28.0g,13.0g,3.0g,450mg
Milk Biscuit (2 pcs) - Extra Cheese,150 ml,85,1.5g,12.0g,3.5g,0.3g,45mg
Andhra Chicken Curry - Mild,300 g,390,25.0g,9.0g,28.0g,1.5g,740mg
Mango Lassi - Mild,500 g,180,3.5g,32.0g,4.5g,0.5g,75mg
Rasgulla (2 pcs) - Mild,100 g,150,4.0g,28.0g,2.5g,0g,35mg
Multigrain Bread (2 slices) - Mild,300 g,150,6.5g,25.0g,2.5g,3.5g,270mg
Chole Bhature - Extra Cheese,150 ml,580,15.0g,78.0g,24.0g,8.0g,890mg
Ridge Gourd,100 ml,17,0.8g,3.8g,0.2g,1.2g,3mg
Lychee - Home Style,200 ml,66,0.8g,16.5g,0.4g,1.3g,1mg
Gatte ki Sabzi - Street Style,150 g,260,8.0g,20.0g,16.0g,4.0g,520mg
Ragi Roti - Street Style,150 ml,210,6.0g,38.0g,4.0g,5.0g,250mg
Brinjal (Eggplant) - Street Style,50 ml,25,1.0g,5.9g,0.2g,3.0g,2mg
Kesari Bath - Restaurant Style,50 ml,350,3.0g,62.0g,10.0g,1.0g,15mg
Hide & Seek (2 pcs) - Home Style,500 g,105,1.5g,14.0g,5.0g,0.5g,35mg
Salted Butter (1 tbsp) - Extra Cheese,200 g,102,0.1g,0g,11.5g,0g,90mg
Dal Makhani - Spicy,200 ml,320,12.0g,28.0g,18.0g,6.0g,480mg
Chole Bhature,100 g,580,15.0g,78.0g,24.0g,8.0g,890mg
Kanchipuram Idli - Home Style,100 g,210,5.0g,34.0g,6.0g,2.0g,380mg
French Beans - Street Style,250 g,31,1.8g,7.0g,0.1g,3.4g,6mg
Egg Bhurji - Spicy,200 g,210,14.0g,4.0g,15.0g,0.5g,420mg
Soya Chaap (2 pcs) - Home Style,50 ml,350,28.0g,20.0g,18.0g,6.0g,490mg
Spinach - Mild,200 ml,23,2.9g,3.6g,0.4g,2.2g,79mg
Figs (Anjeer) - Restaurant Style,200 ml,75,1.0g,19.0g,0.3g,2.5g,2mg
Walnuts (Akhrot) - Spicy,150 ml,196,4.5g,4.0g,19.5g,2.0g,1mg
Steamed Rice - Spicy,100 ml,260,5.0g,58.0g,0.5g,1.0g,5mg
Puran Poli (with ghee) - Extra Cheese,150 ml,350,7.5g,58.0g,10.2g,3.5g,45mg
Blueberries - Restaurant Style,100 ml,57,0.7g,14.5g,0.3g,2.4g,1mg
Rajasthani Dal - Restaurant Style,200 g,250,10.5g,26.0g,11.0g,5.5g,510mg
Veg Spring Roll - Extra Cheese,250 g,210,4.5g,30.0g,8.5g,3.0g,430mg
Malai Paneer Tikka - Home Style,250 g,420,15.0g,14.0g,34.0g,1.5g,560mg
Singapore Noodles - Home Style,200 ml,370,9.0g,54.0g,12.5g,3.0g,740mg
Pepperoni Pizza (1 slice) - Street Style,50 ml,310,14.0g,33.0g,14.0g,1.5g,680mg
Salted Butter (1 tbsp),300 g,102,0.1g,0g,11.5g,0g,90mg
Egg Fried Rice - Street Style,50 ml,420,14.0g,60.0g,13.0g,2.0g,750mg
Hara Bhara Kabab (4 pcs) - Extra Cheese,100 ml,220,6.0g,28.0g,10.0g,4.5g,380mg
Spring Rolls (2 pcs) - Restaurant Style,200 g,220,5.0g,28.0g,10.0g,2.5g,410mg
Digestive Biscuit (2 pcs) - Restaurant Style,200 ml,95,1.5g,13.0g,4.0g,1.0g,60mg
Dal Fry,150 ml,230,9.5g,26.0g,10.0g,5.5g,490mg
Pecans,50 ml,200,2.5g,4.0g,21.0g,2.5g,0mg
Good Day (2 pcs) - Restaurant Style,100 g,100,1.2g,13.0g,4.8g,0.4g,40mg
Spinach - Mild,200 g,23,2.9g,3.6g,0.4g,2.2g,79mg
Tandoori Chicken (2 pcs) - Restaurant Style,200 ml,480,48.0g,4.0g,30.0g,0g,720mg
Sambar Vada - Restaurant Style,250 g,310,7.5g,38.0g,14.0g,4.0g,520mg
Ragi Roti - Spicy,100 g,210,6.0g,38.0g,4.0g,5.0g,250mg
Cheese Pizza (1 slice),200 ml,300,11.5g,35.0g,13.0g,1.8g,560mg
Paneer Sandwich - Spicy,200 ml,340,12.0g,36.0g,16.0g,2.0g,520mg
Tuna Sandwich - Home Style,150 g,380,22.0g,34.0g,18.0g,2.0g,620mg
Chicken McNuggets (6 pcs) - Home Style,300 g,270,15.0g,16.0g,16.0g,1.0g,500mg
Kheer - Home Style,100 ml,220,6.0g,36.0g,6.0g,0.5g,60mg
Chole Bhature - Extra Cheese,100 g,580,15.0g,78.0g,24.0g,8.0g,890mg
Carrot Cake (1 slice),150 ml,310,4.5g,40.0g,15.0g,2.0g,230mg
Dahi Vada - Extra Cheese,150 g,290,7.0g,38.0g,12.0g,3.0g,420mg
Chocolate Cake (1 slice) - Spicy,150 g,280,4.0g,38.0g,12.0g,1.0g,200mg
Plum - Mild,150 g,30,0.5g,7.5g,0.2g,0.9g,0mg
Tofu Matar - Home Style,500 g,280,15.0g,18.0g,16.0g,4.0g,480mg
Salty Lassi,250 g,120,4.0g,20.0g,3.0g,0g,260mg
Patra - Home Style,250 g,170,3.0g,28.0g,5.5g,3.0g,410mg
Paneer Do Pyaza - Restaurant Style,100 g,430,13.0g,18.0g,34.0g,3.0g,590mg
Muffin (Chocolate) - Home Style,100 g,250,4.0g,34.0g,11.0g,1.5g,190mg
Ragda Pattice - Spicy,500 g,310,8.0g,48.0g,10.0g,6.0g,540mg
Walnuts (Akhrot) - Restaurant Style,100 g,196,4.5g,4.0g,19.5g,2.0g,1mg
Mexican Green Wave (1 slice),200 g,280,9.0g,34.0g,12.0g,3.0g,540mg
Cheese Pizza (1 slice) - Extra Cheese,150 ml,300,11.5g,35.0g,13.0g,1.8g,560mg
Prawn Malai Curry - Street Style,200 g,420,22.0g,10.0g,32.0g,0.5g,560mg
Jam (1 tbsp) - Mild,50 ml,55,0.1g,14.0g,0g,0.2g,2mg
Chicken Curry - Extra Cheese,50 ml,380,26.0g,8.0g,27.0g,1.0g,620mg
Bhatura - Extra Cheese,200 g,320,7.0g,42.0g,14.0g,2.0g,410mg
Aloo Chaat - Mild,150 g,220,4.0g,36.0g,7.0g,4.0g,380mg
Rasmalai (2 pcs) - Home Style,150 ml,240,6.0g,32.0g,10.0g,0g,70mg
Bhatura - Mild,150 ml,320,7.0g,42.0g,14.0g,2.0g,410mg
McChicken Wrap - Home Style,100 ml,480,18.0g,46.0g,25.0g,2.5g,790mg
McSpicy Paneer Burger,150 g,470,14.0g,48.0g,24.0g,2.5g,820mg
Kesari Bath - Home Style,250 g,350,3.0g,62.0g,10.0g,1.0g,15mg
Fish Moilee - Street Style,200 ml,360,20.0g,12.0g,25.0g,1.0g,510mg
Ragda Pattice - Mild,150 ml,310,8.0g,48.0g,10.0g,6.0g,540mg
Thatte Idli - Mild,200 ml,200,5.5g,36.0g,4.5g,2.5g,360mg
Prunes - Mild,100 g,70,0.8g,18.5g,0.1g,2.0g,1mg
Chicken Lollipop (4 pcs),150 g,480,28.0g,22.0g,32.0g,1.0g,850mg
Chocolate Chip Cookie - Home Style,50 ml,120,1.5g,16.0g,6.0g,0.5g,50mg
Palak Paneer - Home Style,150 ml,350,14.0g,12.0g,27.0g,4.0g,490mg
Jackfruit - Mild,300 g,95,1.7g,23.3g,0.6g,1.5g,2mg
Grilled Veg Sandwich - Spicy,200 g,290,9.0g,40.0g,10.0g,4.5g,460mg
Prawn Malai Curry - Extra Cheese,200 g,420,22.0g,10.0g,32.0g,0.5g,560mg
Pineapple - Extra Cheese,300 g,50,0.5g,13.1g,0.1g,1.4g,1mg
Cranberries - Mild,300 g,46,0.4g,12.0g,0.1g,4.6g,2mg
Hash Brown - Street Style,300 g,150,1.5g,16.0g,9.0g,1.5g,280mg
Bread Roll - Extra Cheese,150 ml,140,4.0g,25.0g,2.5g,1.2g,190mg
Pani Puri (6 pieces) - Street Style,250 g,180,3.2g,32.0g,4.8g,2.0g,290mg
Semiya Upma - Home Style,250 g,240,5.0g,42.0g,5.5g,2.5g,410mg
Lucknowi Biryani - Street Style,200 ml,600,28.0g,68.0g,23.0g,2.0g,950mg
French Toast - Home Style,250 g,310,9.0g,32.0g,16.0g,1.0g,350mg
Tofu Butter Masala - Home Style,100 ml,400,14.0g,14.0g,32.0g,3.5g,590mg
Fig (Fresh) - Home Style,100 ml,37,0.4g,9.6g,0.2g,1.4g,1mg
Tomato Soup - Spicy,300 g,80,2.0g,14.0g,2.0g,1.5g,490mg
Rajma Masala - Street Style,300 g,260,12.0g,32.0g,9.0g,8.0g,490mg
Red Sauce Pasta - Home Style,300 g,310,9.0g,52.0g,8.0g,4.0g,490mg
Croissant - Restaurant Style,300 g,230,4.5g,26.0g,12.0g,1.5g,210mg
BBQ Chicken Pizza (1 slice) - Restaurant Style,300 g,350,16.0g,34.0g,17.0g,1.5g,740mg
Ghee Rice - Extra Cheese,300 g,320,4.0g,50.0g,11.0g,1.0g,310mg
Kachori (1 pc) - Street Style,150 g,260,5.0g,30.0g,13.0g,2.5g,340mg
Akki Roti,500 g,220,5.0g,40.0g,4.5g,3.0g,290mg
Parle Biscuit (2 pcs) - Home Style,500 g,80,1.0g,12.0g,3.0g,0.3g,40mg
Pav Bhaji - Mild,500 g,380,9.0g,52.0g,16.0g,7.0g,620mg
Danish Pastry - Restaurant Style,100 g,280,4.5g,32.0g,15.0g,1.0g,200mg
Peanuts (Roasted) - Extra Cheese,50 ml,170,7.5g,6.0g,14.0g,2.5g,90mg
Chow Mein - Mild,250 g,360,8.5g,50.0g,14.0g,3.0g,750mg
Pineapple - Restaurant Style,250 g,50,0.5g,13.1g,0.1g,1.4g,1mg
Chicken Tikka Masala - Extra Cheese,100 ml,460,28.0g,14.0g,32.0g,1.5g,780mg
Mexican Green Wave (1 slice),500 g,280,9.0g,34.0g,12.0g,3.0g,540mg
Medu Vada - Mild,200 g,270,6.5g,30.0g,14.0g,3.5g,480mg
Afghani Chaap - Home Style,300 g,420,24.0g,16.0g,30.0g,3.5g,540mg
Mozzarella Cheese - Spicy,250 g,85,6.0g,1.0g,6.0g,0g,140mg
Laddu (1 pc) - Extra Cheese,250 g,150,3.5g,18.0g,7.5g,1.0g,20mg
McFlurry KitKat - Home Style,200 ml,350,7.5g,49.0g,14.0g,1.0g,150mg
Sesame Seeds (Til) - Home Style,500 g,90,2.5g,4.0g,8.0g,1.5g,2mg
Sourdough (2 slices) - Extra Cheese,200 g,180,6.0g,34.0g,1.5g,1.5g,340mg
Star Fruit - Spicy,250 g,28,0.9g,6.0g,0.3g,2.5g,2mg
Aloo Matar - Home Style,250 g,190,4.5g,20.0g,10.0g,4.0g,410mg
Pav Bhaji - Spicy,100 g,380,9.0g,52.0g,16.0g,7.0g,620mg
Barfi (2 pcs) - Street Style,300 g,140,3.0g,18.0g,6.5g,0.3g,25mg
Apple - Spicy,300 g,78,0.4g,20.8g,0.2g,3.6g,1mg
Litchi - Mild,100 ml,66,0.8g,16.5g,0.4g,1.3g,1mg
Milk Biscuit (2 pcs),100 ml,85,1.5g,12.0g,3.5g,0.3g,45mg
Blueberries,50 ml,57,0.7g,14.5g,0.3g,2.4g,1mg
Cucumber,100 g,15,0.7g,3.6g,0.1g,0.5g,2mg
Plain Dosa,100 ml,230,5.0g,38.0g,6.0g,2.5g,420mg
Star Fruit - Extra Cheese,150 g,28,0.9g,6.0g,0.3g,2.5g,2mg
Aloo Matar - Mild,500 g,190,4.5g,20.0g,10.0g,4.0g,410mg
Bhindi Masala,300 g,160,3.0g,14.0g,10.0g,4.5g,380mg
McVeggie Burger - Extra Cheese,150 g,380,9.0g,46.0g,17.0g,3.0g,680mg
Oreo (2 pcs) - Extra Cheese,150 ml,110,1.0g,16.0g,5.0g,0.5g,75mg
Chicken Sausage Pizza (1 slice) - Mild,250 g,330,15.0g,32.0g,16.0g,1.5g,720mg
Custard Apple - Spicy,100 ml,101,2.1g,23.5g,0.6g,2.4g,4mg
McAloo Tikki Burger - Home Style,200 g,345,8.0g,48.0g,14.0g,3.5g,650mg
Soan Papdi (2 pcs) - Extra Cheese,200 g,100,1.5g,12.0g,5.5g,0.2g,10mg
Plum - Home Style,100 ml,30,0.5g,7.5g,0.2g,0.9g,0mg
Mysore Pak (1 pc) - Home Style,200 ml,130,2.0g,16.0g,6.5g,0.2g,15mg
Lychee,50 ml,66,0.8g,16.5g,0.4g,1.3g,1mg
Ciabatta - Street Style,500 g,210,7.0g,40.0g,3.0g,2.0g,350mg
Fish Biryani - Mild,150 g,500,28.0g,63.0g,17.0g,1.5g,860mg
Grilled Chicken Sandwich,150 g,380,24.0g,34.0g,16.0g,2.5g,680mg
White Sauce Pasta - Mild,200 ml,380,10.0g,48.0g,16.0g,2.5g,450mg
Paneer Biryani - Mild,100 ml,520,14.0g,68.0g,20.0g,4.0g,780mg
Pink Sauce Pasta,100 ml,350,9.5g,50.0g,12.0g,3.0g,470mg
McChicken Burger,300 g,450,16.0g,44.0g,22.0g,2.0g,780mg
Chole Bhature - Extra Cheese,50 ml,580,15.0g,78.0g,24.0g,8.0g,890mg
Rava Idli - Extra Cheese,100 g,190,4.5g,32.0g,5.0g,1.5g,350mg
Egg Fried Rice - Street Style,500 g,420,14.0g,60.0g,13.0g,2.0g,750mg
Soya Chaap (2 pcs),100 g,350,28.0g,20.0g,18.0g,6.0g,490mg
Pineapple,100 ml,50,0.5g,13.1g,0.1g,1.4g,1mg
Papdi Chaat - Home Style,500 g,280,5.0g,42.0g,10.0g,3.5g,460mg
Dahi Puri (6 pieces) - Spicy,100 g,250,5.5g,36.0g,9.0g,2.5g,380mg
Thepla (1 pc),50 ml,110,3.0g,15.0g,4.5g,2.0g,120mg
Egg Bhurji - Mild,300 g,210,14.0g,4.0g,15.0g,0.5g,420mg
Pecans - Mild,100 ml,200,2.5g,4.0g,21.0g,2.5g,0mg
Mix Veg,300 g,150,4.0g,18.0g,7.0g,4.5g,390mg
Chicken Tikka Masala - Street Style,150 ml,460,28.0g,14.0g,32.0g,1.5g,780mg
White Bread (2 slices) - Spicy,50 ml,160,5.0g,28.0g,2.5g,1.0g,300mg
Hakka Noodles - Restaurant Style,500 g,340,7.5g,54.0g,10.0g,2.5g,720mg
Roasted Chana - Home Style,100 ml,120,7.0g,18.0g,3.0g,4.5g,80mg
Jam (1 tbsp) - Spicy,100 ml,55,0.1g,14.0g,0g,0.2g,2mg
Cashews (Kaju) - Restaurant Style,200 g,160,5.2g,9.0g,12.0g,1.0g,5mg
Egg Curry - Spicy,100 g,290,12.0g,10.0g,22.0g,1.5g,490mg
Hung Curd - Restaurant Style,200 g,120,11.0g,5.0g,6.5g,0g,50mg
Buttermilk (Chaas) - Home Style,100 g,50,2.5g,6.0g,2.0g,0g,180mg
Blackberries - Extra Cheese,100 g,43,1.4g,10.0g,0.5g,5.3g,1mg
Payasam - Spicy,50 ml,210,5.0g,38.0g,5.0g,0.5g,55mg
Chicken Noodles - Spicy,250 g,440,22.0g,50.0g,17.0g,2.0g,820mg
Malai Tikka (6 pcs) - Home Style,300 g,460,38.0g,8.0g,30.0g,0.5g,640mg
Palak Paneer - Extra Cheese,200 ml,350,14.0g,12.0g,27.0g,4.0g,490mg
Gobi Manchurian (Dry) - Restaurant Style,200 ml,380,6.0g,42.0g,21.0g,5.0g,680mg
Pav Bhaji - Extra Cheese,300 g,380,9.0g,52.0g,16.0g,7.0g,620mg
Club Sandwich,150 ml,450,18.0g,44.0g,22.0g,3.0g,720mg
Cucumber - Spicy,300 g,15,0.7g,3.6g,0.1g,0.5g,2mg
Raisins (Kishmish) - Mild,150 g,90,1.0g,24.0g,0.1g,1.0g,5mg
Kaju Katli (2 pcs) - Street Style,200 g,110,2.0g,14.0g,5.5g,0.2g,10mg
Sabudana Khichdi - Restaurant Style,150 g,250,3.5g,48.0g,5.0g,2.0g,280mg
Deluxe Veggie (1 slice) - Street Style,200 g,295,10.5g,36.0g,12.0g,2.8g,590mg
Dal Baati Churma - Street Style,200 g,650,18.0g,88.0g,24.0g,10.0g,580mg
Malai Tikka (6 pcs) - Spicy,200 ml,460,38.0g,8.0g,30.0g,0.5g,640mg
Butter Cookie (2 pcs) - Extra Cheese,100 g,95,1.0g,12.0g,5.0g,0.2g,30mg
Chicken Club Sandwich - Restaurant Style,100 ml,500,26.0g,42.0g,25.0g,2.5g,790mg
Lettuce - Extra Cheese,150 ml,15,1.4g,2.9g,0.2g,1.3g,28mg
Corn Flakes with Milk,150 g,210,7.0g,38.0g,4.0g,2.0g,180mg
McVeggie Burger - Extra Cheese,100 g,380,9.0g,46.0g,17.0g,3.0g,680mg
Undhiyu - Street Style,200 g,280,6.0g,32.0g,14.0g,8.0g,440mg
Egg Sandwich - Street Style,100 g,320,14.0g,32.0g,15.0g,2.0g,540mg
Paneer Do Pyaza - Spicy,500 g,430,13.0g,18.0g,34.0g,3.0g,590mg
Cauliflower - Mild,150 g,25,1.9g,5.0g,0.3g,2.0g,30mg
Barfi (2 pcs) - Extra Cheese,150 g,140,3.0g,18.0g,6.5g,0.3g,25mg
Poori (2 pieces) - Home Style,50 ml,240,4.0g,32.0g,11.0g,1.5g,280mg
Handvo - Street Style,300 g,210,7.0g,32.0g,7.0g,4.0g,390mg
Puran Poli (with ghee) - Extra Cheese,150 ml,350,7.5g,58.0g,10.2g,3.5g,45mg
Prawn Curry,50 ml,350,24.0g,9.0g,24.0g,1.0g,580mg
Aloo Tikki (2 pcs) - Street Style,100 ml,240,4.0g,32.0g,11.0g,3.0g,420mg
Milk (Skimmed) - Home Style,300 g,68,6.8g,9.8g,0.4g,0g,120mg
Undhiyu - Mild,200 ml,280,6.0g,32.0g,14.0g,8.0g,440mg
Multigrain Bread (2 slices) - Restaurant Style,200 ml,150,6.5g,25.0g,2.5g,3.5g,270mg
Prawn Biryani - Home Style,150 ml,510,26.0g,64.0g,18.0g,1.5g,880mg
Kanda Bhaji - Street Style,100 g,280,4.0g,32.0g,15.0g,3.0g,460mg
Palak Dal - Street Style,150 g,220,10.0g,22.0g,10.0g,5.0g,460mg
Arrabbiata Pasta - Restaurant Style,100 ml,320,8.5g,52.0g,8.5g,4.5g,510mg
Tamarind Rice - Mild,200 g,280,4.5g,52.0g,5.0g,2.5g,510mg
Blackberries - Restaurant Style,300 g,43,1.4g,10.0g,0.5g,5.3g,1mg
Onion - Spicy,500 g,40,1.1g,9.3g,0.1g,1.7g,4mg
Veg Sandwich - Street Style,150 ml,250,8.0g,38.0g,7.0g,4.0g,420mg
Undhiyu - Spicy,150 g,280,6.0g,32.0g,14.0g,8.0g,440mg
Poha Jalebi - Mild,250 g,380,5.0g,62.0g,13.0g,2.5g,360mg
Almond Milk - Restaurant Style,200 ml,60,2.0g,8.0g,2.5g,1.0g,150mg
Almonds (Badam) - Extra Cheese,150 g,173,6.0g,6.0g,15.0g,3.5g,0mg
Prawn Dim Sums,250 g,230,13.0g,28.0g,8.0g,1.0g,440mg
Vanilla Cake (1 slice) - Extra Cheese,150 g,220,3.0g,32.0g,9.0g,0.5g,180mg
Chow Mein - Home Style,200 ml,360,8.5g,50.0g,14.0g,3.0g,750mg
Mutton Korma - Extra Cheese,300 g,540,26.0g,14.0g,43.0g,1.0g,640mg
Aloo Matar - Home Style,100 g,190,4.5g,20.0g,10.0g,4.0g,410mg
Peanuts (Raw) - Home Style,100 ml,160,7.0g,5.0g,14.0g,2.5g,5mg
Aloo Chaat - Mild,150 g,220,4.0g,36.0g,7.0g,4.0g,380mg
Mutton Keema - Home Style,250 g,420,32.0g,6.0g,30.0g,0.5g,620mg
Mutton Keema - Extra Cheese,250 g,420,32.0g,6.0g,30.0g,0.5g,620mg
Muskmelon - Spicy,150 ml,51,1.3g,12.0g,0.3g,1.1g,16mg
Matar Pulao - Mild,500 g,290,7.5g,52.0g,6.0g,3.5g,400mg
Barfi (2 pcs),500 g,140,3.0g,18.0g,6.5g,0.3g,25mg
Samosa (1 pc) - Home Style,250 g,210,3.5g,24.0g,11.0g,2.0g,290mg
Palak Paneer - Spicy,500 g,350,14.0g,12.0g,27.0g,4.0g,490mg
Dal Baati Churma,100 g,650,18.0g,88.0g,24.0g,10.0g,580mg
Cinnamon Roll - Street Style,100 ml,290,5.0g,42.0g,11.0g,1.5g,250mg
Paneer Do Pyaza - Street Style,300 g,430,13.0g,18.0g,34.0g,3.0g,590mg
Sambar Vada - Home Style,200 g,310,7.5g,38.0g,14.0g,4.0g,520mg
Watermelon - Spicy,50 ml,46,0.9g,11.5g,0.2g,0.6g,1mg
Navratna Korma - Spicy,150 g,380,8.0g,22.0g,30.0g,4.5g,520mg
Veg Spring Roll - Home Style,500 g,210,4.5g,30.0g,8.5g,3.0g,430mg
Flavored Yogurt (Mango) - Street Style,100 g,115,3.0g,19.0g,2.5g,0g,40mg
Cheddar Cheese - Spicy,100 ml,120,7.0g,0.5g,10.0g,0g,180mg
Sesame Seeds (Til) - Extra Cheese,300 g,90,2.5g,4.0g,8.0g,1.5g,2mg
Muffin (Blueberry),50 ml,240,3.5g,36.0g,9.0g,1.5g,180mg
Chilli Chicken - Restaurant Style,500 g,450,28.0g,24.0g,28.0g,1.5g,860mg
Brazil Nuts - Restaurant Style,100 g,195,4.0g,3.5g,19.5g,2.0g,1mg
Papdi Chaat,200 ml,280,5.0g,42.0g,10.0g,3.5g,460mg
Soya Chaap (2 pcs) - Home Style,100 ml,350,28.0g,20.0g,18.0g,6.0g,490mg
Oatmeal Cookie - Extra Cheese,250 g,110,2.0g,16.0g,4.5g,1.5g,65mg
Chicken Fried Rice - Restaurant Style,100 ml,460,20.0g,58.0g,16.0g,1.5g,780mg
Khandvi (4 pcs) - Extra Cheese,150 g,150,5.0g,24.0g,4.0g,2.0g,380mg
Chicken Spring Roll - Street Style,150 ml,270,12.0g,28.0g,12.0g,2.0g,490mg
Pav (Ladi Pav 1 pc) - Extra Cheese,50 ml,110,3.0g,20.0g,1.5g,1.0g,160mg
Dhokla (4 pcs) - Home Style,50 ml,180,6.0g,28.0g,5.0g,2.5g,420mg
BBQ Chicken Pizza (1 slice) - Mild,50 ml,350,16.0g,34.0g,17.0g,1.5g,740mg
Payasam - Street Style,300 g,210,5.0g,38.0g,5.0g,0.5g,55mg
Jeera Rice - Home Style,250 g,240,4.5g,48.0g,3.0g,1.0g,290mg
Prawn Biryani,50 ml,510,26.0g,64.0g,18.0g,1.5g,880mg
Tamarind Rice - Extra Cheese,200 ml,280,4.5g,52.0g,5.0g,2.5g,510mg
Reshmi Kabab (4 pcs) - Mild,150 g,400,28.0g,6.0g,29.0g,0.5g,560mg
Croissant - Street Style,150 ml,230,4.5g,26.0g,12.0g,1.5g,210mg
Peas (Green) - Home Style,50 ml,81,5.4g,14.5g,0.4g,5.1g,5mg
Fruit Chaat,100 g,130,2.0g,30.0g,1.0g,3.5g,40mg
Arrabbiata Pasta,300 g,320,8.5g,52.0g,8.5g,4.5g,510mg
Cabbage - Home Style,100 ml,25,1.3g,5.8g,0.1g,2.5g,18mg
Mysore Pak (1 pc) - Street Style,100 ml,130,2.0g,16.0g,6.5g,0.2g,15mg
Navratna Korma,200 g,380,8.0g,22.0g,30.0g,4.5g,520mg
Mooli Paratha - Restaurant Style,100 g,310,8.5g,45.0g,11.0g,4.5g,360mg
Honeydew - Home Style,300 g,55,0.8g,14.0g,0.2g,1.2g,18mg
Methi Thepla - Restaurant Style,250 g,115,3.2g,15.5g,4.8g,2.2g,125mg
Farmhouse Pizza (1 slice) - Extra Cheese,50 ml,300,11.0g,36.0g,12.5g,2.5g,580mg
Chicken Tikka Masala - Mild,500 g,460,28.0g,14.0g,32.0g,1.5g,780mg
Dal Tadka - Restaurant Style,150 ml,210,9.0g,24.0g,9.0g,5.0g,460mg
Jalebi (2 pcs) - Street Style,100 g,180,2.0g,30.0g,6.0g,0.5g,40mg
Soan Papdi (2 pcs),50 ml,100,1.5g,12.0g,5.5g,0.2g,10mg
Rava Dosa - Extra Cheese,250 g,290,6.0g,42.0g,10.0g,2.0g,510mg
Pineapple Cake (1 slice) - Mild,100 g,260,3.0g,38.0g,10.0g,0.8g,170mg
Apricot,150 ml,17,0.5g,3.9g,0.1g,0.7g,0mg
Apricots (Dried) - Home Style,250 g,70,1.0g,18.0g,0.1g,2.0g,2mg
Matar Paneer - Mild,50 ml,380,12.0g,16.0g,29.0g,3.5g,540mg
Oatmeal Cookie,300 g,110,2.0g,16.0g,4.5g,1.5g,65mg
Brazil Nuts - Spicy,200 ml,195,4.0g,3.5g,19.5g,2.0g,1mg
Buttermilk (Chaas) - Restaurant Style,200 g,50,2.5g,6.0g,2.0g,0g,180mg
Kolkata Biryani - Street Style,150 ml,560,24.0g,72.0g,20.0g,2.5g,890mg
Egg Bhurji,150 g,210,14.0g,4.0g,15.0g,0.5g,420mg
Sesame Seeds (Til) - Extra Cheese,150 g,90,2.5g,4.0g,8.0g,1.5g,2mg
Barfi (2 pcs) - Home Style,150 g,140,3.0g,18.0g,6.5g,0.3g,25mg
Mutter Mushroom - Restaurant Style,150 ml,200,5.0g,18.0g,11.0g,4.5g,430mg
Oats Porridge - Street Style,250 g,160,6.0g,28.0g,3.0g,4.0g,40mg
Paneer Tikka Pizza (1 slice),150 g,325,13.0g,35.0g,14.5g,2.0g,610mg
Buttermilk (Chaas) - Mild,100 g,50,2.5g,6.0g,2.0g,0g,180mg
Matar Pulao - Home Style,200 g,290,7.5g,52.0g,6.0g,3.5g,400mg
Chicken Lollipop (4 pcs) - Extra Cheese,150 ml,480,28.0g,22.0g,32.0g,1.0g,850mg
Zucchini,200 g,17,1.2g,3.1g,0.3g,1.0g,8mg
Soft Serve Cone - Restaurant Style,250 g,150,3.5g,24.0g,4.5g,0g,80mg
Dragon Fruit - Mild,100 g,60,1.2g,13.0g,0.4g,3.0g,0mg
Rava Idli,50 ml,190,4.5g,32.0g,5.0g,1.5g,350mg
Akki Roti - Restaurant Style,200 g,220,5.0g,40.0g,4.5g,3.0g,290mg
Goan Fish Curry - Restaurant Style,150 ml,330,21.0g,11.0g,22.0g,1.5g,570mg
Mayonnaise (1 tbsp) - Spicy,300 g,94,0.1g,0.1g,10.0g,0g,90mg
Chocolate Cake (1 slice) - Restaurant Style,300 g,280,4.0g,38.0g,12.0g,1.0g,200mg
Sourdough (2 slices) - Home Style,150 g,180,6.0g,34.0g,1.5g,1.5g,340mg
Bhindi Masala - Extra Cheese,100 g,160,3.0g,14.0g,10.0g,4.5g,380mg
Cucumber - Street Style,50 ml,15,0.7g,3.6g,0.1g,0.5g,2mg
White Bread (2 slices) - Home Style,100 g,160,5.0g,28.0g,2.5g,1.0g,300mg
Fish Curry - Extra Cheese,100 ml,340,22.0g,10.0g,23.0g,1.5g,540mg
Croissant - Street Style,50 ml,230,4.5g,26.0g,12.0g,1.5g,210mg
Cheesecake (1 slice) - Home Style,150 g,350,7.0g,30.0g,22.0g,0.5g,280mg
Soft Serve Cone - Restaurant Style,250 g,150,3.5g,24.0g,4.5g,0g,80mg
Cheese Garlic Bread - Extra Cheese,50 ml,310,11.0g,34.0g,15.0g,2.0g,520mg
Tofu Matar,100 g,280,15.0g,18.0g,16.0g,4.0g,480mg
Malai Chaap (2 pcs) - Spicy,50 ml,440,22.0g,18.0g,32.0g,3.0g,560mg
Andhra Chicken Curry - Restaurant Style,150 ml,390,25.0g,9.0g,28.0g,1.5g,740mg
Mushroom Pulao - Mild,200 ml,300,7.0g,50.0g,8.0g,3.5g,440mg
Zucchini - Spicy,150 ml,17,1.2g,3.1g,0.3g,1.0g,8mg
Paper Dosa - Mild,150 ml,350,7.0g,52.0g,12.0g,3.0g,530mg
Éclair - Restaurant Style,250 g,240,4.0g,26.0g,13.0g,0.5g,170mg
Veg Sandwich - Restaurant Style,100 g,250,8.0g,38.0g,7.0g,4.0g,420mg
McSpicy Paneer Burger - Home Style,150 g,470,14.0g,48.0g,24.0g,2.5g,820mg
Tofu (Firm) - Extra Cheese,250 g,145,15.0g,4.0g,8.0g,2.0g,10mg
Pomegranate - Street Style,100 ml,83,1.7g,18.7g,1.2g,4.0g,3mg
Dal Makhani - Extra Cheese,150 ml,320,12.0g,28.0g,18.0g,6.0g,480mg
Akki Roti - Restaurant Style,100 ml,220,5.0g,40.0g,4.5g,3.0g,290mg
Ragi Mudde - Street Style,150 ml,180,5.0g,38.0g,1.5g,4.5g,10mg
Hazelnuts - Spicy,150 ml,176,4.5g,5.0g,17.0g,3.0g,0mg
Undhiyu - Spicy,500 g,280,6.0g,32.0g,14.0g,8.0g,440mg
Chicken Club Sandwich - Mild,150 ml,500,26.0g,42.0g,25.0g,2.5g,790mg
Dragon Fruit,200 ml,60,1.2g,13.0g,0.4g,3.0g,0mg
Figs (Anjeer) - Mild,200 g,75,1.0g,19.0g,0.3g,2.5g,2mg
Good Day (2 pcs) - Extra Cheese,250 g,100,1.2g,13.0g,4.8g,0.4g,40mg
Pesto Pasta - Home Style,300 g,400,10.0g,44.0g,21.0g,4.0g,360mg
Fruit Chaat - Restaurant Style,50 ml,130,2.0g,30.0g,1.0g,3.5g,40mg
Tofu (Soft) - Mild,200 g,70,7.0g,2.0g,4.0g,0.5g,8mg
Pine Nuts - Spicy,250 g,190,4.0g,4.0g,19.0g,1.5g,1mg
Oatmeal Cookie - Restaurant Style,150 ml,110,2.0g,16.0g,4.5g,1.5g,65mg
Goan Fish Curry - Extra Cheese,50 ml,330,21.0g,11.0g,22.0g,1.5g,570mg
Apricots (Dried) - Street Style,500 g,70,1.0g,18.0g,0.1g,2.0g,2mg
Paneer Tikka Pizza (1 slice) - Mild,500 g,325,13.0g,35.0g,14.5g,2.0g,610mg
Peanuts (Roasted) - Extra Cheese,200 ml,170,7.5g,6.0g,14.0g,2.5g,90mg
Peanuts (Roasted) - Street Style,500 g,170,7.5g,6.0g,14.0g,2.5g,90mg
Oreo (2 pcs) - Spicy,50 ml,110,1.0g,16.0g,5.0g,0.5g,75mg
Chicken Tikka Masala - Home Style,150 g,460,28.0g,14.0g,32.0g,1.5g,780mg
Gatte ki Sabzi - Extra Cheese,200 g,260,8.0g,20.0g,16.0g,4.0g,520mg
Macadamia Nuts - Restaurant Style,250 g,215,2.5g,4.0g,22.5g,2.5g,1mg
Mayonnaise (1 tbsp) - Home Style,200 ml,94,0.1g,0.1g,10.0g,0g,90mg
Mushroom Pulao - Mild,200 ml,300,7.0g,50.0g,8.0g,3.5g,440mg
Cucumber Sandwich - Home Style,50 ml,180,5.0g,30.0g,4.5g,3.0g,310mg
Onion - Restaurant Style,50 ml,40,1.1g,9.3g,0.1g,1.7g,4mg
Cheese Garlic Bread - Street Style,500 g,310,11.0g,34.0g,15.0g,2.0g,520mg
Sambar Vada,150 g,310,7.5g,38.0g,14.0g,4.0g,520mg
Paneer Tikka Pizza (1 slice) - Extra Cheese,100 g,325,13.0g,35.0g,14.5g,2.0g,610mg
Butter (1 tbsp),200 ml,102,0.1g,0g,11.5g,0g,1mg
Bottle Gourd - Restaurant Style,200 ml,14,0.6g,3.4g,0.1g,0.6g,2mg
Soya Chaap (2 pcs) - Home Style,50 ml,350,28.0g,20.0g,18.0g,6.0g,490mg
Pav Bhaji - Street Style,250 g,380,9.0g,52.0g,16.0g,7.0g,620mg
Rasgulla (2 pcs) - Home Style,500 g,150,4.0g,28.0g,2.5g,0g,35mg
Litchi - Spicy,200 g,66,0.8g,16.5g,0.4g,1.3g,1mg
Curd Rice,250 g,220,6.0g,38.0g,4.5g,2.0g,310mg
Masala Dosa - Street Style,200 ml,315,8.2g,48.5g,9.8g,4.2g,580mg
McVeggie Wrap - Street Style,100 ml,420,11.0g,48.0g,20.0g,4.0g,720mg
Makki di Roti - Extra Cheese,200 g,240,6.5g,38.0g,7.0g,5.0g,260mg
Guava - Restaurant Style,150 g,68,2.6g,14.3g,1.0g,5.4g,2mg
Croissant (Chocolate) - Spicy,150 ml,280,5.0g,30.0g,16.0g,1.5g,230mg
Brownie (1 piece) - Home Style,150 g,220,2.5g,28.0g,11.0g,1.0g,100mg
Focaccia - Home Style,300 g,230,6.5g,38.0g,6.0g,2.0g,370mg
Cheese Slice - Home Style,500 g,70,4.5g,1.0g,5.5g,0g,180mg
Moong Dal Halwa - Restaurant Style,200 g,350,8.0g,45.0g,16.0g,3.0g,40mg
Club Sandwich - Mild,500 g,450,18.0g,44.0g,22.0g,3.0g,720mg
Gulab Jamun (2 pcs) - Home Style,150 g,200,3.0g,32.0g,7.0g,0.5g,60mg
Tofu Palak - Restaurant Style,250 g,300,16.0g,12.0g,22.0g,4.5g,510mg
Cottage Cheese (Paneer) - Spicy,100 ml,265,18.0g,6.0g,18.0g,0g,150mg
Strawberries - Mild,500 g,32,0.7g,7.7g,0.3g,2.0g,1mg
Prawn Biryani - Home Style,100 g,510,26.0g,64.0g,18.0g,1.5g,880mg
Litchi - Mild,100 g,66,0.8g,16.5g,0.4g,1.3g,1mg
Pepperoni Pizza (1 slice) - Spicy,50 ml,310,14.0g,33.0g,14.0g,1.5g,680mg
Chocolate Chip Cookie - Restaurant Style,100 ml,120,1.5g,16.0g,6.0g,0.5g,50mg
Thatte Idli - Street Style,200 ml,200,5.5g,36.0g,4.5g,2.5g,360mg
Vanilla Cake (1 slice) - Extra Cheese,200 ml,220,3.0g,32.0g,9.0g,0.5g,180mg
Roasted Chana - Street Style,250 g,120,7.0g,18.0g,3.0g,4.5g,80mg
Brown Bread (2 slices),250 g,140,6.0g,24.0g,2.0g,3.0g,280mg
Rye Bread (2 slices) - Street Style,100 ml,150,5.5g,28.0g,2.0g,4.0g,310mg
Cheese Spread (1 tbsp) - Spicy,100 g,45,2.0g,1.5g,3.5g,0g,120mg
Oreo (2 pcs) - Extra Cheese,200 ml,110,1.0g,16.0g,5.0g,0.5g,75mg
Seekh Kabab (4 pcs) - Home Style,100 ml,340,24.0g,8.0g,24.0g,2.0g,520mg
Dal Makhani - Extra Cheese,300 g,320,12.0g,28.0g,18.0g,6.0g,480mg
Gobi Manchurian (Dry) - Restaurant Style,50 ml,380,6.0g,42.0g,21.0g,5.0g,680mg
Cauliflower - Mild,150 g,25,1.9g,5.0g,0.3g,2.0g,30mg
Cinnamon Roll - Mild,100 ml,290,5.0g,42.0g,11.0g,1.5g,250mg
Oreo (2 pcs) - Street Style,150 g,110,1.0g,16.0g,5.0g,0.5g,75mg
Tofu Palak - Mild,100 ml,300,16.0g,12.0g,22.0g,4.5g,510mg
Payasam - Mild,300 g,210,5.0g,38.0g,5.0g,0.5g,55mg
Jalebi (2 pcs) - Home Style,500 g,180,2.0g,30.0g,6.0g,0.5g,40mg
Sev Puri (6 pieces) - Extra Cheese,200 g,220,4.0g,34.0g,8.0g,2.5g,350mg
Bitter Gourd - Home Style,300 g,17,1.0g,3.7g,0.2g,2.8g,5mg
Fish Curry - Extra Cheese,200 ml,340,22.0g,10.0g,23.0g,1.5g,540mg
Masala Chaas,150 g,55,2.5g,7.0g,2.0g,0.5g,220mg
Rye Bread (2 slices) - Mild,250 g,150,5.5g,28.0g,2.0g,4.0g,310mg
Roasted Chana - Street Style,300 g,120,7.0g,18.0g,3.0g,4.5g,80mg
Tandoori Paneer Tikka - Street Style,150 g,380,16.0g,12.0g,30.0g,2.0g,540mg
French Toast - Street Style,200 ml,310,9.0g,32.0g,16.0g,1.0g,350mg
Cherries,250 g,50,1.0g,12.0g,0.3g,1.6g,0mg
Chicken Noodle Soup - Mild,200 ml,160,10.0g,16.0g,6.0g,1.5g,640mg
Payasam - Home Style,150 ml,210,5.0g,38.0g,5.0g,0.5g,55mg
Éclair - Home Style,150 ml,240,4.0g,26.0g,13.0g,0.5g,170mg
Chicken Tikka Masala - Restaurant Style,150 g,460,28.0g,14.0g,32.0g,1.5g,780mg
Brinjal (Eggplant) - Home Style,150 g,25,1.0g,5.9g,0.2g,3.0g,2mg
Hara Bhara Kabab (4 pcs) - Street Style,500 g,220,6.0g,28.0g,10.0g,4.5g,380mg
Pear - Restaurant Style,500 g,81,0.6g,21.5g,0.2g,4.6g,1mg
Macadamia Nuts - Mild,100 ml,215,2.5g,4.0g,22.5g,2.5g,1mg
Yogurt (Plain) - Spicy,100 ml,61,3.5g,4.7g,3.3g,0g,40mg
Paneer Lababdar - Home Style,150 ml,480,14.0g,15.0g,40.0g,2.0g,620mg
McVeggie Wrap - Restaurant Style,300 g,420,11.0g,48.0g,20.0g,4.0g,720mg
Reshmi Kabab (4 pcs) - Spicy,500 g,400,28.0g,6.0g,29.0g,0.5g,560mg
Brown Bread (2 slices),100 ml,140,6.0g,24.0g,2.0g,3.0g,280mg
Hash Brown - Restaurant Style,500 g,150,1.5g,16.0g,9.0g,1.5g,280mg
Pad Thai Noodles,300 g,400,10.0g,58.0g,15.0g,3.0g,690mg
Sambar Vada - Home Style,100 ml,310,7.5g,38.0g,14.0g,4.0g,520mg
Fried Rice (Veg) - Home Style,150 ml,380,8.0g,62.0g,11.0g,3.0g,720mg
Cottage Cheese (Paneer) - Street Style,500 g,265,18.0g,6.0g,18.0g,0g,150mg
Egg Masala - Extra Cheese,100 g,310,13.0g,12.0g,23.0g,1.5g,520mg
Snake Gourd,150 ml,20,0.8g,4.5g,0.2g,1.0g,4mg
French Fries (Large) - Spicy,300 g,430,6.0g,55.0g,21.0g,4.5g,260mg
Marie Biscuit (4 pcs) - Mild,150 ml,90,1.5g,14.0g,3.0g,0.5g,60mg
Pongal - Street Style,100 g,340,8.0g,58.0g,8.5g,3.0g,420mg
French Fries (Medium) - Home Style,150 g,320,4.5g,41.0g,15.5g,3.5g,190mg
Sesame Seeds (Til) - Spicy,500 g,90,2.5g,4.0g,8.0g,1.5g,2mg
Palak Paneer - Street Style,250 g,350,14.0g,12.0g,27.0g,4.0g,490mg
Dahi Vada - Spicy,150 g,290,7.0g,38.0g,12.0g,3.0g,420mg
Pepperoni Pizza (1 slice) - Extra Cheese,150 g,310,14.0g,33.0g,14.0g,1.5g,680mg
Pineapple,150 g,50,0.5g,13.1g,0.1g,1.4g,1mg
Brinjal (Eggplant),200 g,25,1.0g,5.9g,0.2g,3.0g,2mg
Ragi Mudde - Home Style,250 g,180,5.0g,38.0g,1.5g,4.5g,10mg
Ragi Roti,50 ml,210,6.0g,38.0g,4.0g,5.0g,250mg
Pumpkin Seeds - Home Style,250 g,160,8.0g,4.0g,13.5g,1.5g,5mg
Hazelnuts - Restaurant Style,150 g,176,4.5g,5.0g,17.0g,3.0g,0mg
Apricots (Dried),100 g,70,1.0g,18.0g,0.1g,2.0g,2mg
Avocado - Street Style,500 g,160,2.0g,8.5g,14.7g,6.7g,7mg
Pumpkin - Home Style,150 g,26,1.0g,6.5g,0.1g,0.5g,1mg
Maharaja Mac Veg,500 g,520,16.0g,54.0g,27.0g,4.0g,920mg
Makki di Roti - Mild,150 g,240,6.5g,38.0g,7.0g,5.0g,260mg
Kheer - Home Style,200 g,220,6.0g,36.0g,6.0g,0.5g,60mg
Honeydew - Extra Cheese,150 ml,55,0.8g,14.0g,0.2g,1.2g,18mg
Bagel - Restaurant Style,150 g,190,7.0g,36.0g,1.5g,2.0g,280mg
Cucumber - Mild,150 g,15,0.7g,3.6g,0.1g,0.5g,2mg
Tofu Palak - Mild,200 g,300,16.0g,12.0g,22.0g,4.5g,510mg
Brown Bread (2 slices) - Mild,100 ml,140,6.0g,24.0g,2.0g,3.0g,280mg
Egg Sandwich - Home Style,150 ml,320,14.0g,32.0g,15.0g,2.0g,540mg
Fafda - Extra Cheese,300 g,220,5.0g,28.0g,10.0g,2.0g,480mg
Buttermilk (Chaas) - Street Style,100 ml,50,2.5g,6.0g,2.0g,0g,180mg
Sabudana Khichdi - Spicy,50 ml,250,3.5g,48.0g,5.0g,2.0g,280mg
Prawn Biryani,300 g,510,26.0g,64.0g,18.0g,1.5g,880mg
Chicken Dim Sums,150 g,240,14.0g,28.0g,8.0g,1.5g,420mg
Fox Nuts (Makhana) - Extra Cheese,150 ml,110,4.5g,20.0g,1.5g,4.0g,8mg
Kanchipuram Idli,150 g,210,5.0g,34.0g,6.0g,2.0g,380mg
Cream Crackers (2 pcs) - Home Style,100 g,75,1.2g,10.0g,3.0g,0.5g,70mg
Pav Bhaji - Restaurant Style,300 g,380,9.0g,52.0g,16.0g,7.0g,620mg
Maharaja Mac Veg - Home Style,100 g,520,16.0g,54.0g,27.0g,4.0g,920mg
Motichoor Laddu,250 g,145,3.0g,18.0g,7.0g,0.8g,22mg
Mutton Biryani - Spicy,300 g,580,32.0g,62.0g,22.0g,1.5g,920mg
Kadhi Pakora - Spicy,250 g,300,10.0g,28.0g,16.0g,3.0g,580mg
Sweet Corn Soup - Mild,200 ml,110,3.5g,18.0g,3.0g,1.5g,520mg
McFlurry Oreo - Mild,300 g,340,7.0g,48.0g,13.0g,1.0g,140mg
Brioche Bun - Spicy,100 ml,220,6.0g,28.0g,10.0g,1.0g,230mg
Cheese N Corn Pizza (1 slice) - Street Style,50 ml,290,10.0g,34.0g,13.0g,2.0g,550mg
Jam (1 tbsp) - Home Style,200 g,55,0.1g,14.0g,0g,0.2g,2mg
Samosa (1 pc) - Restaurant Style,250 g,210,3.5g,24.0g,11.0g,2.0g,290mg
Pav Bhaji - Extra Cheese,150 g,380,9.0g,52.0g,16.0g,7.0g,620mg
Salty Lassi - Spicy,200 g,120,4.0g,20.0g,3.0g,0g,260mg
Croissant,200 g,230,4.5g,26.0g,12.0g,1.5g,210mg
Milk (Full Fat) - Spicy,300 g,124,6.4g,9.6g,7.0g,0g,100mg
Veg Spring Roll - Street Style,150 ml,210,4.5g,30.0g,8.5g,3.0g,430mg
Gulab Jamun (2 pcs) - Restaurant Style,100 g,200,3.0g,32.0g,7.0g,0.5g,60mg
Steamed Rice - Home Style,50 ml,260,5.0g,58.0g,0.5g,1.0g,5mg
Cherries - Restaurant Style,300 g,50,1.0g,12.0g,0.3g,1.6g,0mg
Cabbage - Restaurant Style,200 g,25,1.3g,5.8g,0.1g,2.5g,18mg
Celery - Mild,300 g,16,0.7g,3.0g,0.2g,1.6g,80mg
Mutton Rogan Josh,250 g,520,28.0g,10.0g,42.0g,1.0g,680mg
Chilli Tofu - Spicy,150 ml,340,14.0g,26.0g,20.0g,3.0g,680mg
Chilli Chicken,200 g,450,28.0g,24.0g,28.0g,1.5g,860mg
Beetroot - Spicy,150 g,43,1.6g,9.6g,0.2g,2.8g,78mg
Cupcake (Vanilla) - Home Style,50 ml,210,2.5g,32.0g,8.5g,0.5g,160mg
Laddu (1 pc) - Street Style,200 g,150,3.5g,18.0g,7.5g,1.0g,20mg
Glucose Biscuit (2 pcs),500 g,85,1.0g,14.0g,2.5g,0.3g,50mg
Dahi Puri (6 pieces) - Spicy,50 ml,250,5.5g,36.0g,9.0g,2.5g,380mg
Raisins (Kishmish) - Restaurant Style,250 g,90,1.0g,24.0g,0.1g,1.0g,5mg
Rajasthani Dal - Extra Cheese,100 g,250,10.5g,26.0g,11.0g,5.5g,510mg
Margherita Pizza (1 slice),50 ml,285,12.0g,34.0g,11.0g,2.0g,520mg
Chia Seeds,100 g,70,2.5g,6.0g,4.5g,5.0g,2mg
Dahi Vada - Spicy,500 g,290,7.0g,38.0g,12.0g,3.0g,420mg
Nalli Nihari - Mild,150 g,560,30.0g,8.0g,46.0g,0.5g,780mg
Dal Fry - Street Style,200 ml,230,9.5g,26.0g,10.0g,5.5g,490mg
Veg Pasta - Street Style,50 ml,330,9.0g,50.0g,10.0g,3.5g,460mg
Bajra Roti - Home Style,300 g,210,6.5g,37.0g,4.0g,5.0g,230mg
Prawn Noodles - Mild,150 g,420,20.0g,50.0g,16.0g,1.5g,840mg
Chole Bhature - Street Style,100 g,580,15.0g,78.0g,24.0g,8.0g,890mg
Cupcake (Vanilla) - Extra Cheese,100 g,210,2.5g,32.0g,8.5g,0.5g,160mg
Tofu Butter Masala - Mild,100 ml,400,14.0g,14.0g,32.0g,3.5g,590mg
Capsicum (Yellow) - Restaurant Style,500 g,27,1.0g,6.3g,0.2g,1.8g,3mg
Tofu Butter Masala - Restaurant Style,250 g,400,14.0g,14.0g,32.0g,3.5g,590mg
Digestive Biscuit (2 pcs),150 g,95,1.5g,13.0g,4.0g,1.0g,60mg
Grilled Chicken Sandwich - Mild,100 g,380,24.0g,34.0g,16.0g,2.5g,680mg
Mushroom Pulao - Home Style,150 g,300,7.0g,50.0g,8.0g,3.5g,440mg
Potato - Restaurant Style,300 g,77,2.0g,17.5g,0.1g,2.2g,6mg
Mac and Cheese - Mild,150 ml,410,14.0g,48.0g,18.0g,1.5g,560mg
Gatte ki Sabzi - Street Style,100 ml,260,8.0g,20.0g,16.0g,4.0g,520mg
Oreo (2 pcs) - Street Style,200 g,110,1.0g,16.0g,5.0g,0.5g,75mg
Kiwi,300 g,61,1.1g,14.7g,0.5g,3.0g,3mg
Peanuts (Roasted) - Spicy,150 ml,170,7.5g,6.0g,14.0g,2.5g,90mg
Pedha (2 pcs) - Restaurant Style,200 g,130,3.0g,18.0g,5.5g,0g,35mg
Prawn Fried Rice,150 g,440,18.0g,58.0g,15.0g,1.5g,790mg
Panchmel Dal,500 g,240,10.0g,27.0g,10.5g,5.5g,470mg
Red Sauce Pasta - Home Style,200 ml,310,9.0g,52.0g,8.0g,4.0g,490mg
Cashews (Kaju) - Extra Cheese,150 g,160,5.2g,9.0g,12.0g,1.0g,5mg
Alfredo Pasta - Home Style,50 ml,420,12.0g,46.0g,20.0g,2.0g,520mg
Sweet Potato - Restaurant Style,150 g,86,1.6g,20.1g,0.1g,3.0g,55mg
Garlic Noodles - Home Style,300 g,350,7.5g,52.0g,12.0g,2.5g,760mg
Carrot Cake (1 slice) - Spicy,150 ml,310,4.5g,40.0g,15.0g,2.0g,230mg
Red Sauce Pasta,500 g,310,9.0g,52.0g,8.0g,4.0g,490mg
Apricot - Home Style,100 ml,17,0.5g,3.9g,0.1g,0.7g,0mg
Cluster Beans,300 g,41,3.2g,7.7g,0.2g,3.5g,4mg
Singapore Noodles - Extra Cheese,200 ml,370,9.0g,54.0g,12.5g,3.0g,740mg
Digestive Biscuit (2 pcs) - Extra Cheese,200 g,95,1.5g,13.0g,4.0g,1.0g,60mg
Aloo Paratha,100 ml,350,8.0g,48.0g,14.0g,4.0g,380mg
Potato - Mild,50 ml,77,2.0g,17.5g,0.1g,2.2g,6mg
Blackberries - Mild,150 g,43,1.4g,10.0g,0.5g,5.3g,1mg
Pad Thai Noodles - Restaurant Style,150 g,400,10.0g,58.0g,15.0g,3.0g,690mg
Goan Fish Curry - Spicy,200 g,330,21.0g,11.0g,22.0g,1.5g,570mg
French Beans - Extra Cheese,200 g,31,1.8g,7.0g,0.1g,3.4g,6mg
Mooli Paratha - Restaurant Style,200 g,310,8.5g,45.0g,11.0g,4.5g,360mg
Peanuts (Raw) - Spicy,100 g,160,7.0g,5.0g,14.0g,2.5g,5mg
Rye Bread (2 slices) - Mild,50 ml,150,5.5g,28.0g,2.0g,4.0g,310mg
Upma - Home Style,100 g,280,6.0g,48.0g,7.0g,3.5g,480mg
Muskmelon - Extra Cheese,150 g,51,1.3g,12.0g,0.3g,1.1g,16mg
Flax Seeds (Alsi),100 g,75,2.5g,4.0g,6.0g,4.0g,2mg
Cheese Spread (1 tbsp) - Restaurant Style,300 g,45,2.0g,1.5g,3.5g,0g,120mg
Lychee - Mild,500 g,66,0.8g,16.5g,0.4g,1.3g,1mg
Sabudana Vada,100 ml,230,4.0g,38.0g,7.0g,2.5g,340mg
Tandoori Chicken (2 pcs) - Mild,50 ml,480,48.0g,4.0g,30.0g,0g,720mg
Sev Puri (6 pieces),50 ml,220,4.0g,34.0g,8.0g,2.5g,350mg
Poori Bhaji - Restaurant Style,500 g,410,6.5g,52.0g,19.0g,4.0g,590mg
Star Fruit - Street Style,150 ml,28,0.9g,6.0g,0.3g,2.5g,2mg
Chow Mein - Street Style,150 g,360,8.5g,50.0g,14.0g,3.0g,750mg
Raspberries - Restaurant Style,500 g,52,1.2g,12.0g,0.7g,6.5g,1mg
Drumstick - Spicy,200 ml,64,2.1g,8.5g,0.2g,3.2g,8mg
Brown Bread (2 slices) - Restaurant Style,300 g,140,6.0g,24.0g,2.0g,3.0g,280mg
Dates (Khajoor) - Extra Cheese,100 ml,90,0.8g,24.0g,0.2g,2.0g,1mg
Chicken Biryani - Home Style,150 g,520,28.0g,65.0g,18.0g,2.0g,890mg
Mutter Mushroom - Spicy,100 ml,200,5.0g,18.0g,11.0g,4.5g,430mg
Muffin (Chocolate) - Spicy,150 ml,250,4.0g,34.0g,11.0g,1.5g,190mg
Gajar Ka Halwa - Extra Cheese,300 g,260,4.0g,38.0g,10.0g,2.5g,50mg
Fish Moilee - Restaurant Style,100 ml,360,20.0g,12.0g,25.0g,1.0g,510mg
Matar Paneer - Mild,50 ml,380,12.0g,16.0g,29.0g,3.5g,540mg
Peas (Green) - Extra Cheese,500 g,81,5.4g,14.5g,0.4g,5.1g,5mg
Cauliflower - Home Style,150 ml,25,1.9g,5.0g,0.3g,2.0g,30mg
Rajasthani Dal - Restaurant Style,100 ml,250,10.5g,26.0g,11.0g,5.5g,510mg
Veg McNuggets (6 pcs) - Home Style,50 ml,230,8.0g,22.0g,12.0g,2.5g,440mg
Peanuts (Raw) - Home Style,200 ml,160,7.0g,5.0g,14.0g,2.5g,5mg
Prunes - Spicy,150 g,70,0.8g,18.5g,0.1g,2.0g,1mg
Pav (Ladi Pav 1 pc) - Mild,150 ml,110,3.0g,20.0g,1.5g,1.0g,160mg
Hot and Sour Soup - Home Style,250 g,95,3.0g,13.0g,3.5g,1.5g,720mg
Jowar Roti - Spicy,250 g,200,6.0g,36.0g,3.5g,4.5g,220mg
Tangdi Kabab (2 pcs) - Mild,500 g,440,38.0g,5.0g,29.0g,0.5g,680mg
Éclair - Street Style,200 ml,240,4.0g,26.0g,13.0g,0.5g,170mg
Guava - Spicy,200 g,68,2.6g,14.3g,1.0g,5.4g,2mg
Corn (Sweet),300 g,86,3.3g,19.0g,1.2g,2.7g,15mg
Cottage Cheese (Paneer) - Home Style,300 g,265,18.0g,6.0g,18.0g,0g,150mg
Mohanthal - Street Style,100 g,240,5.0g,32.0g,11.0g,1.0g,30mg
Cream Crackers (2 pcs) - Mild,300 g,75,1.2g,10.0g,3.0g,0.5g,70mg
Peanuts (Roasted) - Mild,500 g,170,7.5g,6.0g,14.0g,2.5g,90mg
Mexican Green Wave (1 slice) - Restaurant Style,200 g,280,9.0g,34.0g,12.0g,3.0g,540mg
Ragda Pattice - Street Style,150 g,310,8.0g,48.0g,10.0g,6.0g,540mg
Veg Biryani,150 g,450,10.0g,72.0g,13.0g,5.0g,720mg
Dragon Fruit,100 ml,60,1.2g,13.0g,0.4g,3.0g,0mg
Carrot Cake (1 slice) - Street Style,200 g,310,4.5g,40.0g,15.0g,2.0g,230mg
Tofu (Soft),250 g,70,7.0g,2.0g,4.0g,0.5g,8mg
Watermelon - Mild,200 ml,46,0.9g,11.5g,0.2g,0.6g,1mg
Walnuts (Akhrot) - Extra Cheese,250 g,196,4.5g,4.0g,19.5g,2.0g,1mg
Mutton Curry - Street Style,200 g,500,27.0g,9.0g,40.0g,1.0g,660mg
Paneer Butter Masala - Spicy,50 ml,450,14.5g,14.0g,36.0g,2.5g,650mg
Drumstick - Spicy,250 g,64,2.1g,8.5g,0.2g,3.2g,8mg
Tangdi Kabab (2 pcs) - Restaurant Style,100 g,440,38.0g,5.0g,29.0g,0.5g,680mg
Corn (Sweet) - Extra Cheese,500 g,86,3.3g,19.0g,1.2g,2.7g,15mg
Gobi Manchurian (Dry) - Mild,150 ml,380,6.0g,42.0g,21.0g,5.0g,680mg
Cluster Beans - Extra Cheese,100 g,41,3.2g,7.7g,0.2g,3.5g,4mg
Celery - Home Style,250 g,16,0.7g,3.0g,0.2g,1.6g,80mg
Prawn Fried Rice,250 g,440,18.0g,58.0g,15.0g,1.5g,790mg
Fig (Fresh) - Extra Cheese,300 g,37,0.4g,9.6g,0.2g,1.4g,1mg
Masala Chaas - Spicy,200 g,55,2.5g,7.0g,2.0g,0.5g,220mg
Peas (Green) - Mild,150 g,81,5.4g,14.5g,0.4g,5.1g,5mg
McSpicy Paneer Burger - Home Style,100 g,470,14.0g,48.0g,24.0g,2.5g,820mg
White Sauce Pasta,250 g,380,10.0g,48.0g,16.0g,2.5g,450mg
Donut (Glazed) - Restaurant Style,100 ml,270,4.0g,31.0g,15.0g,1.0g,220mg
Snake Gourd - Extra Cheese,200 ml,20,0.8g,4.5g,0.2g,1.0g,4mg
Peanuts (Raw) - Spicy,50 ml,160,7.0g,5.0g,14.0g,2.5g,5mg
Singapore Noodles - Street Style,300 g,370,9.0g,54.0g,12.5g,3.0g,740mg
Lucknowi Biryani - Street Style,200 ml,600,28.0g,68.0g,23.0g,2.0g,950mg
Ragda Pattice - Extra Cheese,100 ml,310,8.0g,48.0g,10.0g,6.0g,540mg
Egg Fried Rice - Restaurant Style,100 g,420,14.0g,60.0g,13.0g,2.0g,750mg
Dabeli - Spicy,200 g,280,6.0g,42.0g,9.0g,3.5g,490mg
Chole Bhature - Restaurant Style,150 ml,580,15.0g,78.0g,24.0g,8.0g,890mg
McVeggie Wrap,100 g,420,11.0g,48.0g,20.0g,4.0g,720mg
Apricots (Dried),300 g,70,1.0g,18.0g,0.1g,2.0g,2mg
Litchi,150 g,66,0.8g,16.5g,0.4g,1.3g,1mg
Rajma Masala - Mild,200 ml,260,12.0g,32.0g,9.0g,8.0g,490mg
Gujarati Dal - Spicy,500 g,200,8.0g,28.0g,6.0g,5.0g,440mg
Cashews (Kaju) - Home Style,200 g,160,5.2g,9.0g,12.0g,1.0g,5mg
Veg Extravaganza (1 slice) - Street Style,150 g,320,12.0g,38.0g,13.5g,3.0g,620mg
Dragon Fruit - Restaurant Style,300 g,60,1.2g,13.0g,0.4g,3.0g,0mg
Egg Masala,100 ml,310,13.0g,12.0g,23.0g,1.5g,520mg
Star Fruit - Street Style,150 ml,28,0.9g,6.0g,0.3g,2.5g,2mg
Star Fruit - Mild,500 g,28,0.9g,6.0g,0.3g,2.5g,2mg
Paneer Tikka Masala - Extra Cheese,100 ml,460,15.0g,16.0g,38.0g,2.5g,680mg
Pumpkin,300 g,26,1.0g,6.5g,0.1g,0.5g,1mg
Semiya Upma - Mild,300 g,240,5.0g,42.0g,5.5g,2.5g,410mg
Kadai Chicken - Street Style,150 ml,420,27.0g,12.0g,30.0g,1.5g,690mg
Rasgulla (2 pcs) - Restaurant Style,200 g,150,4.0g,28.0g,2.5g,0g,35mg
French Fries (Medium) - Restaurant Style,200 g,320,4.5g,41.0g,15.5g,3.5g,190mg
Hakka Noodles - Spicy,200 ml,340,7.5g,54.0g,10.0g,2.5g,720mg
Brinjal (Eggplant) - Extra Cheese,100 ml,25,1.0g,5.9g,0.2g,3.0g,2mg
Flavored Yogurt (Mango) - Home Style,250 g,115,3.0g,19.0g,2.5g,0g,40mg
Chicken Curry - Restaurant Style,200 ml,380,26.0g,8.0g,27.0g,1.0g,620mg
Oat Milk - Street Style,300 g,90,3.0g,14.0g,3.0g,1.5g,100mg
Poori (2 pieces),500 g,240,4.0g,32.0g,11.0g,1.5g,280mg
Grapes,50 ml,69,0.7g,18.0g,0.2g,0.9g,2mg
Farmhouse Pizza (1 slice) - Mild,250 g,300,11.0g,36.0g,12.5g,2.5g,580mg
Watermelon,150 g,46,0.9g,11.5g,0.2g,0.6g,1mg
Singapore Noodles - Home Style,150 ml,370,9.0g,54.0g,12.5g,3.0g,740mg
Cinnamon Roll - Restaurant Style,500 g,290,5.0g,42.0g,11.0g,1.5g,250mg
Mutton Korma - Street Style,100 g,540,26.0g,14.0g,43.0g,1.0g,640mg
Figs (Anjeer) - Home Style,300 g,75,1.0g,19.0g,0.3g,2.5g,2mg
Milk Biscuit (2 pcs) - Extra Cheese,150 g,85,1.5g,12.0g,3.5g,0.3g,45mg
Sourdough (2 slices) - Mild,150 ml,180,6.0g,34.0g,1.5g,1.5g,340mg
Kheer - Home Style,250 g,220,6.0g,36.0g,6.0g,0.5g,60mg
Capsicum (Yellow) - Home Style,200 ml,27,1.0g,6.3g,0.2g,1.8g,3mg
Veg Korma - Home Style,500 g,340,7.0g,24.0g,25.0g,4.0g,480mg
Chicken Spring Roll - Extra Cheese,100 ml,270,12.0g,28.0g,12.0g,2.0g,490mg
Lassi (Sweet) - Street Style,500 g,150,4.0g,28.0g,3.0g,0g,80mg
Raisins (Kishmish) - Mild,100 g,90,1.0g,24.0g,0.1g,1.0g,5mg
Honey (1 tbsp) - Home Style,300 g,64,0.1g,17.3g,0g,0g,1mg
Gobi Manchurian (Dry),250 g,380,6.0g,42.0g,21.0g,5.0g,680mg
Mushroom Pulao - Extra Cheese,150 g,300,7.0g,50.0g,8.0g,3.5g,440mg
Gujarati Dal - Spicy,300 g,200,8.0g,28.0g,6.0g,5.0g,440mg
Donut (Glazed) - Street Style,50 ml,270,4.0g,31.0g,15.0g,1.0g,220mg
Bottle Gourd - Spicy,50 ml,14,0.6g,3.4g,0.1g,0.6g,2mg
Flax Seeds (Alsi) - Street Style,200 ml,75,2.5g,4.0g,6.0g,4.0g,2mg
Idli (2 pieces),200 g,120,4.0g,24.0g,0.5g,2.0g,280mg
Sambar Vada - Spicy,300 g,310,7.5g,38.0g,14.0g,4.0g,520mg
Ragi Mudde,200 g,180,5.0g,38.0g,1.5g,4.5g,10mg
Corn (Sweet) - Home Style,50 ml,86,3.3g,19.0g,1.2g,2.7g,15mg
Cheddar Cheese - Mild,150 g,120,7.0g,0.5g,10.0g,0g,180mg
Paneer Tikka Masala - Spicy,500 g,460,15.0g,16.0g,38.0g,2.5g,680mg
Nalli Nihari - Spicy,100 ml,560,30.0g,8.0g,46.0g,0.5g,780mg
Kaju Katli (2 pcs),300 g,110,2.0g,14.0g,5.5g,0.2g,10mg
Bataka Vada - Mild,100 ml,290,6.0g,38.0g,12.0g,3.0g,480mg
Kiwi,500 g,61,1.1g,14.7g,0.5g,3.0g,3mg
Guava - Spicy,200 g,68,2.6g,14.3g,1.0g,5.4g,2mg
Lettuce - Mild,500 g,15,1.4g,2.9g,0.2g,1.3g,28mg
Almonds (Badam) - Home Style,300 g,173,6.0g,6.0g,15.0g,3.5g,0mg
Hakka Noodles - Extra Cheese,100 ml,340,7.5g,54.0g,10.0g,2.5g,720mg
Papdi Chaat - Mild,250 g,280,5.0g,42.0g,10.0g,3.5g,460mg
Aloo Paratha - Restaurant Style,250 g,350,8.0g,48.0g,14.0g,4.0g,380mg
Mutter Mushroom - Home Style,500 g,200,5.0g,18.0g,11.0g,4.5g,430mg
Medu Vada - Home Style,100 g,270,6.5g,30.0g,14.0g,3.5g,480mg
Zucchini,200 g,17,1.2g,3.1g,0.3g,1.0g,8mg
Rye Bread (2 slices) - Home Style,150 g,150,5.5g,28.0g,2.0g,4.0g,310mg
Brioche Bun - Mild,150 g,220,6.0g,28.0g,10.0g,1.0g,230mg
Cheese Garlic Bread - Restaurant Style,150 g,310,11.0g,34.0g,15.0g,2.0g,520mg
Dal Makhani - Extra Cheese,100 ml,320,12.0g,28.0g,18.0g,6.0g,480mg
Afghani Chaap,100 ml,420,24.0g,16.0g,30.0g,3.5g,540mg
Macaron (1 pc) - Spicy,150 g,90,1.5g,12.0g,4.0g,0.2g,15mg
Masala Dosa - Mild,500 g,315,8.2g,48.5g,9.8g,4.2g,580mg
Pav Bhaji - Mild,200 g,380,9.0g,52.0g,16.0g,7.0g,620mg
Garlic Noodles - Home Style,250 g,350,7.5g,52.0g,12.0g,2.5g,760mg
Poha - Mild,250 g,210,4.5g,38.0g,5.0g,3.5g,320mg
Poha Jalebi - Mild,500 g,380,5.0g,62.0g,13.0g,2.5g,360mg
McChicken Burger - Restaurant Style,200 ml,450,16.0g,44.0g,22.0g,2.0g,780mg
Rasmalai (2 pcs),50 ml,240,6.0g,32.0g,10.0g,0g,70mg
Methi Thepla - Street Style,200 ml,115,3.2g,15.5g,4.8g,2.2g,125mg
Brownie (1 piece) - Spicy,200 ml,220,2.5g,28.0g,11.0g,1.0g,100mg
Grilled Chicken Sandwich - Restaurant Style,50 ml,380,24.0g,34.0g,16.0g,2.5g,680mg
Tofu Butter Masala - Extra Cheese,200 ml,400,14.0g,14.0g,32.0g,3.5g,590mg
Cantaloupe - Extra Cheese,250 g,34,0.8g,8.2g,0.2g,0.9g,16mg
Butter Chicken - Spicy,100 ml,485,22.4g,12.6g,38.2g,1.8g,720mg
Chow Mein - Restaurant Style,100 g,360,8.5g,50.0g,14.0g,3.0g,750mg
Kiwi,150 g,61,1.1g,14.7g,0.5g,3.0g,3mg
Dhokla (4 pcs) - Extra Cheese,500 g,180,6.0g,28.0g,5.0g,2.5g,420mg
Aloo Chaat,500 g,220,4.0g,36.0g,7.0g,4.0g,380mg
Capsicum (Red) - Mild,200 g,31,1.0g,6.0g,0.3g,2.1g,4mg
Rye Bread (2 slices) - Spicy,100 ml,150,5.5g,28.0g,2.0g,4.0g,310mg
Pine Nuts - Spicy,500 g,190,4.0g,4.0g,19.0g,1.5g,1mg
French Toast - Spicy,100 g,310,9.0g,32.0g,16.0g,1.0g,350mg
Chicken Club Sandwich - Street Style,300 g,500,26.0g,42.0g,25.0g,2.5g,790mg
Chicken Chettinad - Extra Cheese,150 ml,400,26.0g,10.0g,29.0g,2.0g,710mg
Fish Biryani - Extra Cheese,300 g,500,28.0g,63.0g,17.0g,1.5g,860mg
Veg McNuggets (6 pcs) - Home Style,100 g,230,8.0g,22.0g,12.0g,2.5g,440mg
Salted Butter (1 tbsp) - Home Style,250 g,102,0.1g,0g,11.5g,0g,90mg
Bourbon Biscuit (2 pcs) - Home Style,100 ml,90,1.0g,12.0g,4.5g,0.5g,35mg
Prawn Biryani - Street Style,100 ml,510,26.0g,64.0g,18.0g,1.5g,880mg
Jalebi Fafda - Extra Cheese,300 g,380,7.0g,50.0g,17.0g,2.5g,520mg
Dal Baati Churma - Street Style,200 ml,650,18.0g,88.0g,24.0g,10.0g,580mg
Tofu Tikka Masala - Extra Cheese,250 g,370,16.0g,16.0g,28.0g,3.5g,620mg
Prawn Biryani - Extra Cheese,200 g,510,26.0g,64.0g,18.0g,1.5g,880mg
Milk (Buffalo) - Spicy,250 g,180,7.6g,10.0g,13.0g,0g,130mg
Soya Pulao - Restaurant Style,50 ml,310,12.0g,48.0g,8.0g,4.0g,480mg
Mutton Keema - Spicy,150 ml,420,32.0g,6.0g,30.0g,0.5g,620mg
Tomato Rice - Mild,500 g,270,5.0g,50.0g,5.0g,2.5g,490mg
Potato - Mild,150 g,77,2.0g,17.5g,0.1g,2.2g,6mg
Tomato - Restaurant Style,200 g,18,0.9g,3.9g,0.2g,1.2g,5mg
Cranberries - Spicy,50 ml,46,0.4g,12.0g,0.1g,4.6g,2mg
Mix Veg - Street Style,100 g,150,4.0g,18.0g,7.0g,4.5g,390mg
Prawn Malai Curry - Spicy,150 g,420,22.0g,10.0g,32.0g,0.5g,560mg
Egg Sandwich - Restaurant Style,150 g,320,14.0g,32.0g,15.0g,2.0g,540mg
Prunes - Spicy,200 g,70,0.8g,18.5g,0.1g,2.0g,1mg
Brinjal (Eggplant) - Mild,150 g,25,1.0g,5.9g,0.2g,3.0g,2mg
Tomato Rice - Street Style,500 g,270,5.0g,50.0g,5.0g,2.5g,490mg
McSpicy Paneer Burger - Spicy,500 g,470,14.0g,48.0g,24.0g,2.5g,820mg
McSpicy Paneer Burger - Restaurant Style,100 ml,470,14.0g,48.0g,24.0g,2.5g,820mg
Veg McNuggets (6 pcs),150 ml,230,8.0g,22.0g,12.0g,2.5g,440mg
Tofu Butter Masala,200 g,400,14.0g,14.0g,32.0g,3.5g,590mg
Macadamia Nuts - Mild,200 ml,215,2.5g,4.0g,22.5g,2.5g,1mg
Chilli Paneer (Gravy) - Extra Cheese,150 g,390,13.0g,26.0g,26.0g,3.0g,740mg
Gulab Jamun (2 pcs) - Extra Cheese,150 g,200,3.0g,32.0g,7.0g,0.5g,60mg
Strawberries,150 g,32,0.7g,7.7g,0.3g,2.0g,1mg
Chole Bhature - Restaurant Style,500 g,580,15.0g,78.0g,24.0g,8.0g,890mg
Chicken Vindaloo - Street Style,200 g,420,24.0g,12.0g,30.0g,1.5g,820mg
Egg Biryani - Spicy,300 g,490,18.0g,68.0g,16.0g,2.5g,810mg
Afghani Chaap,150 ml,420,24.0g,16.0g,30.0g,3.5g,540mg
Thatte Idli - Mild,200 ml,200,5.5g,36.0g,4.5g,2.5g,360mg
Marie Biscuit (4 pcs) - Restaurant Style,200 g,90,1.5g,14.0g,3.0g,0.5g,60mg
Shahi Paneer - Extra Cheese,500 g,490,13.0g,14.0g,42.0g,2.5g,560mg
Figs (Anjeer) - Restaurant Style,500 g,75,1.0g,19.0g,0.3g,2.5g,2mg
Banana - Street Style,150 g,105,1.3g,27.0g,0.4g,3.1g,1mg
Bagel,100 ml,190,7.0g,36.0g,1.5g,2.0g,280mg
Dragon Fruit - Home Style,200 ml,60,1.2g,13.0g,0.4g,3.0g,0mg
Papdi Chaat - Street Style,200 g,280,5.0g,42.0g,10.0g,3.5g,460mg
Singapore Noodles,100 g,370,9.0g,54.0g,12.5g,3.0g,740mg
Paneer (Homemade) - Extra Cheese,150 ml,265,18.0g,6.0g,18.0g,0g,150mg
Cheese Garlic Bread - Mild,500 g,310,11.0g,34.0g,15.0g,2.0g,520mg
Chole Masala - Street Style,150 g,280,11.0g,30.0g,12.0g,7.0g,520mg
Corn Flakes with Milk - Extra Cheese,150 g,210,7.0g,38.0g,4.0g,2.0g,180mg
Almond Milk - Spicy,300 g,60,2.0g,8.0g,2.5g,1.0g,150mg
Prawn Curry,150 ml,350,24.0g,9.0g,24.0g,1.0g,580mg
Kadhi Pakora - Spicy,200 g,300,10.0g,28.0g,16.0g,3.0g,580mg
Sourdough (2 slices) - Home Style,500 g,180,6.0g,34.0g,1.5g,1.5g,340mg
Galouti Kabab (4 pcs),50 ml,420,18.0g,14.0g,32.0g,1.5g,480mg
Paneer Lababdar,200 ml,480,14.0g,15.0g,40.0g,2.0g,620mg
Paneer Sandwich - Extra Cheese,300 g,340,12.0g,36.0g,16.0g,2.0g,520mg
Chocolate Chip Cookie - Restaurant Style,150 g,120,1.5g,16.0g,6.0g,0.5g,50mg
Aloo Tikki (2 pcs) - Extra Cheese,50 ml,240,4.0g,32.0g,11.0g,3.0g,420mg
Fafda - Mild,100 g,220,5.0g,28.0g,10.0g,2.0g,480mg
Garlic Noodles - Home Style,100 g,350,7.5g,52.0g,12.0g,2.5g,760mg
Oreo (2 pcs) - Extra Cheese,150 g,110,1.0g,16.0g,5.0g,0.5g,75mg
Blueberries - Mild,150 g,57,0.7g,14.5g,0.3g,2.4g,1mg
Milk (Buffalo) - Street Style,500 g,180,7.6g,10.0g,13.0g,0g,130mg
Almonds (Badam) - Home Style,250 g,173,6.0g,6.0g,15.0g,3.5g,0mg
Patra - Street Style,300 g,170,3.0g,28.0g,5.5g,3.0g,410mg
Kesari Bath - Restaurant Style,100 ml,350,3.0g,62.0g,10.0g,1.0g,15mg
Lassi (Sweet),250 g,150,4.0g,28.0g,3.0g,0g,80mg
Paneer (Homemade),500 g,265,18.0g,6.0g,18.0g,0g,150mg
Kheer - Extra Cheese,200 g,220,6.0g,36.0g,6.0g,0.5g,60mg
Celery - Spicy,100 g,16,0.7g,3.0g,0.2g,1.6g,80mg
Thatte Idli - Home Style,300 g,200,5.5g,36.0g,4.5g,2.5g,360mg
Raisins (Kishmish),150 g,90,1.0g,24.0g,0.1g,1.0g,5mg
Celery - Spicy,150 g,16,0.7g,3.0g,0.2g,1.6g,80mg
Capsicum (Yellow) - Street Style,250 g,27,1.0g,6.3g,0.2g,1.8g,3mg
Mutton Keema - Extra Cheese,200 ml,420,32.0g,6.0g,30.0g,0.5g,620mg
Wonton Soup,100 g,140,8.0g,18.0g,4.5g,1.5g,610mg
Mix Veg - Home Style,100 g,150,4.0g,18.0g,7.0g,4.5g,390mg
Mutton Biryani,300 g,580,32.0g,62.0g,22.0g,1.5g,920mg
Ragi Mudde - Extra Cheese,100 ml,180,5.0g,38.0g,1.5g,4.5g,10mg
Walnuts (Akhrot) - Home Style,50 ml,196,4.5g,4.0g,19.5g,2.0g,1mg
White Bread (2 slices) - Mild,500 g,160,5.0g,28.0g,2.5g,1.0g,300mg
McFlurry KitKat - Street Style,200 ml,350,7.5g,49.0g,14.0g,1.0g,150mg
Masala Chaas - Mild,150 ml,55,2.5g,7.0g,2.0g,0.5g,220mg
Peanut Butter (1 tbsp) - Spicy,250 g,95,4.0g,3.5g,8.0g,1.0g,65mg
Mac and Cheese - Street Style,150 g,410,14.0g,48.0g,18.0g,1.5g,560mg
Margherita Pizza (1 slice) - Mild,100 g,285,12.0g,34.0g,11.0g,2.0g,520mg
Fruit Chaat - Extra Cheese,250 g,130,2.0g,30.0g,1.0g,3.5g,40mg
Chow Mein - Mild,500 g,360,8.5g,50.0g,14.0g,3.0g,750mg
Egg Masala - Home Style,250 g,310,13.0g,12.0g,23.0g,1.5g,520mg
Mac and Cheese - Restaurant Style,100 ml,410,14.0g,48.0g,18.0g,1.5g,560mg
Mutton Curry,100 ml,500,27.0g,9.0g,40.0g,1.0g,660mg
Red Velvet Cake (1 slice) - Mild,50 ml,320,4.5g,42.0g,15.0g,1.0g,220mg
Deluxe Veggie (1 slice) - Home Style,50 ml,295,10.5g,36.0g,12.0g,2.8g,590mg
Jalebi Fafda - Street Style,300 g,380,7.0g,50.0g,17.0g,2.5g,520mg
Set Dosa (3 pcs) - Restaurant Style,250 g,340,8.0g,54.0g,9.0g,4.0g,560mg
Hung Curd - Mild,150 g,120,11.0g,5.0g,6.5g,0g,50mg
Paneer Paratha - Street Style,250 g,400,12.0g,48.0g,18.0g,3.5g,420mg
Hakka Noodles - Extra Cheese,150 ml,340,7.5g,54.0g,10.0g,2.5g,720mg
Fig (Fresh) - Extra Cheese,250 g,37,0.4g,9.6g,0.2g,1.4g,1mg
Almond Milk - Extra Cheese,100 ml,60,2.0g,8.0g,2.5g,1.0g,150mg
White Sauce Pasta - Mild,250 g,380,10.0g,48.0g,16.0g,2.5g,450mg
Custard Apple - Restaurant Style,200 ml,101,2.1g,23.5g,0.6g,2.4g,4mg
White Sauce Pasta,200 g,380,10.0g,48.0g,16.0g,2.5g,450mg
Paneer Biryani,200 g,520,14.0g,68.0g,20.0g,4.0g,780mg
Paneer Butter Masala,250 g,450,14.5g,14.0g,36.0g,2.5g,650mg
Spring Rolls (2 pcs) - Home Style,500 g,220,5.0g,28.0g,10.0g,2.5g,410mg
Flavored Yogurt (Strawberry) - Restaurant Style,300 g,110,3.0g,18.0g,2.5g,0g,40mg
Grilled Chicken Sandwich - Street Style,200 g,380,24.0g,34.0g,16.0g,2.5g,680mg
McChicken Burger - Street Style,500 g,450,16.0g,44.0g,22.0g,2.0g,780mg
Beetroot - Spicy,200 ml,43,1.6g,9.6g,0.2g,2.8g,78mg
Brownie (1 piece),200 g,220,2.5g,28.0g,11.0g,1.0g,100mg
Peanuts (Roasted) - Home Style,50 ml,170,7.5g,6.0g,14.0g,2.5g,90mg
Gobi Manchurian (Gravy) - Spicy,200 ml,350,5.5g,38.0g,19.0g,4.5g,720mg
Chicken Sausage Pizza (1 slice) - Street Style,100 ml,330,15.0g,32.0g,16.0g,1.5g,720mg
Dal Baati Churma,150 g,650,18.0g,88.0g,24.0g,10.0g,580mg
Galouti Kabab (4 pcs),50 ml,420,18.0g,14.0g,32.0g,1.5g,480mg
Milk (Buffalo) - Street Style,150 g,180,7.6g,10.0g,13.0g,0g,130mg
Blueberries - Extra Cheese,500 g,57,0.7g,14.5g,0.3g,2.4g,1mg
Apricots (Dried) - Extra Cheese,300 g,70,1.0g,18.0g,0.1g,2.0g,2mg
Paneer Tikka Masala - Extra Cheese,50 ml,460,15.0g,16.0g,38.0g,2.5g,680mg
Brinjal (Eggplant) - Home Style,100 ml,25,1.0g,5.9g,0.2g,3.0g,2mg
Butter Chicken - Restaurant Style,150 g,485,22.4g,12.6g,38.2g,1.8g,720mg
Veg Korma - Restaurant Style,200 ml,340,7.0g,24.0g,25.0g,4.0g,480mg
McFlurry Oreo - Restaurant Style,200 g,340,7.0g,48.0g,13.0g,1.0g,140mg
Shami Kabab (4 pcs) - Spicy,300 g,380,22.0g,16.0g,25.0g,2.0g,540mg
Spring Rolls (2 pcs) - Street Style,200 ml,220,5.0g,28.0g,10.0g,2.5g,410mg
Tuna Sandwich - Extra Cheese,100 g,380,22.0g,34.0g,18.0g,2.0g,620mg
Kanda Bhaji - Mild,100 g,280,4.0g,32.0g,15.0g,3.0g,460mg
McVeggie Burger,250 g,380,9.0g,46.0g,17.0g,3.0g,680mg
Payasam - Mild,100 ml,210,5.0g,38.0g,5.0g,0.5g,55mg
Thepla (1 pc) - Extra Cheese,200 ml,110,3.0g,15.0g,4.5g,2.0g,120mg
Lemon Rice - Home Style,100 ml,260,4.5g,48.0g,5.5g,2.0g,420mg
Tandoori Chicken (2 pcs),300 g,480,48.0g,4.0g,30.0g,0g,720mg
Thatte Idli,50 ml,200,5.5g,36.0g,4.5g,2.5g,360mg
Dates (Khajoor) - Extra Cheese,150 g,90,0.8g,24.0g,0.2g,2.0g,1mg
Zucchini - Restaurant Style,200 g,17,1.2g,3.1g,0.3g,1.0g,8mg
Garlic Fried Rice - Restaurant Style,100 ml,420,8.5g,60.0g,14.0g,2.5g,810mg
Butter Chicken - Spicy,150 g,485,22.4g,12.6g,38.2g,1.8g,720mg
Apple - Mild,100 g,78,0.4g,20.8g,0.2g,3.6g,1mg
Multigrain Bread (2 slices) - Mild,50 ml,150,6.5g,25.0g,2.5g,3.5g,270mg
Andhra Chicken Curry,100 g,390,25.0g,9.0g,28.0g,1.5g,740mg
Red Sauce Pasta - Restaurant Style,200 ml,310,9.0g,52.0g,8.0g,4.0g,490mg
Cheese Slice - Mild,100 ml,70,4.5g,1.0g,5.5g,0g,180mg
Bourbon Biscuit (2 pcs) - Extra Cheese,250 g,90,1.0g,12.0g,4.5g,0.5g,35mg
Schezwan Fried Rice - Mild,200 ml,440,9.0g,64.0g,15.0g,3.5g,890mg
Garlic Bread (2 pcs) - Home Style,50 ml,260,7.0g,34.0g,11.0g,2.0g,440mg
Farmhouse Pizza (1 slice),500 g,300,11.0g,36.0g,12.5g,2.5g,580mg
Sarson ka Saag - Restaurant Style,250 g,220,7.0g,12.0g,16.0g,5.5g,480mg
Lemon Rice - Spicy,100 g,260,4.5g,48.0g,5.5g,2.0g,420mg
Jam (1 tbsp) - Restaurant Style,100 ml,55,0.1g,14.0g,0g,0.2g,2mg
Panchmel Dal - Street Style,100 ml,240,10.0g,27.0g,10.5g,5.5g,470mg
Celery - Spicy,250 g,16,0.7g,3.0g,0.2g,1.6g,80mg
Tamarind Rice - Street Style,100 ml,280,4.5g,52.0g,5.0g,2.5g,510mg
Tofu Palak - Spicy,150 g,300,16.0g,12.0g,22.0g,4.5g,510mg
Chicken Korma,200 g,440,24.0g,16.0g,31.0g,1.5g,650mg
Cupcake (Vanilla) - Extra Cheese,100 ml,210,2.5g,32.0g,8.5g,0.5g,160mg
Margherita Pizza (1 slice) - Home Style,300 g,285,12.0g,34.0g,11.0g,2.0g,520mg
Glucose Biscuit (2 pcs) - Home Style,200 g,85,1.0g,14.0g,2.5g,0.3g,50mg
Chicken Korma - Home Style,100 g,440,24.0g,16.0g,31.0g,1.5g,650mg
Tuna Sandwich - Home Style,50 ml,380,22.0g,34.0g,18.0g,2.0g,620mg
Raj Kachori - Mild,50 ml,350,7.0g,48.0g,15.0g,4.5g,520mg
Sunflower Seeds - Home Style,50 ml,175,6.0g,6.0g,15.5g,3.0g,2mg
Whole Wheat Bread (2 slices) - Extra Cheese,300 g,145,6.0g,26.0g,2.0g,4.0g,290mg
Chilli Tofu - Mild,150 g,340,14.0g,26.0g,20.0g,3.0g,680mg
Tomato Soup - Mild,150 g,80,2.0g,14.0g,2.0g,1.5g,490mg
Shami Kabab (4 pcs) - Street Style,100 ml,380,22.0g,16.0g,25.0g,2.0g,540mg
Bhel Puri,300 g,210,4.0g,40.0g,5.0g,3.5g,340mg
Bourbon Biscuit (2 pcs) - Spicy,150 ml,90,1.0g,12.0g,4.5g,0.5g,35mg
Margherita Pizza (1 slice) - Extra Cheese,200 g,285,12.0g,34.0g,11.0g,2.0g,520mg
Seekh Kabab (4 pcs) - Home Style,200 ml,340,24.0g,8.0g,24.0g,2.0g,520mg
Vada Pav - Street Style,150 g,290,6.5g,38.0g,12.5g,2.5g,520mg
Coconut Rice - Spicy,100 g,340,4.0g,44.0g,17.0g,3.0g,280mg
Wonton Soup - Home Style,150 g,140,8.0g,18.0g,4.5g,1.5g,610mg
Set Dosa (3 pcs) - Restaurant Style,500 g,340,8.0g,54.0g,9.0g,4.0g,560mg
Dal Makhani - Extra Cheese,300 g,320,12.0g,28.0g,18.0g,6.0g,480mg
Pumpkin Seeds - Street Style,150 g,160,8.0g,4.0g,13.5g,1.5g,5mg
BBQ Chicken Pizza (1 slice) - Spicy,500 g,350,16.0g,34.0g,17.0g,1.5g,740mg
Chicken Sausage Pizza (1 slice) - Spicy,200 ml,330,15.0g,32.0g,16.0g,1.5g,720mg
Tuna Sandwich - Street Style,100 ml,380,22.0g,34.0g,18.0g,2.0g,620mg
Chilli Fish - Restaurant Style,150 ml,410,26.0g,26.0g,24.0g,1.5g,790mg
Milk (Full Fat) - Mild,50 ml,124,6.4g,9.6g,7.0g,0g,100mg
Marie Biscuit (4 pcs) - Extra Cheese,300 g,90,1.5g,14.0g,3.0g,0.5g,60mg
Schezwan Fried Rice - Street Style,100 ml,440,9.0g,64.0g,15.0g,3.5g,890mg
Grilled Veg Sandwich - Mild,200 g,290,9.0g,40.0g,10.0g,4.5g,460mg
Paneer Do Pyaza - Street Style,150 ml,430,13.0g,18.0g,34.0g,3.0g,590mg
Schezwan Noodles - Restaurant Style,50 ml,380,8.0g,56.0g,13.0g,3.5g,880mg
Tomato Soup - Spicy,150 ml,80,2.0g,14.0g,2.0g,1.5g,490mg
Butter Chicken - Spicy,150 ml,485,22.4g,12.6g,38.2g,1.8g,720mg
Spinach - Street Style,500 g,23,2.9g,3.6g,0.4g,2.2g,79mg
Cluster Beans - Spicy,500 g,41,3.2g,7.7g,0.2g,3.5g,4mg
Paneer Do Pyaza,300 g,430,13.0g,18.0g,34.0g,3.0g,590mg
Sev Puri (6 pieces) - Spicy,50 ml,220,4.0g,34.0g,8.0g,2.5g,350mg
Maharaja Mac Veg - Street Style,300 g,520,16.0g,54.0g,27.0g,4.0g,920mg
Poori (2 pieces) - Home Style,500 g,240,4.0g,32.0g,11.0g,1.5g,280mg
Ciabatta - Extra Cheese,300 g,210,7.0g,40.0g,3.0g,2.0g,350mg
Poori (2 pieces) - Restaurant Style,150 g,240,4.0g,32.0g,11.0g,1.5g,280mg
Chikki (Peanut Brittle) - Extra Cheese,100 ml,140,4.0g,18.0g,6.0g,1.5g,15mg
Jam (1 tbsp) - Extra Cheese,200 g,55,0.1g,14.0g,0g,0.2g,2mg
Chicken Lollipop (4 pcs) - Home Style,50 ml,480,28.0g,22.0g,32.0g,1.0g,850mg
Mango - Extra Cheese,300 g,90,1.4g,22.0g,0.5g,2.6g,1mg
Mutton Korma,200 g,540,26.0g,14.0g,43.0g,1.0g,640mg
Honeydew - Street Style,250 g,55,0.8g,14.0g,0.2g,1.2g,18mg
Chicken Tikka (6 pcs) - Home Style,150 ml,420,42.0g,6.0g,25.0g,0.5g,680mg
Plain Dosa - Mild,50 ml,230,5.0g,38.0g,6.0g,2.5g,420mg
Chicken Chettinad - Extra Cheese,150 ml,400,26.0g,10.0g,29.0g,2.0g,710mg
Egg Masala - Mild,100 g,310,13.0g,12.0g,23.0g,1.5g,520mg
Guava - Spicy,150 g,68,2.6g,14.3g,1.0g,5.4g,2mg
Donut (Chocolate) - Home Style,200 g,300,5.0g,34.0g,16.0g,1.0g,240mg
Dahi Vada - Spicy,200 ml,290,7.0g,38.0g,12.0g,3.0g,420mg
Watermelon - Spicy,150 ml,46,0.9g,11.5g,0.2g,0.6g,1mg
Paneer Sandwich - Home Style,250 g,340,12.0g,36.0g,16.0g,2.0g,520mg
Brazil Nuts - Spicy,500 g,195,4.0g,3.5g,19.5g,2.0g,1mg
Shahi Paneer - Restaurant Style,150 ml,490,13.0g,14.0g,42.0g,2.5g,560mg
Soya Chaap (2 pcs) - Mild,250 g,350,28.0g,20.0g,18.0g,6.0g,490mg
Dahi Vada - Mild,100 ml,290,7.0g,38.0g,12.0g,3.0g,420mg
Okra (Bhindi) - Restaurant Style,200 g,33,1.9g,7.5g,0.2g,3.2g,7mg
Kaju Katli (2 pcs) - Extra Cheese,250 g,110,2.0g,14.0g,5.5g,0.2g,10mg
Chow Mein - Home Style,100 g,360,8.5g,50.0g,14.0g,3.0g,750mg
Nectarine - Spicy,250 g,62,1.5g,15.0g,0.5g,2.4g,0mg
Barfi (2 pcs),150 g,140,3.0g,18.0g,6.5g,0.3g,25mg
Lobia - Restaurant Style,300 g,240,12.0g,36.0g,6.0g,8.5g,430mg
Kadai Paneer - Home Style,100 g,420,12.5g,15.0g,34.0g,3.0g,610mg
Coconut Rice - Spicy,150 ml,340,4.0g,44.0g,17.0g,3.0g,280mg
Schezwan Noodles,100 g,380,8.0g,56.0g,13.0g,3.5g,880mg
Upma - Restaurant Style,50 ml,280,6.0g,48.0g,7.0g,3.5g,480mg
Paneer Tikka Masala - Street Style,500 g,460,15.0g,16.0g,38.0g,2.5g,680mg
Kesari Bath - Extra Cheese,250 g,350,3.0g,62.0g,10.0g,1.0g,15mg
Hazelnuts,100 g,176,4.5g,5.0g,17.0g,3.0g,0mg
Ragi Roti - Home Style,150 ml,210,6.0g,38.0g,4.0g,5.0g,250mg
Chocolate Chip Cookie - Mild,200 g,120,1.5g,16.0g,6.0g,0.5g,50mg
Lettuce - Extra Cheese,200 g,15,1.4g,2.9g,0.2g,1.3g,28mg
Oreo (2 pcs) - Home Style,100 g,110,1.0g,16.0g,5.0g,0.5g,75mg
Pink Sauce Pasta - Home Style,50 ml,350,9.5g,50.0g,12.0g,3.0g,470mg
McFlurry Oreo - Spicy,100 g,340,7.0g,48.0g,13.0g,1.0g,140mg
Aloo Matar - Spicy,50 ml,190,4.5g,20.0g,10.0g,4.0g,410mg
Afghani Chaap - Street Style,200 ml,420,24.0g,16.0g,30.0g,3.5g,540mg
Oat Milk - Restaurant Style,150 ml,90,3.0g,14.0g,3.0g,1.5g,100mg
BBQ Chicken Pizza (1 slice) - Home Style,150 ml,350,16.0g,34.0g,17.0g,1.5g,740mg
Pecans - Street Style,150 ml,200,2.5g,4.0g,21.0g,2.5g,0mg
Pear - Mild,300 g,81,0.6g,21.5g,0.2g,4.6g,1mg
Guava - Street Style,150 g,68,2.6g,14.3g,1.0g,5.4g,2mg
Macaron (1 pc) - Restaurant Style,100 g,90,1.5g,12.0g,4.0g,0.2g,15mg
Paneer (Homemade) - Spicy,500 g,265,18.0g,6.0g,18.0g,0g,150mg
Paneer Sandwich - Spicy,100 g,340,12.0g,36.0g,16.0g,2.0g,520mg
Pani Puri (6 pieces),100 ml,180,3.2g,32.0g,4.8g,2.0g,290mg
White Bread (2 slices) - Extra Cheese,100 ml,160,5.0g,28.0g,2.5g,1.0g,300mg
Milk (Buffalo) - Extra Cheese,50 ml,180,7.6g,10.0g,13.0g,0g,130mg
Blackberries - Spicy,300 g,43,1.4g,10.0g,0.5g,5.3g,1mg
Cucumber Sandwich - Home Style,200 g,180,5.0g,30.0g,4.5g,3.0g,310mg
Veg McNuggets (6 pcs) - Spicy,100 ml,230,8.0g,22.0g,12.0g,2.5g,440mg
Gobi Manchurian (Dry) - Home Style,150 ml,380,6.0g,42.0g,21.0g,5.0g,680mg
Donut (Chocolate) - Extra Cheese,50 ml,300,5.0g,34.0g,16.0g,1.0g,240mg
Blueberries - Mild,500 g,57,0.7g,14.5g,0.3g,2.4g,1mg
Hazelnuts - Extra Cheese,250 g,176,4.5g,5.0g,17.0g,3.0g,0mg
Mix Veg,150 ml,150,4.0g,18.0g,7.0g,4.5g,390mg
Vada Pav - Mild,200 g,290,6.5g,38.0g,12.5g,2.5g,520mg
Methi Thepla - Restaurant Style,200 ml,115,3.2g,15.5g,4.8g,2.2g,125mg
Brownie (1 piece) - Extra Cheese,150 ml,220,2.5g,28.0g,11.0g,1.0g,100mg
Salty Lassi - Extra Cheese,300 g,120,4.0g,20.0g,3.0g,0g,260mg
Paper Dosa,50 ml,350,7.0g,52.0g,12.0g,3.0g,530mg
Margherita Pizza (1 slice) - Mild,200 ml,285,12.0g,34.0g,11.0g,2.0g,520mg
Capsicum (Green) - Extra Cheese,150 ml,20,0.9g,4.6g,0.2g,1.7g,3mg
Andhra Chicken Curry - Extra Cheese,50 ml,390,25.0g,9.0g,28.0g,1.5g,740mg
Broccoli - Spicy,100 ml,34,2.8g,6.6g,0.4g,2.6g,33mg
Undhiyu - Extra Cheese,50 ml,280,6.0g,32.0g,14.0g,8.0g,440mg
Figs (Anjeer),200 g,75,1.0g,19.0g,0.3g,2.5g,2mg
Muffin (Blueberry) - Home Style,100 ml,240,3.5g,36.0g,9.0g,1.5g,180mg
Andhra Chicken Curry - Extra Cheese,250 g,390,25.0g,9.0g,28.0g,1.5g,740mg
Prawn Malai Curry - Extra Cheese,150 ml,420,22.0g,10.0g,32.0g,0.5g,560mg
Grilled Veg Sandwich - Street Style,300 g,290,9.0g,40.0g,10.0g,4.5g,460mg
Prawn Malai Curry - Extra Cheese,150 g,420,22.0g,10.0g,32.0g,0.5g,560mg
Tomato,100 ml,18,0.9g,3.9g,0.2g,1.2g,5mg
Cheese Garlic Bread - Street Style,200 ml,310,11.0g,34.0g,15.0g,2.0g,520mg
Chicken Pasta - Extra Cheese,200 ml,420,22.0g,48.0g,16.0g,2.5g,590mg
Ciabatta - Restaurant Style,50 ml,210,7.0g,40.0g,3.0g,2.0g,350mg
Zucchini - Home Style,500 g,17,1.2g,3.1g,0.3g,1.0g,8mg
Oatmeal Cookie - Spicy,150 g,110,2.0g,16.0g,4.5g,1.5g,65mg
Spring Rolls (2 pcs),100 ml,220,5.0g,28.0g,10.0g,2.5g,410mg
White Bread (2 slices) - Mild,250 g,160,5.0g,28.0g,2.5g,1.0g,300mg
Yogurt (Plain) - Restaurant Style,200 ml,61,3.5g,4.7g,3.3g,0g,40mg
Afghani Chaap - Spicy,300 g,420,24.0g,16.0g,30.0g,3.5g,540mg
Samosa (1 pc) - Extra Cheese,150 ml,210,3.5g,24.0g,11.0g,2.0g,290mg
Fruit Chaat,200 ml,130,2.0g,30.0g,1.0g,3.5g,40mg
Gobi Manchurian (Gravy),50 ml,350,5.5g,38.0g,19.0g,4.5g,720mg
Muffin (Chocolate) - Spicy,100 ml,250,4.0g,34.0g,11.0g,1.5g,190mg
Papdi Chaat - Home Style,100 g,280,5.0g,42.0g,10.0g,3.5g,460mg
Panchmel Dal - Mild,150 g,240,10.0g,27.0g,10.5g,5.5g,470mg
Chicken Fried Rice,500 g,460,20.0g,58.0g,16.0g,1.5g,780mg
Salted Butter (1 tbsp),500 g,102,0.1g,0g,11.5g,0g,90mg
Marie Biscuit (4 pcs) - Mild,100 ml,90,1.5g,14.0g,3.0g,0.5g,60mg
Ragi Mudde - Restaurant Style,300 g,180,5.0g,38.0g,1.5g,4.5g,10mg
Fish Biryani - Restaurant Style,200 g,500,28.0g,63.0g,17.0g,1.5g,860mg
Makki di Roti - Extra Cheese,50 ml,240,6.5g,38.0g,7.0g,5.0g,260mg
Capsicum (Green) - Spicy,150 ml,20,0.9g,4.6g,0.2g,1.7g,3mg
McVeggie Wrap - Home Style,200 g,420,11.0g,48.0g,20.0g,4.0g,720mg
Macaron (1 pc) - Spicy,300 g,90,1.5g,12.0g,4.0g,0.2g,15mg
Mohanthal,500 g,240,5.0g,32.0g,11.0g,1.0g,30mg
Paneer Lababdar - Spicy,50 ml,480,14.0g,15.0g,40.0g,2.0g,620mg
Honey (1 tbsp) - Restaurant Style,100 g,64,0.1g,17.3g,0g,0g,1mg
Sev Puri (6 pieces) - Extra Cheese,200 ml,220,4.0g,34.0g,8.0g,2.5g,350mg
Farmhouse Pizza (1 slice) - Restaurant Style,200 g,300,11.0g,36.0g,12.5g,2.5g,580mg
Bourbon Biscuit (2 pcs) - Restaurant Style,100 g,90,1.0g,12.0g,4.5g,0.5g,35mg
Cucumber Sandwich - Extra Cheese,100 g,180,5.0g,30.0g,4.5g,3.0g,310mg
Medu Vada,250 g,270,6.5g,30.0g,14.0g,3.5g,480mg
Figs (Anjeer) - Restaurant Style,150 ml,75,1.0g,19.0g,0.3g,2.5g,2mg
Pongal,50 ml,340,8.0g,58.0g,8.5g,3.0g,420mg
Mutter Mushroom - Restaurant Style,200 ml,200,5.0g,18.0g,11.0g,4.5g,430mg
Rasgulla (2 pcs),150 g,150,4.0g,28.0g,2.5g,0g,35mg
Greek Yogurt - Mild,150 ml,100,10.0g,4.0g,5.0g,0g,35mg
Raisins (Kishmish) - Spicy,50 ml,90,1.0g,24.0g,0.1g,1.0g,5mg
Chicken Curry - Mild,300 g,380,26.0g,8.0g,27.0g,1.0g,620mg
Bottle Gourd - Home Style,250 g,14,0.6g,3.4g,0.1g,0.6g,2mg
Litchi - Extra Cheese,150 ml,66,0.8g,16.5g,0.4g,1.3g,1mg
Ragda Pattice - Restaurant Style,150 ml,310,8.0g,48.0g,10.0g,6.0g,540mg
Lassi (Sweet) - Mild,100 g,150,4.0g,28.0g,3.0g,0g,80mg
Dahi (Curd) - Mild,250 g,70,3.5g,5.0g,4.0g,0g,45mg
Tofu Tikka Masala - Spicy,100 g,370,16.0g,16.0g,28.0g,3.5g,620mg
Dhokla (4 pcs) - Extra Cheese,500 g,180,6.0g,28.0g,5.0g,2.5g,420mg
Malai Kofta - Spicy,500 g,520,10.0g,38.0g,36.0g,5.0g,480mg
Aloo Chaat - Street Style,50 ml,220,4.0g,36.0g,7.0g,4.0g,380mg
Cabbage,50 ml,25,1.3g,5.8g,0.1g,2.5g,18mg
Poha Jalebi - Home Style,200 ml,380,5.0g,62.0g,13.0g,2.5g,360mg
Tofu (Soft) - Extra Cheese,150 g,70,7.0g,2.0g,4.0g,0.5g,8mg
Veg Sandwich - Extra Cheese,200 ml,250,8.0g,38.0g,7.0g,4.0g,420mg
French Beans - Spicy,300 g,31,1.8g,7.0g,0.1g,3.4g,6mg
Grilled Veg Sandwich - Mild,50 ml,290,9.0g,40.0g,10.0g,4.5g,460mg
Set Dosa (3 pcs) - Restaurant Style,150 ml,340,8.0g,54.0g,9.0g,4.0g,560mg
Tomato Soup - Home Style,300 g,80,2.0g,14.0g,2.0g,1.5g,490mg
Veg Pulao - Home Style,500 g,280,6.0g,52.0g,5.5g,3.0g,410mg
Aloo Gobi - Extra Cheese,150 ml,170,4.0g,20.0g,8.0g,4.0g,350mg
Blackberries - Spicy,50 ml,43,1.4g,10.0g,0.5g,5.3g,1mg
Bagel - Restaurant Style,300 g,190,7.0g,36.0g,1.5g,2.0g,280mg
Onion Dosa - Home Style,200 g,310,6.5g,44.0g,11.5g,2.5g,490mg
Farmhouse Pizza (1 slice) - Home Style,50 ml,300,11.0g,36.0g,12.5g,2.5g,580mg
Plum - Spicy,250 g,30,0.5g,7.5g,0.2g,0.9g,0mg
Croissant (Chocolate) - Street Style,150 g,280,5.0g,30.0g,16.0g,1.5g,230mg
Pav Bhaji - Street Style,200 ml,380,9.0g,52.0g,16.0g,7.0g,620mg
Filet-O-Fish - Spicy,150 g,360,15.0g,38.0g,17.0g,1.5g,660mg
Steamed Rice,200 ml,260,5.0g,58.0g,0.5g,1.0g,5mg
Potato,150 ml,77,2.0g,17.5g,0.1g,2.2g,6mg
Sabudana Khichdi - Street Style,150 g,250,3.5g,48.0g,5.0g,2.0g,280mg
Egg Biryani - Mild,100 ml,490,18.0g,68.0g,16.0g,2.5g,810mg
Chilli Fish,100 g,410,26.0g,26.0g,24.0g,1.5g,790mg
Grilled Veg Sandwich - Street Style,50 ml,290,9.0g,40.0g,10.0g,4.5g,460mg
Methi Thepla - Extra Cheese,50 ml,115,3.2g,15.5g,4.8g,2.2g,125mg
Milk (Toned) - Spicy,100 ml,100,6.6g,9.8g,4.4g,0g,110mg
Khakhra (1 pc) - Street Style,100 ml,70,2.0g,10.0g,2.5g,1.5g,80mg
BLT Sandwich - Extra Cheese,500 g,430,18.0g,36.0g,24.0g,2.5g,760mg
Chicken Curry - Spicy,200 ml,380,26.0g,8.0g,27.0g,1.0g,620mg
Marie Biscuit (4 pcs) - Restaurant Style,150 g,90,1.5g,14.0g,3.0g,0.5g,60mg
Ghee Rice - Spicy,100 ml,320,4.0g,50.0g,11.0g,1.0g,310mg
Sweet Corn Soup - Extra Cheese,150 g,110,3.5g,18.0g,3.0g,1.5g,520mg
Prawn Noodles,100 g,420,20.0g,50.0g,16.0g,1.5g,840mg
Cauliflower - Restaurant Style,200 ml,25,1.9g,5.0g,0.3g,2.0g,30mg
Rasgulla (2 pcs) - Street Style,50 ml,150,4.0g,28.0g,2.5g,0g,35mg
Broccoli - Extra Cheese,250 g,34,2.8g,6.6g,0.4g,2.6g,33mg
Moong Dal Halwa - Street Style,100 g,350,8.0g,45.0g,16.0g,3.0g,40mg
Chicken McNuggets (6 pcs) - Extra Cheese,200 ml,270,15.0g,16.0g,16.0g,1.0g,500mg
Aloo Gobi - Mild,50 ml,170,4.0g,20.0g,8.0g,4.0g,350mg
Masala Dosa - Extra Cheese,250 g,315,8.2g,48.5g,9.8g,4.2g,580mg
Ghee Rice - Home Style,200 ml,320,4.0g,50.0g,11.0g,1.0g,310mg
Kachori (1 pc) - Mild,150 g,260,5.0g,30.0g,13.0g,2.5g,340mg
Veg Pasta - Street Style,100 g,330,9.0g,50.0g,10.0g,3.5g,460mg
Club Sandwich - Mild,100 ml,450,18.0g,44.0g,22.0g,3.0g,720mg
Chicken McNuggets (6 pcs) - Spicy,200 g,270,15.0g,16.0g,16.0g,1.0g,500mg
Brown Bread (2 slices),500 g,140,6.0g,24.0g,2.0g,3.0g,280mg
Cupcake (Vanilla) - Restaurant Style,50 ml,210,2.5g,32.0g,8.5g,0.5g,160mg
Vanilla Cake (1 slice) - Home Style,100 g,220,3.0g,32.0g,9.0g,0.5g,180mg
Capsicum (Green) - Restaurant Style,250 g,20,0.9g,4.6g,0.2g,1.7g,3mg
Prawn Biryani - Street Style,150 g,510,26.0g,64.0g,18.0g,1.5g,880mg
Hazelnuts - Extra Cheese,250 g,176,4.5g,5.0g,17.0g,3.0g,0mg
Brown Bread (2 slices) - Street Style,100 g,140,6.0g,24.0g,2.0g,3.0g,280mg
Milk (Buffalo) - Restaurant Style,200 ml,180,7.6g,10.0g,13.0g,0g,130mg
Cucumber Sandwich - Street Style,100 ml,180,5.0g,30.0g,4.5g,3.0g,310mg
Egg Curry - Spicy,200 g,290,12.0g,10.0g,22.0g,1.5g,490mg
BBQ Chicken Pizza (1 slice),100 ml,350,16.0g,34.0g,17.0g,1.5g,740mg
Thatte Idli,50 ml,200,5.5g,36.0g,4.5g,2.5g,360mg
Dates (Khajoor) - Mild,250 g,90,0.8g,24.0g,0.2g,2.0g,1mg
Parle Biscuit (2 pcs) - Spicy,100 g,80,1.0g,12.0g,3.0g,0.3g,40mg
Sabudana Vada - Home Style,200 ml,230,4.0g,38.0g,7.0g,2.5g,340mg
Chow Mein - Street Style,500 g,360,8.5g,50.0g,14.0g,3.0g,750mg
Bagel,250 g,190,7.0g,36.0g,1.5g,2.0g,280mg
Khakhra (1 pc) - Home Style,250 g,70,2.0g,10.0g,2.5g,1.5g,80mg
Bagel - Home Style,100 g,190,7.0g,36.0g,1.5g,2.0g,280mg
Nectarine - Home Style,50 ml,62,1.5g,15.0g,0.5g,2.4g,0mg
Onion Dosa - Home Style,50 ml,310,6.5g,44.0g,11.5g,2.5g,490mg
Okra (Bhindi) - Extra Cheese,150 g,33,1.9g,7.5g,0.2g,3.2g,7mg
Capsicum (Yellow) - Mild,100 g,27,1.0g,6.3g,0.2g,1.8g,3mg
Focaccia,300 g,230,6.5g,38.0g,6.0g,2.0g,370mg
Oreo (2 pcs) - Extra Cheese,100 ml,110,1.0g,16.0g,5.0g,0.5g,75mg
Plum - Mild,200 g,30,0.5g,7.5g,0.2g,0.9g,0mg
Mushroom Pulao - Spicy,100 g,300,7.0g,50.0g,8.0g,3.5g,440mg
Aglio Olio Pasta - Street Style,150 ml,340,8.0g,50.0g,11.0g,3.0g,380mg
Spinach - Restaurant Style,200 g,23,2.9g,3.6g,0.4g,2.2g,79mg
Jeera Rice - Restaurant Style,100 g,240,4.5g,48.0g,3.0g,1.0g,290mg
Cheesecake (1 slice) - Street Style,200 ml,350,7.0g,30.0g,22.0g,0.5g,280mg
Gajar Ka Halwa,150 g,260,4.0g,38.0g,10.0g,2.5g,50mg
Chilli Fish,150 g,410,26.0g,26.0g,24.0g,1.5g,790mg
Palak Dal - Street Style,100 ml,220,10.0g,22.0g,10.0g,5.0g,460mg
Fox Nuts (Makhana),200 ml,110,4.5g,20.0g,1.5g,4.0g,8mg
Star Fruit - Home Style,100 ml,28,0.9g,6.0g,0.3g,2.5g,2mg
Brown Bread (2 slices) - Home Style,100 ml,140,6.0g,24.0g,2.0g,3.0g,280mg
Lettuce - Mild,200 ml,15,1.4g,2.9g,0.2g,1.3g,28mg
Cauliflower - Extra Cheese,100 ml,25,1.9g,5.0g,0.3g,2.0g,30mg
Khakhra (1 pc) - Mild,500 g,70,2.0g,10.0g,2.5g,1.5g,80mg
Chow Mein,500 g,360,8.5g,50.0g,14.0g,3.0g,750mg
Paneer Sandwich - Home Style,200 g,340,12.0g,36.0g,16.0g,2.0g,520mg
Masala Chaas - Home Style,150 g,55,2.5g,7.0g,2.0g,0.5g,220mg
Mooli Paratha - Home Style,50 ml,310,8.5g,45.0g,11.0g,4.5g,360mg
Brazil Nuts - Extra Cheese,200 ml,195,4.0g,3.5g,19.5g,2.0g,1mg
Watermelon - Extra Cheese,500 g,46,0.9g,11.5g,0.2g,0.6g,1mg
French Beans - Street Style,100 g,31,1.8g,7.0g,0.1g,3.4g,6mg
Almonds (Badam) - Mild,150 ml,173,6.0g,6.0g,15.0g,3.5g,0mg
Sunflower Seeds - Restaurant Style,300 g,175,6.0g,6.0g,15.5g,3.0g,2mg
Broccoli - Mild,100 g,34,2.8g,6.6g,0.4g,2.6g,33mg
French Toast,200 g,310,9.0g,32.0g,16.0g,1.0g,350mg
Peanut Butter (1 tbsp) - Mild,50 ml,95,4.0g,3.5g,8.0g,1.0g,65mg
Reshmi Kabab (4 pcs),200 g,400,28.0g,6.0g,29.0g,0.5g,560mg
Thepla (1 pc) - Restaurant Style,200 ml,110,3.0g,15.0g,4.5g,2.0g,120mg
Soya Chunk Biryani - Spicy,150 ml,480,18.0g,70.0g,15.0g,6.0g,740mg
Gujarati Dal - Street Style,150 ml,200,8.0g,28.0g,6.0g,5.0g,440mg
Cheesecake (1 slice) - Extra Cheese,50 ml,350,7.0g,30.0g,22.0g,0.5g,280mg
Thepla (1 pc) - Restaurant Style,50 ml,110,3.0g,15.0g,4.5g,2.0g,120mg
Ciabatta - Extra Cheese,200 ml,210,7.0g,40.0g,3.0g,2.0g,350mg
Watermelon - Restaurant Style,100 ml,46,0.9g,11.5g,0.2g,0.6g,1mg
Cucumber - Home Style,100 ml,15,0.7g,3.6g,0.1g,0.5g,2mg
Chilli Tofu - Mild,200 ml,340,14.0g,26.0g,20.0g,3.0g,680mg
Margherita Pizza (1 slice),500 g,285,12.0g,34.0g,11.0g,2.0g,520mg
Veg McNuggets (6 pcs),150 g,230,8.0g,22.0g,12.0g,2.5g,440mg
Aloo Chaat - Street Style,200 g,220,4.0g,36.0g,7.0g,4.0g,380mg
Salted Butter (1 tbsp),150 ml,102,0.1g,0g,11.5g,0g,90mg
Lemon Rice - Restaurant Style,100 ml,260,4.5g,48.0g,5.5g,2.0g,420mg
Fruit Chaat - Spicy,250 g,130,2.0g,30.0g,1.0g,3.5g,40mg
Jalebi (2 pcs) - Mild,100 ml,180,2.0g,30.0g,6.0g,0.5g,40mg
Salted Butter (1 tbsp) - Spicy,300 g,102,0.1g,0g,11.5g,0g,90mg
Kala Chana - Spicy,250 g,250,13.0g,34.0g,7.0g,9.0g,450mg
Rava Idli - Restaurant Style,150 ml,190,4.5g,32.0g,5.0g,1.5g,350mg
French Fries (Large) - Mild,300 g,430,6.0g,55.0g,21.0g,4.5g,260mg
Strawberries - Extra Cheese,300 g,32,0.7g,7.7g,0.3g,2.0g,1mg
Lettuce - Mild,50 ml,15,1.4g,2.9g,0.2g,1.3g,28mg
Sweet Potato - Mild,500 g,86,1.6g,20.1g,0.1g,3.0g,55mg
Ragi Roti,200 ml,210,6.0g,38.0g,4.0g,5.0g,250mg
Pistachios (Pista) - Mild,150 ml,160,5.8g,8.0g,12.5g,3.0g,1mg
Dal Fry - Street Style,200 g,230,9.5g,26.0g,10.0g,5.5g,490mg
Pongal,250 g,340,8.0g,58.0g,8.5g,3.0g,420mg
Croissant - Mild,100 g,230,4.5g,26.0g,12.0g,1.5g,210mg
Pepperoni Pizza (1 slice) - Spicy,250 g,310,14.0g,33.0g,14.0g,1.5g,680mg
Aloo Paratha,200 g,350,8.0g,48.0g,14.0g,4.0g,380mg
Chicken Club Sandwich - Mild,500 g,500,26.0g,42.0g,25.0g,2.5g,790mg
Pecans - Home Style,150 g,200,2.5g,4.0g,21.0g,2.5g,0mg
Marie Biscuit (4 pcs),200 g,90,1.5g,14.0g,3.0g,0.5g,60mg
Pineapple Cake (1 slice) - Mild,100 ml,260,3.0g,38.0g,10.0g,0.8g,170mg
Dal Fry - Mild,100 ml,230,9.5g,26.0g,10.0g,5.5g,490mg
Pink Sauce Pasta - Extra Cheese,250 g,350,9.5g,50.0g,12.0g,3.0g,470mg
Hot and Sour Soup - Street Style,200 g,95,3.0g,13.0g,3.5g,1.5g,720mg
Chia Seeds - Spicy,100 g,70,2.5g,6.0g,4.5g,5.0g,2mg
Dal Baati Churma - Extra Cheese,200 g,650,18.0g,88.0g,24.0g,10.0g,580mg
Flavored Yogurt (Mango) - Street Style,200 ml,115,3.0g,19.0g,2.5g,0g,40mg
Bataka Vada - Home Style,100 ml,290,6.0g,38.0g,12.0g,3.0g,480mg
Rava Dosa - Spicy,250 g,290,6.0g,42.0g,10.0g,2.0g,510mg
Barfi (2 pcs) - Mild,250 g,140,3.0g,18.0g,6.5g,0.3g,25mg
Patra - Mild,50 ml,170,3.0g,28.0g,5.5g,3.0g,410mg
Rasgulla (2 pcs) - Home Style,500 g,150,4.0g,28.0g,2.5g,0g,35mg
Mutton Keema,300 g,420,32.0g,6.0g,30.0g,0.5g,620mg
Paneer (Homemade) - Restaurant Style,200 ml,265,18.0g,6.0g,18.0g,0g,150mg
Pumpkin - Spicy,300 g,26,1.0g,6.5g,0.1g,0.5g,1mg
Tofu Palak,100 ml,300,16.0g,12.0g,22.0g,4.5g,510mg
Dragon Fruit - Mild,100 g,60,1.2g,13.0g,0.4g,3.0g,0mg
Chicken Biryani,100 ml,520,28.0g,65.0g,18.0g,2.0g,890mg
Galouti Kabab (4 pcs) - Restaurant Style,100 ml,420,18.0g,14.0g,32.0g,1.5g,480mg
Pecans - Restaurant Style,500 g,200,2.5g,4.0g,21.0g,2.5g,0mg
Okra (Bhindi) - Street Style,150 g,33,1.9g,7.5g,0.2g,3.2g,7mg
Aglio Olio Pasta - Mild,250 g,340,8.0g,50.0g,11.0g,3.0g,380mg
Jowar Roti - Spicy,100 g,200,6.0g,36.0g,3.5g,4.5g,220mg
Cheddar Cheese - Restaurant Style,150 ml,120,7.0g,0.5g,10.0g,0g,180mg
Peas (Green) - Street Style,50 ml,81,5.4g,14.5g,0.4g,5.1g,5mg
Mysore Pak (1 pc) - Spicy,200 ml,130,2.0g,16.0g,6.5g,0.2g,15mg
Pepperoni Pizza (1 slice) - Street Style,300 g,310,14.0g,33.0g,14.0g,1.5g,680mg
Corn (Sweet) - Spicy,200 ml,86,3.3g,19.0g,1.2g,2.7g,15mg
Cucumber Sandwich - Extra Cheese,200 ml,180,5.0g,30.0g,4.5g,3.0g,310mg
Star Fruit - Mild,50 ml,28,0.9g,6.0g,0.3g,2.5g,2mg
Prunes - Restaurant Style,150 ml,70,0.8g,18.5g,0.1g,2.0g,1mg
Payasam - Home Style,100 g,210,5.0g,38.0g,5.0g,0.5g,55mg
BBQ Chicken Pizza (1 slice) - Restaurant Style,250 g,350,16.0g,34.0g,17.0g,1.5g,740mg
Flavored Yogurt (Strawberry) - Home Style,200 g,110,3.0g,18.0g,2.5g,0g,40mg
Singapore Noodles - Mild,100 ml,370,9.0g,54.0g,12.5g,3.0g,740mg
Milk (Buffalo),300 g,180,7.6g,10.0g,13.0g,0g,130mg
Tofu Kadai,150 g,360,15.0g,16.0g,26.0g,3.5g,580mg
Wonton Soup - Street Style,100 g,140,8.0g,18.0g,4.5g,1.5g,610mg
Grapes ,250 g,69,0.7g,18.0g,0.2g,0.9g,2mg
Grilled Veg Sandwich - Spicy,150 g,290,9.0g,40.0g,10.0g,4.5g,460mg
Egg Sandwich - Mild,100 g,320,14.0g,32.0g,15.0g,2.0g,540mg
Matar Paneer - Mild,100 ml,380,12.0g,16.0g,29.0g,3.5g,540mg
Sweet Potato - Street Style,200 g,86,1.6g,20.1g,0.1g,3.0g,55mg
Idli (2 pieces) - Mild,250 g,120,4.0g,24.0g,0.5g,2.0g,280mg
Bataka Vada,250 g,290,6.0g,38.0g,12.0g,3.0g,480mg
Margherita Pizza (1 slice) - Mild,300 g,285,12.0g,34.0g,11.0g,2.0g,520mg
Tomato Rice - Mild,300 g,270,5.0g,50.0g,5.0g,2.5g,490mg
Cucumber Sandwich - Spicy,250 g,180,5.0g,30.0g,4.5g,3.0g,310mg
Cheese Spread (1 tbsp) - Home Style,50 ml,45,2.0g,1.5g,3.5g,0g,120mg
Corn (Sweet) - Mild,100 ml,86,3.3g,19.0g,1.2g,2.7g,15mg
Dabeli - Street Style,150 g,280,6.0g,42.0g,9.0g,3.5g,490mg
Muskmelon,300 g,51,1.3g,12.0g,0.3g,1.1g,16mg
Prunes - Restaurant Style,150 g,70,0.8g,18.5g,0.1g,2.0g,1mg
Strawberries - Restaurant Style,150 ml,32,0.7g,7.7g,0.3g,2.0g,1mg
French Fries (Medium) - Spicy,150 ml,320,4.5g,41.0g,15.5g,3.5g,190mg
Gatte ki Sabzi - Spicy,100 ml,260,8.0g,20.0g,16.0g,4.0g,520mg
Donut (Glazed) - Restaurant Style,200 g,270,4.0g,31.0g,15.0g,1.0g,220mg
Spinach - Home Style,150 ml,23,2.9g,3.6g,0.4g,2.2g,79mg
Dhokla (4 pcs) - Home Style,500 g,180,6.0g,28.0g,5.0g,2.5g,420mg
Malai Paneer Tikka - Extra Cheese,100 ml,420,15.0g,14.0g,34.0g,1.5g,560mg
Raisins (Kishmish) - Restaurant Style,200 ml,90,1.0g,24.0g,0.1g,1.0g,5mg
BBQ Chicken Pizza (1 slice) - Street Style,150 g,350,16.0g,34.0g,17.0g,1.5g,740mg
Filet-O-Fish - Restaurant Style,50 ml,360,15.0g,38.0g,17.0g,1.5g,660mg
Tandoori Paneer Tikka - Home Style,250 g,380,16.0g,12.0g,30.0g,2.0g,540mg
Khandvi (4 pcs) - Extra Cheese,50 ml,150,5.0g,24.0g,4.0g,2.0g,380mg
Tamarind Rice - Mild,150 g,280,4.5g,52.0g,5.0g,2.5g,510mg
Ragi Roti - Mild,300 g,210,6.0g,38.0g,4.0g,5.0g,250mg
Farmhouse Pizza (1 slice) - Spicy,150 g,300,11.0g,36.0g,12.5g,2.5g,580mg
Dabeli - Mild,50 ml,280,6.0g,42.0g,9.0g,3.5g,490mg
Drumstick - Extra Cheese,200 ml,64,2.1g,8.5g,0.2g,3.2g,8mg
Jowar Roti - Extra Cheese,100 ml,200,6.0g,36.0g,3.5g,4.5g,220mg
French Beans - Restaurant Style,500 g,31,1.8g,7.0g,0.1g,3.4g,6mg
Dal Makhani - Extra Cheese,100 g,320,12.0g,28.0g,18.0g,6.0g,480mg
Chicken Vindaloo,50 ml,420,24.0g,12.0g,30.0g,1.5g,820mg
Ciabatta - Street Style,250 g,210,7.0g,40.0g,3.0g,2.0g,350mg
Sambar Vada - Street Style,250 g,310,7.5g,38.0g,14.0g,4.0g,520mg
Cheese Spread (1 tbsp) - Street Style,100 g,45,2.0g,1.5g,3.5g,0g,120mg
Paneer Sandwich - Street Style,250 g,340,12.0g,36.0g,16.0g,2.0g,520mg
Coconut Rice - Street Style,300 g,340,4.0g,44.0g,17.0g,3.0g,280mg
Apple - Extra Cheese,150 ml,78,0.4g,20.8g,0.2g,3.6g,1mg
Pav Bhaji - Restaurant Style,200 g,380,9.0g,52.0g,16.0g,7.0g,620mg
Kadhi Pakora - Mild,200 g,300,10.0g,28.0g,16.0g,3.0g,580mg
Vada Pav - Mild,150 g,290,6.5g,38.0g,12.5g,2.5g,520mg
Prawn Fried Rice,200 ml,440,18.0g,58.0g,15.0g,1.5g,790mg
Cheddar Cheese,500 g,120,7.0g,0.5g,10.0g,0g,180mg
BBQ Chicken Pizza (1 slice) - Home Style,50 ml,350,16.0g,34.0g,17.0g,1.5g,740mg
Chow Mein - Restaurant Style,150 g,360,8.5g,50.0g,14.0g,3.0g,750mg
Dal Fry - Extra Cheese,250 g,230,9.5g,26.0g,10.0g,5.5g,490mg
Puran Poli (with ghee) - Extra Cheese,100 ml,350,7.5g,58.0g,10.2g,3.5g,45mg
Mexican Green Wave (1 slice) - Mild,500 g,280,9.0g,34.0g,12.0g,3.0g,540mg
Palak Dal - Extra Cheese,200 ml,220,10.0g,22.0g,10.0g,5.0g,460mg
Sambar Vada - Mild,50 ml,310,7.5g,38.0g,14.0g,4.0g,520mg
Buttermilk (Chaas) - Home Style,250 g,50,2.5g,6.0g,2.0g,0g,180mg
Bread Roll - Home Style,300 g,140,4.0g,25.0g,2.5g,1.2g,190mg
Tofu (Firm) - Street Style,200 ml,145,15.0g,4.0g,8.0g,2.0g,10mg
Paneer Paratha - Street Style,200 g,400,12.0g,48.0g,18.0g,3.5g,420mg
Matar Pulao - Mild,200 g,290,7.5g,52.0g,6.0g,3.5g,400mg
French Fries (Large) - Home Style,200 ml,430,6.0g,55.0g,21.0g,4.5g,260mg
Brownie (1 piece) - Home Style,300 g,220,2.5g,28.0g,11.0g,1.0g,100mg
Pumpkin Seeds - Extra Cheese,150 ml,160,8.0g,4.0g,13.5g,1.5g,5mg
Jeera Rice,150 g,240,4.5g,48.0g,3.0g,1.0g,290mg
McFlurry KitKat - Extra Cheese,150 ml,350,7.5g,49.0g,14.0g,1.0g,150mg
Masala Chaas - Mild,200 ml,55,2.5g,7.0g,2.0g,0.5g,220mg
Moong Dal Halwa,300 g,350,8.0g,45.0g,16.0g,3.0g,40mg
Ciabatta - Extra Cheese,250 g,210,7.0g,40.0g,3.0g,2.0g,350mg
Persimmon,200 g,70,0.6g,18.6g,0.2g,3.6g,1mg
Onion,250 g,40,1.1g,9.3g,0.1g,1.7g,4mg
Tangdi Kabab (2 pcs),150 ml,440,38.0g,5.0g,29.0g,0.5g,680mg
Capsicum (Red) - Home Style,50 ml,31,1.0g,6.0g,0.3g,2.1g,4mg
Chole Bhature - Home Style,100 g,580,15.0g,78.0g,24.0g,8.0g,890mg
Raisins (Kishmish) - Extra Cheese,250 g,90,1.0g,24.0g,0.1g,1.0g,5mg
Egg Noodles - Mild,500 g,390,14.0g,52.0g,14.0g,2.0g,780mg
Chicken Spring Roll - Spicy,250 g,270,12.0g,28.0g,12.0g,2.0g,490mg
Dal Baati Churma - Extra Cheese,50 ml,650,18.0g,88.0g,24.0g,10.0g,580mg
White Bread (2 slices) - Home Style,100 g,160,5.0g,28.0g,2.5g,1.0g,300mg
Gajar Ka Halwa - Home Style,250 g,260,4.0g,38.0g,10.0g,2.5g,50mg
Donut (Chocolate) - Extra Cheese,150 ml,300,5.0g,34.0g,16.0g,1.0g,240mg
Sambar Vada - Street Style,100 ml,310,7.5g,38.0g,14.0g,4.0g,520mg
Donut (Glazed) - Home Style,500 g,270,4.0g,31.0g,15.0g,1.0g,220mg
Rasgulla (2 pcs) - Street Style,50 ml,150,4.0g,28.0g,2.5g,0g,35mg
Tofu Tikka Masala - Restaurant Style,200 g,370,16.0g,16.0g,28.0g,3.5g,620mg
Ragi Roti,250 g,210,6.0g,38.0g,4.0g,5.0g,250mg
Pumpkin Seeds,150 ml,160,8.0g,4.0g,13.5g,1.5g,5mg
Veg Spring Roll - Street Style,100 g,210,4.5g,30.0g,8.5g,3.0g,430mg
Cluster Beans - Spicy,500 g,41,3.2g,7.7g,0.2g,3.5g,4mg
Hash Brown - Home Style,150 ml,150,1.5g,16.0g,9.0g,1.5g,280mg
Peas (Green) - Mild,100 ml,81,5.4g,14.5g,0.4g,5.1g,5mg
Khandvi (4 pcs) - Home Style,50 ml,150,5.0g,24.0g,4.0g,2.0g,380mg
Peach - Restaurant Style,300 g,51,1.2g,12.4g,0.3g,2.0g,0mg
Jalebi Fafda - Street Style,100 ml,380,7.0g,50.0g,17.0g,2.5g,520mg
Chia Seeds - Mild,50 ml,70,2.5g,6.0g,4.5g,5.0g,2mg
Schezwan Noodles - Home Style,200 g,380,8.0g,56.0g,13.0g,3.5g,880mg
Motichoor Laddu,200 g,145,3.0g,18.0g,7.0g,0.8g,22mg
Potato - Spicy,200 ml,77,2.0g,17.5g,0.1g,2.2g,6mg
Gobi Manchurian (Gravy) - Home Style,300 g,350,5.5g,38.0g,19.0g,4.5g,720mg
Prawn Malai Curry - Street Style,50 ml,420,22.0g,10.0g,32.0g,0.5g,560mg
McAloo Tikki Burger - Mild,250 g,345,8.0g,48.0g,14.0g,3.5g,650mg
Alfredo Pasta - Mild,150 g,420,12.0g,46.0g,20.0g,2.0g,520mg
Mushroom Pulao - Street Style,150 ml,300,7.0g,50.0g,8.0g,3.5g,440mg
Jalebi (2 pcs) - Restaurant Style,500 g,180,2.0g,30.0g,6.0g,0.5g,40mg
Dum Aloo - Mild,100 g,240,4.0g,22.0g,15.0g,3.0g,460mg
Cucumber Sandwich,150 g,180,5.0g,30.0g,4.5g,3.0g,310mg
Marie Biscuit (4 pcs) - Street Style,100 g,90,1.5g,14.0g,3.0g,0.5g,60mg
Focaccia - Restaurant Style,250 g,230,6.5g,38.0g,6.0g,2.0g,370mg
Fish Curry - Home Style,500 g,340,22.0g,10.0g,23.0g,1.5g,540mg
Cluster Beans - Restaurant Style,300 g,41,3.2g,7.7g,0.2g,3.5g,4mg
Cherries - Extra Cheese,250 g,50,1.0g,12.0g,0.3g,1.6g,0mg
Handvo - Street Style,150 g,210,7.0g,32.0g,7.0g,4.0g,390mg
Idli (2 pieces) - Extra Cheese,200 g,120,4.0g,24.0g,0.5g,2.0g,280mg
French Fries (Medium),100 ml,320,4.5g,41.0g,15.5g,3.5g,190mg
Peach - Restaurant Style,300 g,51,1.2g,12.4g,0.3g,2.0g,0mg
Cucumber - Home Style,200 g,15,0.7g,3.6g,0.1g,0.5g,2mg
Handvo - Mild,200 g,210,7.0g,32.0g,7.0g,4.0g,390mg
Paneer Butter Masala - Street Style,150 g,450,14.5g,14.0g,36.0g,2.5g,650mg
Mango - Restaurant Style,200 ml,90,1.4g,22.0g,0.5g,2.6g,1mg
Prawn Fried Rice - Extra Cheese,150 ml,440,18.0g,58.0g,15.0g,1.5g,790mg
Veg Spring Roll - Home Style,100 ml,210,4.5g,30.0g,8.5g,3.0g,430mg
Pink Sauce Pasta - Mild,300 g,350,9.5g,50.0g,12.0g,3.0g,470mg
Brown Bread (2 slices) - Restaurant Style,200 g,140,6.0g,24.0g,2.0g,3.0g,280mg
McVeggie Burger - Mild,500 g,380,9.0g,46.0g,17.0g,3.0g,680mg
Tamarind Rice - Extra Cheese,100 g,280,4.5g,52.0g,5.0g,2.5g,510mg
Poha Jalebi - Restaurant Style,150 g,380,5.0g,62.0g,13.0g,2.5g,360mg
Bataka Vada - Mild,500 g,290,6.0g,38.0g,12.0g,3.0g,480mg
Soft Serve Cone - Spicy,250 g,150,3.5g,24.0g,4.5g,0g,80mg
Idli (2 pieces) - Street Style,100 g,120,4.0g,24.0g,0.5g,2.0g,280mg
Medu Vada - Street Style,150 g,270,6.5g,30.0g,14.0g,3.5g,480mg
Paneer Biryani - Spicy,50 ml,520,14.0g,68.0g,20.0g,4.0g,780mg
Cheddar Cheese - Home Style,150 ml,120,7.0g,0.5g,10.0g,0g,180mg
Macaron (1 pc) - Extra Cheese,50 ml,90,1.5g,12.0g,4.0g,0.2g,15mg
Oreo (2 pcs) - Mild,250 g,110,1.0g,16.0g,5.0g,0.5g,75mg
Chilli Tofu - Home Style,300 g,340,14.0g,26.0g,20.0g,3.0g,680mg
Veg Pasta - Restaurant Style,200 g,330,9.0g,50.0g,10.0g,3.5g,460mg
Singapore Noodles - Mild,150 ml,370,9.0g,54.0g,12.5g,3.0g,740mg
Kheer - Spicy,500 g,220,6.0g,36.0g,6.0g,0.5g,60mg
Pomegranate - Mild,200 ml,83,1.7g,18.7g,1.2g,4.0g,3mg
Veg Spring Roll - Spicy,200 g,210,4.5g,30.0g,8.5g,3.0g,430mg
McAloo Tikki Burger - Street Style,300 g,345,8.0g,48.0g,14.0g,3.5g,650mg
Nutella (1 tbsp) - Restaurant Style,300 g,100,1.2g,11.0g,5.5g,0.5g,8mg
Tofu (Firm),500 g,145,15.0g,4.0g,8.0g,2.0g,10mg
Ghee Rice,500 g,320,4.0g,50.0g,11.0g,1.0g,310mg
French Beans - Home Style,150 g,31,1.8g,7.0g,0.1g,3.4g,6mg
Aglio Olio Pasta,150 ml,340,8.0g,50.0g,11.0g,3.0g,380mg
Mayonnaise (1 tbsp) - Restaurant Style,50 ml,94,0.1g,0.1g,10.0g,0g,90mg
Navratna Korma - Street Style,100 ml,380,8.0g,22.0g,30.0g,4.5g,520mg
Prunes - Restaurant Style,300 g,70,0.8g,18.5g,0.1g,2.0g,1mg
White Bread (2 slices) - Home Style,150 g,160,5.0g,28.0g,2.5g,1.0g,300mg
Persimmon - Restaurant Style,200 ml,70,0.6g,18.6g,0.2g,3.6g,1mg
Kanda Bhaji - Extra Cheese,150 ml,280,4.0g,32.0g,15.0g,3.0g,460mg
Dum Aloo - Restaurant Style,150 ml,240,4.0g,22.0g,15.0g,3.0g,460mg
Pecans - Mild,100 g,200,2.5g,4.0g,21.0g,2.5g,0mg
Seekh Kabab (4 pcs) - Street Style,100 g,340,24.0g,8.0g,24.0g,2.0g,520mg
Chole Bhature - Extra Cheese,300 g,580,15.0g,78.0g,24.0g,8.0g,890mg
Wonton Soup,250 g,140,8.0g,18.0g,4.5g,1.5g,610mg
Navratna Korma - Restaurant Style,200 g,380,8.0g,22.0g,30.0g,4.5g,520mg
Undhiyu,50 ml,280,6.0g,32.0g,14.0g,8.0g,440mg
Honey (1 tbsp) - Restaurant Style,500 g,64,0.1g,17.3g,0g,0g,1mg
Nalli Nihari - Extra Cheese,200 ml,560,30.0g,8.0g,46.0g,0.5g,780mg
Focaccia,300 g,230,6.5g,38.0g,6.0g,2.0g,370mg
Cucumber - Home Style,200 g,15,0.7g,3.6g,0.1g,0.5g,2mg
Veg Pasta - Street Style,200 g,330,9.0g,50.0g,10.0g,3.5g,460mg
Milk (Skimmed) - Spicy,100 g,68,6.8g,9.8g,0.4g,0g,120mg
Jeera Rice - Street Style,150 ml,240,4.5g,48.0g,3.0g,1.0g,290mg
Bottle Gourd - Restaurant Style,500 g,14,0.6g,3.4g,0.1g,0.6g,2mg
Undhiyu - Spicy,200 ml,280,6.0g,32.0g,14.0g,8.0g,440mg
Shortbread Cookie - Home Style,250 g,105,1.0g,12.0g,6.0g,0.2g,30mg
Star Fruit - Restaurant Style,200 g,28,0.9g,6.0g,0.3g,2.5g,2mg
Hyderabadi Biryani - Extra Cheese,100 ml,620,30.0g,70.0g,24.0g,2.5g,980mg
Ridge Gourd - Restaurant Style,150 g,17,0.8g,3.8g,0.2g,1.2g,3mg
Kadai Paneer - Street Style,200 g,420,12.5g,15.0g,34.0g,3.0g,610mg
Semiya Upma - Extra Cheese,150 ml,240,5.0g,42.0g,5.5g,2.5g,410mg
Pineapple Cake (1 slice),150 ml,260,3.0g,38.0g,10.0g,0.8g,170mg
Kadhi Pakora - Street Style,500 g,300,10.0g,28.0g,16.0g,3.0g,580mg
Khakhra (1 pc) - Home Style,50 ml,70,2.0g,10.0g,2.5g,1.5g,80mg
Malai Chaap (2 pcs) - Spicy,300 g,440,22.0g,18.0g,32.0g,3.0g,560mg
French Fries (Large) - Extra Cheese,500 g,430,6.0g,55.0g,21.0g,4.5g,260mg
Aloo Paratha - Spicy,200 ml,350,8.0g,48.0g,14.0g,4.0g,380mg
Hazelnuts - Street Style,200 ml,176,4.5g,5.0g,17.0g,3.0g,0mg
Kolkata Biryani,250 g,560,24.0g,72.0g,20.0g,2.5g,890mg
Moong Dal Halwa - Spicy,150 ml,350,8.0g,45.0g,16.0g,3.0g,40mg
French Fries (Large) - Spicy,250 g,430,6.0g,55.0g,21.0g,4.5g,260mg
Mooli Paratha - Spicy,200 g,310,8.5g,45.0g,11.0g,4.5g,360mg
Chocolate Chip Cookie - Spicy,300 g,120,1.5g,16.0g,6.0g,0.5g,50mg
Onion - Restaurant Style,100 g,40,1.1g,9.3g,0.1g,1.7g,4mg
Bread Omlette - Home Style,150 g,290,12.0g,28.0g,15.0g,2.0g,480mg
Prawn Fried Rice - Spicy,150 ml,440,18.0g,58.0g,15.0g,1.5g,790mg
Rava Idli,100 g,190,4.5g,32.0g,5.0g,1.5g,350mg
Peanut Butter (1 tbsp) - Restaurant Style,100 g,95,4.0g,3.5g,8.0g,1.0g,65mg
Dum Aloo - Restaurant Style,100 g,240,4.0g,22.0g,15.0g,3.0g,460mg
Cream Crackers (2 pcs),100 g,75,1.2g,10.0g,3.0g,0.5g,70mg
Dahi Vada,50 ml,290,7.0g,38.0g,12.0g,3.0g,420mg
Pine Nuts - Mild,100 g,190,4.0g,4.0g,19.0g,1.5g,1mg
Handvo - Street Style,200 g,210,7.0g,32.0g,7.0g,4.0g,390mg
Aloo Chaat,200 ml,220,4.0g,36.0g,7.0g,4.0g,380mg
Veg Noodle Soup - Spicy,200 ml,120,4.0g,18.0g,3.5g,2.0g,580mg
Ragi Mudde - Spicy,100 g,180,5.0g,38.0g,1.5g,4.5g,10mg
Tofu Tikka Masala - Restaurant Style,200 ml,370,16.0g,16.0g,28.0g,3.5g,620mg
Akki Roti - Street Style,300 g,220,5.0g,40.0g,4.5g,3.0g,290mg
Set Dosa (3 pcs) - Spicy,100 g,340,8.0g,54.0g,9.0g,4.0g,560mg
Apple - Extra Cheese,500 g,78,0.4g,20.8g,0.2g,3.6g,1mg
Baingan Bharta - Spicy,100 ml,180,3.5g,16.0g,12.0g,5.0g,420mg
Malai Tikka (6 pcs),150 g,460,38.0g,8.0g,30.0g,0.5g,640mg
Shahi Paneer - Spicy,250 g,490,13.0g,14.0g,42.0g,2.5g,560mg
Spinach - Extra Cheese,150 g,23,2.9g,3.6g,0.4g,2.2g,79mg
Croissant (Chocolate) - Extra Cheese,150 g,280,5.0g,30.0g,16.0g,1.5g,230mg
White Sauce Pasta - Restaurant Style,100 ml,380,10.0g,48.0g,16.0g,2.5g,450mg
Hara Bhara Kabab (4 pcs) - Mild,50 ml,220,6.0g,28.0g,10.0g,4.5g,380mg
Fafda - Restaurant Style,500 g,220,5.0g,28.0g,10.0g,2.0g,480mg
Croissant - Home Style,200 ml,230,4.5g,26.0g,12.0g,1.5g,210mg
Blueberries - Spicy,100 ml,57,0.7g,14.5g,0.3g,2.4g,1mg
Akki Roti - Mild,200 ml,220,5.0g,40.0g,4.5g,3.0g,290mg
Aglio Olio Pasta - Restaurant Style,300 g,340,8.0g,50.0g,11.0g,3.0g,380mg
Puran Poli (with ghee) - Spicy,200 ml,350,7.5g,58.0g,10.2g,3.5g,45mg
Carrot Cake (1 slice) - Extra Cheese,250 g,310,4.5g,40.0g,15.0g,2.0g,230mg
Shortbread Cookie - Street Style,100 g,105,1.0g,12.0g,6.0g,0.2g,30mg
Honey (1 tbsp) - Restaurant Style,300 g,64,0.1g,17.3g,0g,0g,1mg
Kala Chana - Restaurant Style,100 g,250,13.0g,34.0g,7.0g,9.0g,450mg
Pineapple - Home Style,200 ml,50,0.5g,13.1g,0.1g,1.4g,1mg
Aloo Matar - Spicy,100 g,190,4.5g,20.0g,10.0g,4.0g,410mg
Muffin (Chocolate) - Restaurant Style,200 ml,250,4.0g,34.0g,11.0g,1.5g,190mg
Aglio Olio Pasta,300 g,340,8.0g,50.0g,11.0g,3.0g,380mg
Croissant (Chocolate) - Spicy,150 g,280,5.0g,30.0g,16.0g,1.5g,230mg
Chicken Pasta - Extra Cheese,100 ml,420,22.0g,48.0g,16.0g,2.5g,590mg
Dates (Khajoor) - Mild,50 ml,90,0.8g,24.0g,0.2g,2.0g,1mg
Milk (Toned) - Extra Cheese,200 g,100,6.6g,9.8g,4.4g,0g,110mg
Avocado - Extra Cheese,100 ml,160,2.0g,8.5g,14.7g,6.7g,7mg
Cluster Beans,150 g,41,3.2g,7.7g,0.2g,3.5g,4mg
Dal Baati Churma - Restaurant Style,150 ml,650,18.0g,88.0g,24.0g,10.0g,580mg
French Fries (Medium) - Spicy,500 g,320,4.5g,41.0g,15.5g,3.5g,190mg
Ghee Rice - Mild,50 ml,320,4.0g,50.0g,11.0g,1.0g,310mg
Egg Bhurji - Home Style,200 ml,210,14.0g,4.0g,15.0g,0.5g,420mg
Peach - Restaurant Style,300 g,51,1.2g,12.4g,0.3g,2.0g,0mg
Fish Moilee - Home Style,500 g,360,20.0g,12.0g,25.0g,1.0g,510mg
Veg McNuggets (6 pcs),250 g,230,8.0g,22.0g,12.0g,2.5g,440mg
Pesto Pasta - Spicy,150 ml,400,10.0g,44.0g,21.0g,4.0g,360mg
Butter Cookie (2 pcs) - Mild,100 ml,95,1.0g,12.0g,5.0g,0.2g,30mg
Milk (Buffalo) - Spicy,200 ml,180,7.6g,10.0g,13.0g,0g,130mg
Pesto Pasta - Extra Cheese,300 g,400,10.0g,44.0g,21.0g,4.0g,360mg
Chicken Tikka (6 pcs) - Street Style,500 g,420,42.0g,6.0g,25.0g,0.5g,680mg
Mix Veg - Restaurant Style,200 ml,150,4.0g,18.0g,7.0g,4.5g,390mg
Blueberries - Street Style,300 g,57,0.7g,14.5g,0.3g,2.4g,1mg
Garlic Bread (2 pcs) - Extra Cheese,300 g,260,7.0g,34.0g,11.0g,2.0g,440mg
Rasmalai (2 pcs) - Home Style,100 g,240,6.0g,32.0g,10.0g,0g,70mg
Chicken Pasta - Mild,250 g,420,22.0g,48.0g,16.0g,2.5g,590mg
Chilli Paneer (Gravy) - Street Style,150 ml,390,13.0g,26.0g,26.0g,3.0g,740mg
Sarson ka Saag - Spicy,500 g,220,7.0g,12.0g,16.0g,5.5g,480mg
Cream Crackers (2 pcs) - Home Style,100 g,75,1.2g,10.0g,3.0g,0.5g,70mg
Egg Fried Rice - Extra Cheese,300 g,420,14.0g,60.0g,13.0g,2.0g,750mg
Haryali Tikka,300 g,400,40.0g,10.0g,23.0g,1.0g,660mg
Veg Pulao - Restaurant Style,150 ml,280,6.0g,52.0g,5.5g,3.0g,410mg
Bagel - Home Style,500 g,190,7.0g,36.0g,1.5g,2.0g,280mg
Cupcake (Vanilla) - Street Style,50 ml,210,2.5g,32.0g,8.5g,0.5g,160mg
Oats Porridge - Extra Cheese,200 g,160,6.0g,28.0g,3.0g,4.0g,40mg
Egg Sandwich,300 g,320,14.0g,32.0g,15.0g,2.0g,540mg
Khakhra (1 pc) - Extra Cheese,200 ml,70,2.0g,10.0g,2.5g,1.5g,80mg
Handvo - Street Style,200 ml,210,7.0g,32.0g,7.0g,4.0g,390mg
Sweet Potato - Extra Cheese,100 g,86,1.6g,20.1g,0.1g,3.0g,55mg
Hyderabadi Biryani - Restaurant Style,200 ml,620,30.0g,70.0g,24.0g,2.5g,980mg
Okra (Bhindi) - Extra Cheese,150 g,33,1.9g,7.5g,0.2g,3.2g,7mg
Paneer Paratha - Spicy,100 g,400,12.0g,48.0g,18.0g,3.5g,420mg
Veg Sandwich - Spicy,200 ml,250,8.0g,38.0g,7.0g,4.0g,420mg
Aloo Gobi - Extra Cheese,200 g,170,4.0g,20.0g,8.0g,4.0g,350mg
Veg Korma - Home Style,100 ml,340,7.0g,24.0g,25.0g,4.0g,480mg
BLT Sandwich - Spicy,250 g,430,18.0g,36.0g,24.0g,2.5g,760mg
Sweet Potato - Mild,200 ml,86,1.6g,20.1g,0.1g,3.0g,55mg
Shortbread Cookie - Spicy,200 ml,105,1.0g,12.0g,6.0g,0.2g,30mg
BLT Sandwich - Street Style,300 g,430,18.0g,36.0g,24.0g,2.5g,760mg
Croissant - Extra Cheese,200 g,230,4.5g,26.0g,12.0g,1.5g,210mg
Cucumber - Home Style,200 ml,15,0.7g,3.6g,0.1g,0.5g,2mg
Bhatura - Street Style,50 ml,320,7.0g,42.0g,14.0g,2.0g,410mg
Fruit Chaat - Spicy,150 ml,130,2.0g,30.0g,1.0g,3.5g,40mg
Mutton Biryani - Extra Cheese,200 g,580,32.0g,62.0g,22.0g,1.5g,920mg
Potato,50 ml,77,2.0g,17.5g,0.1g,2.2g,6mg
Pepperoni Pizza (1 slice),50 ml,310,14.0g,33.0g,14.0g,1.5g,680mg
Bhatura - Street Style,150 ml,320,7.0g,42.0g,14.0g,2.0g,410mg
Mayonnaise (1 tbsp) - Street Style,150 ml,94,0.1g,0.1g,10.0g,0g,90mg
Sabudana Khichdi - Restaurant Style,50 ml,250,3.5g,48.0g,5.0g,2.0g,280mg
Peas (Green) - Street Style,150 ml,81,5.4g,14.5g,0.4g,5.1g,5mg
Cheese N Corn Pizza (1 slice),100 ml,290,10.0g,34.0g,13.0g,2.0g,550mg
Patra - Street Style,200 ml,170,3.0g,28.0g,5.5g,3.0g,410mg
Prunes,250 g,70,0.8g,18.5g,0.1g,2.0g,1mg
Chole Masala - Street Style,300 g,280,11.0g,30.0g,12.0g,7.0g,520mg
Chicken Fried Rice - Restaurant Style,150 ml,460,20.0g,58.0g,16.0g,1.5g,780mg
Jowar Roti - Street Style,300 g,200,6.0g,36.0g,3.5g,4.5g,220mg
Poha,200 g,210,4.5g,38.0g,5.0g,3.5g,320mg
Kiwi - Home Style,150 ml,61,1.1g,14.7g,0.5g,3.0g,3mg
Mushroom - Spicy,200 ml,22,3.1g,3.3g,0.3g,1.0g,5mg
Pecans - Extra Cheese,150 g,200,2.5g,4.0g,21.0g,2.5g,0mg
Dal Tadka - Street Style,150 g,210,9.0g,24.0g,9.0g,5.0g,460mg
Dal Baati Churma - Restaurant Style,200 ml,650,18.0g,88.0g,24.0g,10.0g,580mg
Maharaja Mac Veg,500 g,520,16.0g,54.0g,27.0g,4.0g,920mg
Tofu (Soft) - Mild,150 ml,70,7.0g,2.0g,4.0g,0.5g,8mg
Lettuce - Spicy,100 g,15,1.4g,2.9g,0.2g,1.3g,28mg
Passion Fruit - Home Style,200 ml,17,0.4g,4.2g,0.1g,1.8g,5mg
Chicken Tikka Masala - Restaurant Style,150 ml,460,28.0g,14.0g,32.0g,1.5g,780mg
Egg Bhurji - Spicy,200 ml,210,14.0g,4.0g,15.0g,0.5g,420mg
Manchow Soup - Mild,150 ml,90,3.0g,12.0g,3.5g,1.5g,680mg
Onion - Spicy,50 ml,40,1.1g,9.3g,0.1g,1.7g,4mg
Orange - Extra Cheese,300 g,62,1.2g,15.4g,0.2g,3.1g,0mg
McChicken Burger - Mild,200 ml,450,16.0g,44.0g,22.0g,2.0g,780mg
Singapore Noodles - Spicy,250 g,370,9.0g,54.0g,12.5g,3.0g,740mg
Rajasthani Dal - Home Style,50 ml,250,10.5g,26.0g,11.0g,5.5g,510mg
Soya Chaap (2 pcs) - Home Style,100 ml,350,28.0g,20.0g,18.0g,6.0g,490mg
Aloo Gobi - Home Style,150 ml,170,4.0g,20.0g,8.0g,4.0g,350mg
Veg Sandwich - Mild,50 ml,250,8.0g,38.0g,7.0g,4.0g,420mg
Laddu (1 pc) - Home Style,50 ml,150,3.5g,18.0g,7.5g,1.0g,20mg
McChicken Burger - Street Style,250 g,450,16.0g,44.0g,22.0g,2.0g,780mg
Digestive Biscuit (2 pcs) - Street Style,150 g,95,1.5g,13.0g,4.0g,1.0g,60mg
Strawberries - Spicy,200 g,32,0.7g,7.7g,0.3g,2.0g,1mg
Apricots (Dried) - Mild,50 ml,70,1.0g,18.0g,0.1g,2.0g,2mg
Vanilla Cake (1 slice),50 ml,220,3.0g,32.0g,9.0g,0.5g,180mg
Jackfruit - Mild,100 g,95,1.7g,23.3g,0.6g,1.5g,2mg
Yogurt (Plain) - Restaurant Style,500 g,61,3.5g,4.7g,3.3g,0g,40mg
Milk (Skimmed) - Extra Cheese,500 g,68,6.8g,9.8g,0.4g,0g,120mg
Butter Cookie (2 pcs) - Extra Cheese,300 g,95,1.0g,12.0g,5.0g,0.2g,30mg
Sesame Seeds (Til) - Extra Cheese,150 g,90,2.5g,4.0g,8.0g,1.5g,2mg
Paneer Do Pyaza - Spicy,50 ml,430,13.0g,18.0g,34.0g,3.0g,590mg
Bourbon Biscuit (2 pcs) - Restaurant Style,200 g,90,1.0g,12.0g,4.5g,0.5g,35mg
Pumpkin Seeds - Restaurant Style,200 g,160,8.0g,4.0g,13.5g,1.5g,5mg
Peanut Butter (1 tbsp) - Mild,150 ml,95,4.0g,3.5g,8.0g,1.0g,65mg
Oatmeal Cookie - Home Style,200 g,110,2.0g,16.0g,4.5g,1.5g,65mg
Milk (Skimmed) - Street Style,200 g,68,6.8g,9.8g,0.4g,0g,120mg
BBQ Chicken Pizza (1 slice) - Home Style,250 g,350,16.0g,34.0g,17.0g,1.5g,740mg
Mix Veg - Extra Cheese,200 g,150,4.0g,18.0g,7.0g,4.5g,390mg
Soya Pulao,50 ml,310,12.0g,48.0g,8.0g,4.0g,480mg
Lassi (Sweet) - Restaurant Style,250 g,150,4.0g,28.0g,3.0g,0g,80mg
Dal Makhani,250 g,320,12.0g,28.0g,18.0g,6.0g,480mg
Idli (2 pieces) - Spicy,250 g,120,4.0g,24.0g,0.5g,2.0g,280mg
Pongal - Spicy,100 ml,340,8.0g,58.0g,8.5g,3.0g,420mg
Kachori (1 pc) - Mild,150 g,260,5.0g,30.0g,13.0g,2.5g,340mg
Drumstick,250 g,64,2.1g,8.5g,0.2g,3.2g,8mg
Shahi Paneer - Spicy,150 g,490,13.0g,14.0g,42.0g,2.5g,560mg
Dal Makhani - Spicy,50 ml,320,12.0g,28.0g,18.0g,6.0g,480mg
Undhiyu,100 g,280,6.0g,32.0g,14.0g,8.0g,440mg
Dim Sums (4 pcs) - Home Style,250 g,210,8.0g,30.0g,6.0g,2.0g,380mg
Gatte ki Sabzi - Restaurant Style,300 g,260,8.0g,20.0g,16.0g,4.0g,520mg
Tofu Tikka Masala - Street Style,100 g,370,16.0g,16.0g,28.0g,3.5g,620mg
Carrot - Spicy,200 ml,41,0.9g,9.6g,0.2g,2.8g,69mg
Paneer Tikka Masala - Spicy,150 ml,460,15.0g,16.0g,38.0g,2.5g,680mg
Apricots (Dried) - Restaurant Style,200 g,70,1.0g,18.0g,0.1g,2.0g,2mg
Aloo Tikki (2 pcs) - Home Style,150 ml,240,4.0g,32.0g,11.0g,3.0g,420mg
Mix Veg - Mild,200 g,150,4.0g,18.0g,7.0g,4.5g,390mg
Glucose Biscuit (2 pcs) - Home Style,250 g,85,1.0g,14.0g,2.5g,0.3g,50mg
Brown Bread (2 slices) - Mild,250 g,140,6.0g,24.0g,2.0g,3.0g,280mg
Dal Makhani,300 g,320,12.0g,28.0g,18.0g,6.0g,480mg
Shami Kabab (4 pcs) - Restaurant Style,300 g,380,22.0g,16.0g,25.0g,2.0g,540mg
Figs (Anjeer) - Restaurant Style,300 g,75,1.0g,19.0g,0.3g,2.5g,2mg
Pav Bhaji - Mild,100 ml,380,9.0g,52.0g,16.0g,7.0g,620mg
Kaju Katli (2 pcs),200 ml,110,2.0g,14.0g,5.5g,0.2g,10mg
Red Velvet Cake (1 slice) - Extra Cheese,150 g,320,4.5g,42.0g,15.0g,1.0g,220mg
French Fries (Large) - Home Style,200 g,430,6.0g,55.0g,21.0g,4.5g,260mg
Passion Fruit - Street Style,500 g,17,0.4g,4.2g,0.1g,1.8g,5mg
Mango - Extra Cheese,300 g,90,1.4g,22.0g,0.5g,2.6g,1mg
Pad Thai Noodles,500 g,400,10.0g,58.0g,15.0g,3.0g,690mg
Paneer Butter Masala - Restaurant Style,100 ml,450,14.5g,14.0g,36.0g,2.5g,650mg
Soya Chaap (2 pcs),150 ml,350,28.0g,20.0g,18.0g,6.0g,490mg
Paneer Tikka Pizza (1 slice) - Mild,50 ml,325,13.0g,35.0g,14.5g,2.0g,610mg
Rasmalai (2 pcs),300 g,240,6.0g,32.0g,10.0g,0g,70mg
Poha Jalebi - Mild,200 g,380,5.0g,62.0g,13.0g,2.5g,360mg
Apricot,150 ml,17,0.5g,3.9g,0.1g,0.7g,0mg
Watermelon - Extra Cheese,200 g,46,0.9g,11.5g,0.2g,0.6g,1mg
Club Sandwich - Home Style,500 g,450,18.0g,44.0g,22.0g,3.0g,720mg
Alfredo Pasta - Mild,300 g,420,12.0g,46.0g,20.0g,2.0g,520mg
Bitter Gourd - Mild,50 ml,17,1.0g,3.7g,0.2g,2.8g,5mg
Milk Biscuit (2 pcs) - Street Style,150 ml,85,1.5g,12.0g,3.5g,0.3g,45mg
Bottle Gourd - Spicy,100 g,14,0.6g,3.4g,0.1g,0.6g,2mg
Cheese Garlic Bread - Restaurant Style,150 ml,310,11.0g,34.0g,15.0g,2.0g,520mg
Danish Pastry,300 g,280,4.5g,32.0g,15.0g,1.0g,200mg
Cheese Pizza (1 slice) - Street Style,200 ml,300,11.5g,35.0g,13.0g,1.8g,560mg
Chicken McNuggets (6 pcs),500 g,270,15.0g,16.0g,16.0g,1.0g,500mg
Fox Nuts (Makhana) - Street Style,300 g,110,4.5g,20.0g,1.5g,4.0g,8mg
Hyderabadi Biryani - Spicy,100 g,620,30.0g,70.0g,24.0g,2.5g,980mg
Aglio Olio Pasta,250 g,340,8.0g,50.0g,11.0g,3.0g,380mg
Apple - Street Style,300 g,78,0.4g,20.8g,0.2g,3.6g,1mg
Chole Bhature - Extra Cheese,500 g,580,15.0g,78.0g,24.0g,8.0g,890mg
Passion Fruit - Spicy,200 ml,17,0.4g,4.2g,0.1g,1.8g,5mg
McSpicy Chicken Burger - Mild,100 g,510,22.0g,46.0g,27.0g,2.0g,890mg
Poori (2 pieces) - Home Style,300 g,240,4.0g,32.0g,11.0g,1.5g,280mg
Lassi (Sweet) - Mild,200 g,150,4.0g,28.0g,3.0g,0g,80mg
Patra - Home Style,100 g,170,3.0g,28.0g,5.5g,3.0g,410mg
Ragi Mudde - Spicy,250 g,180,5.0g,38.0g,1.5g,4.5g,10mg
Milk (Buffalo) - Home Style,500 g,180,7.6g,10.0g,13.0g,0g,130mg
Cream Crackers (2 pcs) - Mild,200 ml,75,1.2g,10.0g,3.0g,0.5g,70mg
Pani Puri (6 pieces),100 ml,180,3.2g,32.0g,4.8g,2.0g,290mg
Drumstick - Extra Cheese,200 g,64,2.1g,8.5g,0.2g,3.2g,8mg
Gulab Jamun (2 pcs),250 g,200,3.0g,32.0g,7.0g,0.5g,60mg
Schezwan Noodles - Extra Cheese,150 ml,380,8.0g,56.0g,13.0g,3.5g,880mg
French Toast - Mild,200 ml,310,9.0g,32.0g,16.0g,1.0g,350mg
Chilli Tofu - Extra Cheese,100 g,340,14.0g,26.0g,20.0g,3.0g,680mg
Hot and Sour Soup - Mild,500 g,95,3.0g,13.0g,3.5g,1.5g,720mg
Mooli Paratha - Restaurant Style,200 g,310,8.5g,45.0g,11.0g,4.5g,360mg
Chicken Korma,500 g,440,24.0g,16.0g,31.0g,1.5g,650mg
Akki Roti - Home Style,200 g,220,5.0g,40.0g,4.5g,3.0g,290mg
Chicken Curry - Spicy,150 g,380,26.0g,8.0g,27.0g,1.0g,620mg
Dragon Fruit,150 g,60,1.2g,13.0g,0.4g,3.0g,0mg
Pav Bhaji - Restaurant Style,100 g,380,9.0g,52.0g,16.0g,7.0g,620mg
Apricots (Dried) - Home Style,100 ml,70,1.0g,18.0g,0.1g,2.0g,2mg
Veg Biryani - Home Style,200 g,450,10.0g,72.0g,13.0g,5.0g,720mg
Veg Pasta - Restaurant Style,500 g,330,9.0g,50.0g,10.0g,3.5g,460mg
Cabbage - Spicy,50 ml,25,1.3g,5.8g,0.1g,2.5g,18mg
Samosa (1 pc) - Street Style,250 g,210,3.5g,24.0g,11.0g,2.0g,290mg
Litchi - Restaurant Style,100 g,66,0.8g,16.5g,0.4g,1.3g,1mg
Cabbage,200 g,25,1.3g,5.8g,0.1g,2.5g,18mg
Cheese Garlic Bread - Spicy,200 g,310,11.0g,34.0g,15.0g,2.0g,520mg
Pecans - Home Style,200 g,200,2.5g,4.0g,21.0g,2.5g,0mg
Mutton Rogan Josh,50 ml,520,28.0g,10.0g,42.0g,1.0g,680mg
Walnuts (Akhrot) - Restaurant Style,100 ml,196,4.5g,4.0g,19.5g,2.0g,1mg
Jam (1 tbsp) - Home Style,200 ml,55,0.1g,14.0g,0g,0.2g,2mg
Khandvi (4 pcs) - Home Style,200 g,150,5.0g,24.0g,4.0g,2.0g,380mg
Singapore Noodles,200 ml,370,9.0g,54.0g,12.5g,3.0g,740mg
Poha - Mild,100 g,210,4.5g,38.0g,5.0g,3.5g,320mg
Cheese Slice - Mild,300 g,70,4.5g,1.0g,5.5g,0g,180mg
McSpicy Chicken Burger - Extra Cheese,50 ml,510,22.0g,46.0g,27.0g,2.0g,890mg
Soya Chaap (2 pcs) - Restaurant Style,500 g,350,28.0g,20.0g,18.0g,6.0g,490mg
Malai Paneer Tikka,150 ml,420,15.0g,14.0g,34.0g,1.5g,560mg
Pav (Ladi Pav 1 pc) - Mild,100 g,110,3.0g,20.0g,1.5g,1.0g,160mg
Cream Crackers (2 pcs),200 g,75,1.2g,10.0g,3.0g,0.5g,70mg
Rasgulla (2 pcs) - Street Style,300 g,150,4.0g,28.0g,2.5g,0g,35mg
Plain Dosa - Street Style,50 ml,230,5.0g,38.0g,6.0g,2.5g,420mg
Payasam,50 ml,210,5.0g,38.0g,5.0g,0.5g,55mg
Pine Nuts - Home Style,200 ml,190,4.0g,4.0g,19.0g,1.5g,1mg
Medu Vada - Extra Cheese,500 g,270,6.5g,30.0g,14.0g,3.5g,480mg
BLT Sandwich - Home Style,100 g,430,18.0g,36.0g,24.0g,2.5g,760mg
Sambar Vada - Street Style,200 g,310,7.5g,38.0g,14.0g,4.0g,520mg
Brinjal (Eggplant) - Street Style,500 g,25,1.0g,5.9g,0.2g,3.0g,2mg
Brownie (1 piece) - Mild,250 g,220,2.5g,28.0g,11.0g,1.0g,100mg
Dates (Khajoor) - Restaurant Style,100 g,90,0.8g,24.0g,0.2g,2.0g,1mg
Macadamia Nuts - Restaurant Style,50 ml,215,2.5g,4.0g,22.5g,2.5g,1mg
Apple - Restaurant Style,250 g,78,0.4g,20.8g,0.2g,3.6g,1mg
Jeera Rice - Spicy,300 g,240,4.5g,48.0g,3.0g,1.0g,290mg
McAloo Tikki Burger - Street Style,300 g,345,8.0g,48.0g,14.0g,3.5g,650mg
Chicken Tikka (6 pcs) - Home Style,200 ml,420,42.0g,6.0g,25.0g,0.5g,680mg
Jam (1 tbsp),200 ml,55,0.1g,14.0g,0g,0.2g,2mg
Maharaja Mac Veg - Street Style,150 ml,520,16.0g,54.0g,27.0g,4.0g,920mg
Khakhra (1 pc) - Street Style,100 g,70,2.0g,10.0g,2.5g,1.5g,80mg
Goan Fish Curry - Mild,150 ml,330,21.0g,11.0g,22.0g,1.5g,570mg
Kadhi Pakora,100 g,300,10.0g,28.0g,16.0g,3.0g,580mg
Red Velvet Cake (1 slice) - Restaurant Style,100 g,320,4.5g,42.0g,15.0g,1.0g,220mg
Bhel Puri - Street Style,150 g,210,4.0g,40.0g,5.0g,3.5g,340mg
Brown Bread (2 slices) - Restaurant Style,50 ml,140,6.0g,24.0g,2.0g,3.0g,280mg
Upma - Spicy,500 g,280,6.0g,48.0g,7.0g,3.5g,480mg
Banana - Extra Cheese,500 g,105,1.3g,27.0g,0.4g,3.1g,1mg
Chole Masala - Home Style,50 ml,280,11.0g,30.0g,12.0g,7.0g,520mg
Kala Chana - Street Style,200 ml,250,13.0g,34.0g,7.0g,9.0g,450mg
Kesari Bath,50 ml,350,3.0g,62.0g,10.0g,1.0g,15mg
Sesame Seeds (Til) - Street Style,200 ml,90,2.5g,4.0g,8.0g,1.5g,2mg
Akki Roti - Extra Cheese,200 ml,220,5.0g,40.0g,4.5g,3.0g,290mg
Chilli Fish - Extra Cheese,50 ml,410,26.0g,26.0g,24.0g,1.5g,790mg
Macadamia Nuts,300 g,215,2.5g,4.0g,22.5g,2.5g,1mg
Panchmel Dal - Mild,100 ml,240,10.0g,27.0g,10.5g,5.5g,470mg
Mango - Spicy,100 ml,90,1.4g,22.0g,0.5g,2.6g,1mg
Dim Sums (4 pcs) - Street Style,200 ml,210,8.0g,30.0g,6.0g,2.0g,380mg
Dates (Khajoor) - Mild,150 ml,90,0.8g,24.0g,0.2g,2.0g,1mg
Dal Fry - Restaurant Style,200 g,230,9.5g,26.0g,10.0g,5.5g,490mg
Brown Bread (2 slices) - Street Style,200 ml,140,6.0g,24.0g,2.0g,3.0g,280mg
Chicken Lollipop (4 pcs) - Home Style,200 ml,480,28.0g,22.0g,32.0g,1.0g,850mg
French Fries (Medium) - Restaurant Style,100 g,320,4.5g,41.0g,15.5g,3.5g,190mg
Egg Bhurji - Street Style,100 ml,210,14.0g,4.0g,15.0g,0.5g,420mg
Flavored Yogurt (Strawberry) - Spicy,50 ml,110,3.0g,18.0g,2.5g,0g,40mg
Passion Fruit - Home Style,100 ml,17,0.4g,4.2g,0.1g,1.8g,5mg
Bottle Gourd - Restaurant Style,150 ml,14,0.6g,3.4g,0.1g,0.6g,2mg
Tofu Kadai,500 g,360,15.0g,16.0g,26.0g,3.5g,580mg
Honey (1 tbsp) - Spicy,200 ml,64,0.1g,17.3g,0g,0g,1mg
Kadai Paneer - Spicy,150 g,420,12.5g,15.0g,34.0g,3.0g,610mg
Rajma Masala - Mild,100 g,260,12.0g,32.0g,9.0g,8.0g,490mg
Soya Chunk Biryani - Restaurant Style,150 g,480,18.0g,70.0g,15.0g,6.0g,740mg
Tofu (Firm) - Restaurant Style,300 g,145,15.0g,4.0g,8.0g,2.0g,10mg
Sweet Corn Soup,300 g,110,3.5g,18.0g,3.0g,1.5g,520mg
Cheese Spread (1 tbsp) - Extra Cheese,50 ml,45,2.0g,1.5g,3.5g,0g,120mg
Chocolate Cake (1 slice),50 ml,280,4.0g,38.0g,12.0g,1.0g,200mg
Ragda Pattice - Spicy,150 ml,310,8.0g,48.0g,10.0g,6.0g,540mg
Club Sandwich,300 g,450,18.0g,44.0g,22.0g,3.0g,720mg
Veg Extravaganza (1 slice) - Home Style,250 g,320,12.0g,38.0g,13.5g,3.0g,620mg
Grilled Veg Sandwich - Restaurant Style,250 g,290,9.0g,40.0g,10.0g,4.5g,460mg
Vada (2 pieces) - Extra Cheese,250 g,250,6.0g,28.0g,13.0g,3.0g,450mg
Yogurt (Plain) - Restaurant Style,100 ml,61,3.5g,4.7g,3.3g,0g,40mg
Dabeli - Restaurant Style,200 ml,280,6.0g,42.0g,9.0g,3.5g,490mg
Poori Bhaji - Street Style,500 g,410,6.5g,52.0g,19.0g,4.0g,590mg
Chia Seeds - Extra Cheese,200 g,70,2.5g,6.0g,4.5g,5.0g,2mg
Maharaja Mac Chicken - Mild,500 g,580,28.0g,52.0g,30.0g,3.0g,980mg
Chicken Noodle Soup - Home Style,150 ml,160,10.0g,16.0g,6.0g,1.5g,640mg
Soya Chunk Biryani - Street Style,150 g,480,18.0g,70.0g,15.0g,6.0g,740mg
Lemon Rice,150 g,260,4.5g,48.0g,5.5g,2.0g,420mg
Chicken Tikka (6 pcs) - Restaurant Style,200 g,420,42.0g,6.0g,25.0g,0.5g,680mg
Honeydew - Mild,250 g,55,0.8g,14.0g,0.2g,1.2g,18mg
Cheddar Cheese - Mild,200 ml,120,7.0g,0.5g,10.0g,0g,180mg
Egg Masala - Extra Cheese,50 ml,310,13.0g,12.0g,23.0g,1.5g,520mg
Banana - Extra Cheese,100 ml,105,1.3g,27.0g,0.4g,3.1g,1mg
Honeydew - Extra Cheese,100 g,55,0.8g,14.0g,0.2g,1.2g,18mg
White Bread (2 slices) - Street Style,150 ml,160,5.0g,28.0g,2.5g,1.0g,300mg
Kadhi Pakora - Street Style,100 g,300,10.0g,28.0g,16.0g,3.0g,580mg
Dates (Khajoor),50 ml,90,0.8g,24.0g,0.2g,2.0g,1mg
Passion Fruit - Mild,200 ml,17,0.4g,4.2g,0.1g,1.8g,5mg
White Bread (2 slices) - Extra Cheese,300 g,160,5.0g,28.0g,2.5g,1.0g,300mg
Veg Sandwich - Home Style,150 ml,250,8.0g,38.0g,7.0g,4.0g,420mg
Cheese Spread (1 tbsp) - Home Style,200 g,45,2.0g,1.5g,3.5g,0g,120mg
Afghani Chaap - Street Style,300 g,420,24.0g,16.0g,30.0g,3.5g,540mg
Mutton Korma - Restaurant Style,150 ml,540,26.0g,14.0g,43.0g,1.0g,640mg
Papaya - Mild,100 g,59,0.7g,15.0g,0.2g,2.5g,2mg
Tofu Tikka Masala,50 ml,370,16.0g,16.0g,28.0g,3.5g,620mg
Chocolate Cake (1 slice) - Mild,100 ml,280,4.0g,38.0g,12.0g,1.0g,200mg
Chicken Club Sandwich - Extra Cheese,100 ml,500,26.0g,42.0g,25.0g,2.5g,790mg
Cauliflower - Street Style,250 g,25,1.9g,5.0g,0.3g,2.0g,30mg
Butter Chicken - Restaurant Style,200 g,485,22.4g,12.6g,38.2g,1.8g,720mg
Veg McNuggets (6 pcs) - Mild,150 g,230,8.0g,22.0g,12.0g,2.5g,440mg
Oat Milk - Restaurant Style,200 g,90,3.0g,14.0g,3.0g,1.5g,100mg
Pepperoni Pizza (1 slice) - Home Style,200 ml,310,14.0g,33.0g,14.0g,1.5g,680mg
Maharaja Mac Chicken - Mild,100 ml,580,28.0g,52.0g,30.0g,3.0g,980mg
Tuna Sandwich - Home Style,50 ml,380,22.0g,34.0g,18.0g,2.0g,620mg
Paneer Sandwich - Mild,150 ml,340,12.0g,36.0g,16.0g,2.0g,520mg
Dahi Bhalla - Restaurant Style,50 ml,270,6.0g,38.0g,10.0g,3.0g,440mg
Plain Dosa,200 ml,230,5.0g,38.0g,6.0g,2.5g,420mg
Upma - Street Style,200 g,280,6.0g,48.0g,7.0g,3.5g,480mg
Pomegranate - Mild,300 g,83,1.7g,18.7g,1.2g,4.0g,3mg
Tandoori Paneer Tikka - Restaurant Style,150 ml,380,16.0g,12.0g,30.0g,2.0g,540mg
Thepla (1 pc) - Spicy,150 g,110,3.0g,15.0g,4.5g,2.0g,120mg
Veg Pasta - Restaurant Style,250 g,330,9.0g,50.0g,10.0g,3.5g,460mg
Sesame Seeds (Til) - Home Style,200 g,90,2.5g,4.0g,8.0g,1.5g,2mg
Pepperoni Pizza (1 slice) - Home Style,300 g,310,14.0g,33.0g,14.0g,1.5g,680mg
Chocolate Chip Cookie - Spicy,150 ml,120,1.5g,16.0g,6.0g,0.5g,50mg
Salty Lassi,250 g,120,4.0g,20.0g,3.0g,0g,260mg
Sabudana Vada,500 g,230,4.0g,38.0g,7.0g,2.5g,340mg
Veg Biryani - Mild,50 ml,450,10.0g,72.0g,13.0g,5.0g,720mg
Garlic Bread (2 pcs) - Mild,50 ml,260,7.0g,34.0g,11.0g,2.0g,440mg
Aloo Matar - Mild,100 ml,190,4.5g,20.0g,10.0g,4.0g,410mg
Maharaja Mac Veg - Restaurant Style,100 g,520,16.0g,54.0g,27.0g,4.0g,920mg
Dim Sums (4 pcs),200 ml,210,8.0g,30.0g,6.0g,2.0g,380mg
Dhokla (4 pcs) - Street Style,150 ml,180,6.0g,28.0g,5.0g,2.5g,420mg
Aloo Tikki (2 pcs) - Spicy,200 ml,240,4.0g,32.0g,11.0g,3.0g,420mg
Chicken Fried Rice - Spicy,200 g,460,20.0g,58.0g,16.0g,1.5g,780mg
Shortbread Cookie - Extra Cheese,200 ml,105,1.0g,12.0g,6.0g,0.2g,30mg
Plum,200 g,30,0.5g,7.5g,0.2g,0.9g,0mg
Brioche Bun - Spicy,250 g,220,6.0g,28.0g,10.0g,1.0g,230mg
Samosa (1 pc) - Home Style,300 g,210,3.5g,24.0g,11.0g,2.0g,290mg
Bottle Gourd - Restaurant Style,50 ml,14,0.6g,3.4g,0.1g,0.6g,2mg
Aloo Tikki (2 pcs) - Street Style,200 ml,240,4.0g,32.0g,11.0g,3.0g,420mg
Apricots (Dried) - Spicy,250 g,70,1.0g,18.0g,0.1g,2.0g,2mg
Cashews (Kaju),100 ml,160,5.2g,9.0g,12.0g,1.0g,5mg
Bhel Puri - Home Style,200 g,210,4.0g,40.0g,5.0g,3.5g,340mg
Parle Biscuit (2 pcs) - Restaurant Style,100 g,80,1.0g,12.0g,3.0g,0.3g,40mg
Cucumber - Restaurant Style,300 g,15,0.7g,3.6g,0.1g,0.5g,2mg
Fried Rice (Veg) - Home Style,500 g,380,8.0g,62.0g,11.0g,3.0g,720mg
Tomato Soup - Extra Cheese,100 g,80,2.0g,14.0g,2.0g,1.5g,490mg
Macaron (1 pc) - Spicy,50 ml,90,1.5g,12.0g,4.0g,0.2g,15mg
Macadamia Nuts - Extra Cheese,500 g,215,2.5g,4.0g,22.5g,2.5g,1mg
Fried Rice (Veg),100 ml,380,8.0g,62.0g,11.0g,3.0g,720mg
Jowar Roti - Restaurant Style,500 g,200,6.0g,36.0g,3.5g,4.5g,220mg
Sev Puri (6 pieces),50 ml,220,4.0g,34.0g,8.0g,2.5g,350mg
Peanuts (Roasted) - Extra Cheese,200 g,170,7.5g,6.0g,14.0g,2.5g,90mg
Digestive Biscuit (2 pcs),200 g,95,1.5g,13.0g,4.0g,1.0g,60mg
Chow Mein - Mild,150 ml,360,8.5g,50.0g,14.0g,3.0g,750mg
Pomegranate - Spicy,100 g,83,1.7g,18.7g,1.2g,4.0g,3mg
Almond Milk - Street Style,200 g,60,2.0g,8.0g,2.5g,1.0g,150mg
Oats Porridge - Mild,500 g,160,6.0g,28.0g,3.0g,4.0g,40mg
Cucumber - Spicy,200 g,15,0.7g,3.6g,0.1g,0.5g,2mg
Peanuts (Roasted) - Home Style,50 ml,170,7.5g,6.0g,14.0g,2.5g,90mg
Oats Porridge,150 ml,160,6.0g,28.0g,3.0g,4.0g,40mg
Flavored Yogurt (Strawberry),100 g,110,3.0g,18.0g,2.5g,0g,40mg
Cucumber,200 g,15,0.7g,3.6g,0.1g,0.5g,2mg
Dim Sums (4 pcs) - Extra Cheese,100 g,210,8.0g,30.0g,6.0g,2.0g,380mg
Pumpkin Seeds - Extra Cheese,250 g,160,8.0g,4.0g,13.5g,1.5g,5mg
Deluxe Veggie (1 slice) - Extra Cheese,200 ml,295,10.5g,36.0g,12.0g,2.8g,590mg
Pav (Ladi Pav 1 pc),300 g,110,3.0g,20.0g,1.5g,1.0g,160mg
Jackfruit - Mild,150 g,95,1.7g,23.3g,0.6g,1.5g,2mg
Kolkata Biryani - Extra Cheese,200 ml,560,24.0g,72.0g,20.0g,2.5g,890mg
Dahi Puri (6 pieces) - Mild,100 ml,250,5.5g,36.0g,9.0g,2.5g,380mg
Andhra Chicken Curry - Street Style,500 g,390,25.0g,9.0g,28.0g,1.5g,740mg
Garlic Bread (2 pcs),200 ml,260,7.0g,34.0g,11.0g,2.0g,440mg
Salted Butter (1 tbsp),250 g,102,0.1g,0g,11.5g,0g,90mg
Capsicum (Red),50 ml,31,1.0g,6.0g,0.3g,2.1g,4mg
Paneer Biryani - Home Style,200 g,520,14.0g,68.0g,20.0g,4.0g,780mg
Fried Rice (Veg) - Home Style,300 g,380,8.0g,62.0g,11.0g,3.0g,720mg
Cheesecake (1 slice) - Home Style,200 g,350,7.0g,30.0g,22.0g,0.5g,280mg
Tangdi Kabab (2 pcs) - Mild,150 g,440,38.0g,5.0g,29.0g,0.5g,680mg
Cantaloupe - Extra Cheese,100 g,34,0.8g,8.2g,0.2g,0.9g,16mg
Mutton Keema - Restaurant Style,250 g,420,32.0g,6.0g,30.0g,0.5g,620mg
Pav Bhaji - Street Style,500 g,380,9.0g,52.0g,16.0g,7.0g,620mg
Paneer Butter Masala - Spicy,250 g,450,14.5g,14.0g,36.0g,2.5g,650mg
Prawn Curry - Mild,200 g,350,24.0g,9.0g,24.0g,1.0g,580mg
Tofu Korma - Street Style,100 g,340,14.0g,20.0g,24.0g,3.0g,540mg
Kanchipuram Idli - Restaurant Style,500 g,210,5.0g,34.0g,6.0g,2.0g,380mg
Chicken Korma - Street Style,150 ml,440,24.0g,16.0g,31.0g,1.5g,650mg
Shahi Paneer,100 ml,490,13.0g,14.0g,42.0g,2.5g,560mg
Peach,50 ml,51,1.2g,12.4g,0.3g,2.0g,0mg
Papdi Chaat - Street Style,100 g,280,5.0g,42.0g,10.0g,3.5g,460mg
Kadai Chicken - Street Style,100 g,420,27.0g,12.0g,30.0g,1.5g,690mg
Figs (Anjeer) - Extra Cheese,300 g,75,1.0g,19.0g,0.3g,2.5g,2mg
Gatte ki Sabzi - Restaurant Style,500 g,260,8.0g,20.0g,16.0g,4.0g,520mg
Egg Bhurji,300 g,210,14.0g,4.0g,15.0g,0.5g,420mg
Onion - Mild,200 ml,40,1.1g,9.3g,0.1g,1.7g,4mg
Cranberries - Street Style,50 ml,46,0.4g,12.0g,0.1g,4.6g,2mg
Poha Jalebi - Restaurant Style,250 g,380,5.0g,62.0g,13.0g,2.5g,360mg
Prawn Biryani - Street Style,200 g,510,26.0g,64.0g,18.0g,1.5g,880mg
Mutton Rogan Josh - Spicy,100 ml,520,28.0g,10.0g,42.0g,1.0g,680mg
Pink Sauce Pasta - Extra Cheese,150 g,350,9.5g,50.0g,12.0g,3.0g,470mg
Mozzarella Cheese - Restaurant Style,250 g,85,6.0g,1.0g,6.0g,0g,140mg
Bottle Gourd - Spicy,200 ml,14,0.6g,3.4g,0.1g,0.6g,2mg
Guava - Extra Cheese,150 ml,68,2.6g,14.3g,1.0g,5.4g,2mg
Donut (Chocolate) - Restaurant Style,500 g,300,5.0g,34.0g,16.0g,1.0g,240mg
Gobi Manchurian (Dry),100 ml,380,6.0g,42.0g,21.0g,5.0g,680mg
Cupcake (Vanilla),200 ml,210,2.5g,32.0g,8.5g,0.5g,160mg
Ragi Roti - Extra Cheese,100 g,210,6.0g,38.0g,4.0g,5.0g,250mg
Apricots (Dried) - Extra Cheese,150 g,70,1.0g,18.0g,0.1g,2.0g,2mg
Filet-O-Fish - Mild,100 ml,360,15.0g,38.0g,17.0g,1.5g,660mg
Poori Bhaji - Spicy,200 ml,410,6.5g,52.0g,19.0g,4.0g,590mg
Digestive Biscuit (2 pcs) - Home Style,250 g,95,1.5g,13.0g,4.0g,1.0g,60mg
Baingan Bharta - Extra Cheese,200 g,180,3.5g,16.0g,12.0g,5.0g,420mg
Dum Aloo,200 g,240,4.0g,22.0g,15.0g,3.0g,460mg
Deluxe Veggie (1 slice) - Extra Cheese,500 g,295,10.5g,36.0g,12.0g,2.8g,590mg
Malai Chaap (2 pcs) - Spicy,250 g,440,22.0g,18.0g,32.0g,3.0g,560mg
Tandoori Paneer Tikka - Home Style,150 ml,380,16.0g,12.0g,30.0g,2.0g,540mg
McChicken Wrap - Extra Cheese,200 ml,480,18.0g,46.0g,25.0g,2.5g,790mg
French Fries (Medium),150 g,320,4.5g,41.0g,15.5g,3.5g,190mg
Multigrain Bread (2 slices) - Home Style,250 g,150,6.5g,25.0g,2.5g,3.5g,270mg
Focaccia - Street Style,50 ml,230,6.5g,38.0g,6.0g,2.0g,370mg
Blackberries - Home Style,50 ml,43,1.4g,10.0g,0.5g,5.3g,1mg
Rajasthani Dal,200 ml,250,10.5g,26.0g,11.0g,5.5g,510mg
Moong Dal Halwa - Extra Cheese,250 g,350,8.0g,45.0g,16.0g,3.0g,40mg
Chole Bhature - Home Style,200 g,580,15.0g,78.0g,24.0g,8.0g,890mg
Dabeli - Street Style,200 ml,280,6.0g,42.0g,9.0g,3.5g,490mg
Poha - Mild,250 g,210,4.5g,38.0g,5.0g,3.5g,320mg
Garlic Noodles - Restaurant Style,200 ml,350,7.5g,52.0g,12.0g,2.5g,760mg
Spinach - Spicy,150 g,23,2.9g,3.6g,0.4g,2.2g,79mg
Éclair - Spicy,50 ml,240,4.0g,26.0g,13.0g,0.5g,170mg
Mooli Paratha - Spicy,200 ml,310,8.5g,45.0g,11.0g,4.5g,360mg
Red Velvet Cake (1 slice) - Mild,300 g,320,4.5g,42.0g,15.0g,1.0g,220mg
Brioche Bun - Extra Cheese,200 ml,220,6.0g,28.0g,10.0g,1.0g,230mg
Poori (2 pieces) - Street Style,150 ml,240,4.0g,32.0g,11.0g,1.5g,280mg
Chicken Vindaloo - Extra Cheese,150 ml,420,24.0g,12.0g,30.0g,1.5g,820mg
Soan Papdi (2 pcs) - Spicy,150 g,100,1.5g,12.0g,5.5g,0.2g,10mg
Fish Biryani - Spicy,50 ml,500,28.0g,63.0g,17.0g,1.5g,860mg
Aloo Matar - Mild,200 g,190,4.5g,20.0g,10.0g,4.0g,410mg
Hyderabadi Biryani - Extra Cheese,100 ml,620,30.0g,70.0g,24.0g,2.5g,980mg
Puran Poli (with ghee),200 g,350,7.5g,58.0g,10.2g,3.5g,45mg
Undhiyu - Spicy,150 g,280,6.0g,32.0g,14.0g,8.0g,440mg
Dal Baati Churma - Restaurant Style,200 g,650,18.0g,88.0g,24.0g,10.0g,580mg
Veg Spring Roll - Restaurant Style,50 ml,210,4.5g,30.0g,8.5g,3.0g,430mg
Almond Milk - Mild,150 g,60,2.0g,8.0g,2.5g,1.0g,150mg
Coconut Rice,100 g,340,4.0g,44.0g,17.0g,3.0g,280mg
Hung Curd - Home Style,300 g,120,11.0g,5.0g,6.5g,0g,50mg
Khakhra (1 pc) - Street Style,500 g,70,2.0g,10.0g,2.5g,1.5g,80mg
Misal Pav - Mild,200 g,380,14.0g,48.0g,16.0g,7.0g,720mg
McSpicy Paneer Burger - Restaurant Style,100 g,470,14.0g,48.0g,24.0g,2.5g,820mg
Deluxe Veggie (1 slice) - Street Style,200 ml,295,10.5g,36.0g,12.0g,2.8g,590mg
Chicken Tikka (6 pcs),150 ml,420,42.0g,6.0g,25.0g,0.5g,680mg
Sabudana Khichdi - Restaurant Style,500 g,250,3.5g,48.0g,5.0g,2.0g,280mg
Gobi Paratha - Restaurant Style,200 ml,320,9.0g,46.0g,11.0g,5.0g,350mg
Jam (1 tbsp),300 g,55,0.1g,14.0g,0g,0.2g,2mg
Masala Chaas - Mild,300 g,55,2.5g,7.0g,2.0g,0.5g,220mg
Chicken Pasta - Extra Cheese,200 g,420,22.0g,48.0g,16.0g,2.5g,590mg
Mozzarella Cheese - Mild,250 g,85,6.0g,1.0g,6.0g,0g,140mg
Kesari Bath,100 ml,350,3.0g,62.0g,10.0g,1.0g,15mg
Walnuts (Akhrot),100 ml,196,4.5g,4.0g,19.5g,2.0g,1mg
Masala Dosa - Spicy,300 g,315,8.2g,48.5g,9.8g,4.2g,580mg
French Beans,50 ml,31,1.8g,7.0g,0.1g,3.4g,6mg
Prawn Dim Sums - Mild,150 ml,230,13.0g,28.0g,8.0g,1.0g,440mg
Hash Brown - Restaurant Style,200 ml,150,1.5g,16.0g,9.0g,1.5g,280mg
Mint Rice - Spicy,500 g,290,5.5g,48.0g,7.5g,3.0g,460mg
Bataka Vada,200 g,290,6.0g,38.0g,12.0g,3.0g,480mg
Almonds (Badam) - Street Style,200 ml,173,6.0g,6.0g,15.0g,3.5g,0mg
Khandvi (4 pcs) - Home Style,200 ml,150,5.0g,24.0g,4.0g,2.0g,380mg
Cheese N Corn Pizza (1 slice) - Mild,50 ml,290,10.0g,34.0g,13.0g,2.0g,550mg
Veg Biryani - Street Style,500 g,450,10.0g,72.0g,13.0g,5.0g,720mg
Pongal - Mild,150 ml,340,8.0g,58.0g,8.5g,3.0g,420mg
Vada Pav - Restaurant Style,100 g,290,6.5g,38.0g,12.5g,2.5g,520mg
Croissant (Chocolate) - Mild,100 g,280,5.0g,30.0g,16.0g,1.5g,230mg
Chicken Club Sandwich - Spicy,150 g,500,26.0g,42.0g,25.0g,2.5g,790mg
Danish Pastry,300 g,280,4.5g,32.0g,15.0g,1.0g,200mg
Poha Jalebi - Restaurant Style,200 g,380,5.0g,62.0g,13.0g,2.5g,360mg
Dragon Fruit - Home Style,250 g,60,1.2g,13.0g,0.4g,3.0g,0mg
Tofu (Firm) - Spicy,50 ml,145,15.0g,4.0g,8.0g,2.0g,10mg
Malai Tikka (6 pcs) - Mild,250 g,460,38.0g,8.0g,30.0g,0.5g,640mg
Chilli Chicken - Restaurant Style,500 g,450,28.0g,24.0g,28.0g,1.5g,860mg
Kaju Katli (2 pcs) - Spicy,250 g,110,2.0g,14.0g,5.5g,0.2g,10mg
Laddu (1 pc) - Extra Cheese,150 ml,150,3.5g,18.0g,7.5g,1.0g,20mg
Cheese Spread (1 tbsp) - Spicy,150 g,45,2.0g,1.5g,3.5g,0g,120mg
Aloo Matar - Spicy,50 ml,190,4.5g,20.0g,10.0g,4.0g,410mg
Tofu (Soft),100 g,70,7.0g,2.0g,4.0g,0.5g,8mg
Tomato Rice - Home Style,250 g,270,5.0g,50.0g,5.0g,2.5g,490mg
Kanchipuram Idli - Spicy,100 ml,210,5.0g,34.0g,6.0g,2.0g,380mg
Cupcake (Vanilla) - Home Style,150 g,210,2.5g,32.0g,8.5g,0.5g,160mg
Chicken Vindaloo - Home Style,500 g,420,24.0g,12.0g,30.0g,1.5g,820mg
McSpicy Paneer Burger - Home Style,300 g,470,14.0g,48.0g,24.0g,2.5g,820mg
Handvo - Street Style,150 g,210,7.0g,32.0g,7.0g,4.0g,390mg
Tandoori Chicken (2 pcs) - Mild,100 g,480,48.0g,4.0g,30.0g,0g,720mg
Moong Dal Halwa - Extra Cheese,250 g,350,8.0g,45.0g,16.0g,3.0g,40mg
Pumpkin - Restaurant Style,200 g,26,1.0g,6.5g,0.1g,0.5g,1mg
Chicken Vindaloo - Mild,150 ml,420,24.0g,12.0g,30.0g,1.5g,820mg
Bhindi Masala,500 g,160,3.0g,14.0g,10.0g,4.5g,380mg
Panchmel Dal - Mild,200 g,240,10.0g,27.0g,10.5g,5.5g,470mg
Dal Makhani - Home Style,200 g,320,12.0g,28.0g,18.0g,6.0g,480mg
Chole Bhature - Street Style,100 ml,580,15.0g,78.0g,24.0g,8.0g,890mg
Pesto Pasta - Spicy,150 g,400,10.0g,44.0g,21.0g,4.0g,360mg
Fox Nuts (Makhana) - Extra Cheese,100 ml,110,4.5g,20.0g,1.5g,4.0g,8mg
Hide & Seek (2 pcs),250 g,105,1.5g,14.0g,5.0g,0.5g,35mg
Macadamia Nuts - Restaurant Style,150 ml,215,2.5g,4.0g,22.5g,2.5g,1mg
Persimmon - Street Style,500 g,70,0.6g,18.6g,0.2g,3.6g,1mg
Apricots (Dried),100 ml,70,1.0g,18.0g,0.1g,2.0g,2mg
Poori (2 pieces) - Mild,150 g,240,4.0g,32.0g,11.0g,1.5g,280mg
Sabudana Vada - Home Style,100 ml,230,4.0g,38.0g,7.0g,2.5g,340mg
Custard Apple - Spicy,250 g,101,2.1g,23.5g,0.6g,2.4g,4mg
Prunes - Spicy,150 g,70,0.8g,18.5g,0.1g,2.0g,1mg
Sev Puri (6 pieces),50 ml,220,4.0g,34.0g,8.0g,2.5g,350mg
Aloo Paratha - Extra Cheese,100 ml,350,8.0g,48.0g,14.0g,4.0g,380mg
Tangdi Kabab (2 pcs) - Extra Cheese,150 g,440,38.0g,5.0g,29.0g,0.5g,680mg
Jalebi (2 pcs) - Spicy,50 ml,180,2.0g,30.0g,6.0g,0.5g,40mg
Broccoli - Mild,150 g,34,2.8g,6.6g,0.4g,2.6g,33mg
Snake Gourd - Extra Cheese,150 ml,20,0.8g,4.5g,0.2g,1.0g,4mg
Ragi Mudde,100 g,180,5.0g,38.0g,1.5g,4.5g,10mg
Jackfruit - Extra Cheese,100 ml,95,1.7g,23.3g,0.6g,1.5g,2mg
Dum Aloo - Spicy,150 g,240,4.0g,22.0g,15.0g,3.0g,460mg
Passion Fruit - Extra Cheese,150 g,17,0.4g,4.2g,0.1g,1.8g,5mg
Sabudana Khichdi - Mild,50 ml,250,3.5g,48.0g,5.0g,2.0g,280mg
Brownie (1 piece),200 ml,220,2.5g,28.0g,11.0g,1.0g,100mg
Ciabatta - Home Style,150 g,210,7.0g,40.0g,3.0g,2.0g,350mg
Custard Apple - Restaurant Style,50 ml,101,2.1g,23.5g,0.6g,2.4g,4mg
Pumpkin,150 g,26,1.0g,6.5g,0.1g,0.5g,1mg
Hot and Sour Soup - Extra Cheese,100 ml,95,3.0g,13.0g,3.5g,1.5g,720mg
Peanuts (Raw) - Extra Cheese,250 g,160,7.0g,5.0g,14.0g,2.5g,5mg
French Fries (Medium) - Restaurant Style,150 g,320,4.5g,41.0g,15.5g,3.5g,190mg
Soan Papdi (2 pcs) - Home Style,200 ml,100,1.5g,12.0g,5.5g,0.2g,10mg
Chicken Spring Roll - Street Style,100 g,270,12.0g,28.0g,12.0g,2.0g,490mg
Malai Chaap (2 pcs) - Extra Cheese,500 g,440,22.0g,18.0g,32.0g,3.0g,560mg
Flax Seeds (Alsi) - Restaurant Style,300 g,75,2.5g,4.0g,6.0g,4.0g,2mg
Motichoor Laddu - Street Style,500 g,145,3.0g,18.0g,7.0g,0.8g,22mg
Danish Pastry - Restaurant Style,150 ml,280,4.5g,32.0g,15.0g,1.0g,200mg
Jalebi (2 pcs) - Home Style,200 g,180,2.0g,30.0g,6.0g,0.5g,40mg
Ragda Pattice - Home Style,500 g,310,8.0g,48.0g,10.0g,6.0g,540mg
Glucose Biscuit (2 pcs) - Mild,200 ml,85,1.0g,14.0g,2.5g,0.3g,50mg
Chicken Sausage Pizza (1 slice) - Spicy,250 g,330,15.0g,32.0g,16.0g,1.5g,720mg
Dragon Fruit - Restaurant Style,300 g,60,1.2g,13.0g,0.4g,3.0g,0mg
Nutella (1 tbsp),150 ml,100,1.2g,11.0g,5.5g,0.5g,8mg
Hot and Sour Soup - Street Style,100 ml,95,3.0g,13.0g,3.5g,1.5g,720mg
Ragda Pattice - Restaurant Style,150 ml,310,8.0g,48.0g,10.0g,6.0g,540mg
Pav Bhaji - Extra Cheese,150 g,380,9.0g,52.0g,16.0g,7.0g,620mg
Éclair,500 g,240,4.0g,26.0g,13.0g,0.5g,170mg
Lassi (Sweet) - Extra Cheese,150 ml,150,4.0g,28.0g,3.0g,0g,80mg
Oat Milk - Mild,300 g,90,3.0g,14.0g,3.0g,1.5g,100mg
Chicken Lollipop (4 pcs),100 g,480,28.0g,22.0g,32.0g,1.0g,850mg
Capsicum (Red) - Mild,100 ml,31,1.0g,6.0g,0.3g,2.1g,4mg
Chicken Fried Rice - Home Style,100 g,460,20.0g,58.0g,16.0g,1.5g,780mg
Beetroot - Street Style,100 g,43,1.6g,9.6g,0.2g,2.8g,78mg
Moong Dal Halwa - Restaurant Style,300 g,350,8.0g,45.0g,16.0g,3.0g,40mg
Mango Lassi - Home Style,100 ml,180,3.5g,32.0g,4.5g,0.5g,75mg
Veg Korma - Home Style,500 g,340,7.0g,24.0g,25.0g,4.0g,480mg
Veg Extravaganza (1 slice) - Mild,250 g,320,12.0g,38.0g,13.5g,3.0g,620mg
Pumpkin Seeds,500 g,160,8.0g,4.0g,13.5g,1.5g,5mg
Jam (1 tbsp) - Extra Cheese,150 g,55,0.1g,14.0g,0g,0.2g,2mg
Dahi (Curd) - Extra Cheese,100 g,70,3.5g,5.0g,4.0g,0g,45mg
Maharaja Mac Chicken - Extra Cheese,200 ml,580,28.0g,52.0g,30.0g,3.0g,980mg
Cheese Spread (1 tbsp) - Street Style,50 ml,45,2.0g,1.5g,3.5g,0g,120mg
Mohanthal - Restaurant Style,200 ml,240,5.0g,32.0g,11.0g,1.0g,30mg
Celery - Street Style,100 ml,16,0.7g,3.0g,0.2g,1.6g,80mg
Bajra Roti - Spicy,150 ml,210,6.5g,37.0g,4.0g,5.0g,230mg
Aglio Olio Pasta - Street Style,200 g,340,8.0g,50.0g,11.0g,3.0g,380mg
Garlic Bread (2 pcs),500 g,260,7.0g,34.0g,11.0g,2.0g,440mg
Dabeli - Mild,150 ml,280,6.0g,42.0g,9.0g,3.5g,490mg
Glucose Biscuit (2 pcs),200 ml,85,1.0g,14.0g,2.5g,0.3g,50mg
Tofu (Firm),100 g,145,15.0g,4.0g,8.0g,2.0g,10mg
Red Velvet Cake (1 slice) - Mild,150 ml,320,4.5g,42.0g,15.0g,1.0g,220mg
Laddu (1 pc) - Street Style,500 g,150,3.5g,18.0g,7.5g,1.0g,20mg
Chicken Biryani - Mild,100 ml,520,28.0g,65.0g,18.0g,2.0g,890mg
Potato - Restaurant Style,300 g,77,2.0g,17.5g,0.1g,2.2g,6mg
Methi Thepla - Home Style,250 g,115,3.2g,15.5g,4.8g,2.2g,125mg
Muffin (Blueberry) - Street Style,150 g,240,3.5g,36.0g,9.0g,1.5g,180mg
Patra - Restaurant Style,200 ml,170,3.0g,28.0g,5.5g,3.0g,410mg
Good Day (2 pcs),200 g,100,1.2g,13.0g,4.8g,0.4g,40mg
Blackberries - Spicy,300 g,43,1.4g,10.0g,0.5g,5.3g,1mg
Muffin (Blueberry) - Restaurant Style,150 ml,240,3.5g,36.0g,9.0g,1.5g,180mg
Bitter Gourd - Restaurant Style,500 g,17,1.0g,3.7g,0.2g,2.8g,5mg
Hung Curd - Restaurant Style,300 g,120,11.0g,5.0g,6.5g,0g,50mg
McVeggie Wrap - Spicy,200 ml,420,11.0g,48.0g,20.0g,4.0g,720mg
Jackfruit - Mild,250 g,95,1.7g,23.3g,0.6g,1.5g,2mg
Jalebi (2 pcs) - Spicy,100 ml,180,2.0g,30.0g,6.0g,0.5g,40mg
Fruit Chaat,200 g,130,2.0g,30.0g,1.0g,3.5g,40mg
Semiya Upma - Home Style,250 g,240,5.0g,42.0g,5.5g,2.5g,410mg
White Bread (2 slices) - Spicy,100 ml,160,5.0g,28.0g,2.5g,1.0g,300mg
Soya Chaap (2 pcs) - Street Style,100 ml,350,28.0g,20.0g,18.0g,6.0g,490mg
Donut (Chocolate) - Street Style,100 ml,300,5.0g,34.0g,16.0g,1.0g,240mg
Dragon Fruit - Street Style,150 g,60,1.2g,13.0g,0.4g,3.0g,0mg
French Beans,150 ml,31,1.8g,7.0g,0.1g,3.4g,6mg
McSpicy Paneer Burger - Mild,100 ml,470,14.0g,48.0g,24.0g,2.5g,820mg
Bourbon Biscuit (2 pcs) - Restaurant Style,500 g,90,1.0g,12.0g,4.5g,0.5g,35mg
Kanda Bhaji - Extra Cheese,250 g,280,4.0g,32.0g,15.0g,3.0g,460mg
Oat Milk - Spicy,250 g,90,3.0g,14.0g,3.0g,1.5g,100mg
Paneer (Homemade),200 ml,265,18.0g,6.0g,18.0g,0g,150mg
Roasted Chana - Home Style,300 g,120,7.0g,18.0g,3.0g,4.5g,80mg
Glucose Biscuit (2 pcs) - Street Style,300 g,85,1.0g,14.0g,2.5g,0.3g,50mg
Aloo Paratha - Restaurant Style,300 g,350,8.0g,48.0g,14.0g,4.0g,380mg
Arrabbiata Pasta - Restaurant Style,150 g,320,8.5g,52.0g,8.5g,4.5g,510mg
Upma - Extra Cheese,150 ml,280,6.0g,48.0g,7.0g,3.5g,480mg
BBQ Chicken Pizza (1 slice) - Street Style,250 g,350,16.0g,34.0g,17.0g,1.5g,740mg
Pineapple - Spicy,100 g,50,0.5g,13.1g,0.1g,1.4g,1mg
McSpicy Paneer Burger - Restaurant Style,100 g,470,14.0g,48.0g,24.0g,2.5g,820mg
Capsicum (Green),300 g,20,0.9g,4.6g,0.2g,1.7g,3mg
Andhra Chicken Curry - Spicy,150 g,390,25.0g,9.0g,28.0g,1.5g,740mg
Makki di Roti - Restaurant Style,150 g,240,6.5g,38.0g,7.0g,5.0g,260mg
Set Dosa (3 pcs),100 ml,340,8.0g,54.0g,9.0g,4.0g,560mg
Chicken Chettinad - Extra Cheese,200 g,400,26.0g,10.0g,29.0g,2.0g,710mg
Sev Puri (6 pieces) - Extra Cheese,200 ml,220,4.0g,34.0g,8.0g,2.5g,350mg
Tamarind Rice,250 g,280,4.5g,52.0g,5.0g,2.5g,510mg
Chicken Vindaloo,250 g,420,24.0g,12.0g,30.0g,1.5g,820mg
Gobi Manchurian (Gravy) - Spicy,100 ml,350,5.5g,38.0g,19.0g,4.5g,720mg
Orange - Home Style,100 g,62,1.2g,15.4g,0.2g,3.1g,0mg
Aloo Tikki (2 pcs) - Restaurant Style,250 g,240,4.0g,32.0g,11.0g,3.0g,420mg
Cottage Cheese (Paneer) - Home Style,100 g,265,18.0g,6.0g,18.0g,0g,150mg
Rava Dosa - Mild,300 g,290,6.0g,42.0g,10.0g,2.0g,510mg
Prawn Dim Sums - Home Style,50 ml,230,13.0g,28.0g,8.0g,1.0g,440mg
Broccoli - Spicy,150 ml,34,2.8g,6.6g,0.4g,2.6g,33mg
Afghani Chaap - Home Style,200 ml,420,24.0g,16.0g,30.0g,3.5g,540mg
Peas (Green),200 ml,81,5.4g,14.5g,0.4g,5.1g,5mg
Dal Tadka - Home Style,150 ml,210,9.0g,24.0g,9.0g,5.0g,460mg
French Beans - Restaurant Style,100 g,31,1.8g,7.0g,0.1g,3.4g,6mg
Maharaja Mac Veg - Extra Cheese,200 ml,520,16.0g,54.0g,27.0g,4.0g,920mg
Afghani Chaap - Street Style,500 g,420,24.0g,16.0g,30.0g,3.5g,540mg
Garlic Fried Rice - Extra Cheese,300 g,420,8.5g,60.0g,14.0g,2.5g,810mg
Veg Pulao - Restaurant Style,200 ml,280,6.0g,52.0g,5.5g,3.0g,410mg
Onion - Mild,50 ml,40,1.1g,9.3g,0.1g,1.7g,4mg
Milk (Buffalo),200 ml,180,7.6g,10.0g,13.0g,0g,130mg
Matar Pulao,100 ml,290,7.5g,52.0g,6.0g,3.5g,400mg
Motichoor Laddu - Restaurant Style,150 ml,145,3.0g,18.0g,7.0g,0.8g,22mg
Donut (Chocolate) - Street Style,200 g,300,5.0g,34.0g,16.0g,1.0g,240mg
Garlic Fried Rice - Home Style,50 ml,420,8.5g,60.0g,14.0g,2.5g,810mg
Malai Paneer Tikka - Home Style,200 ml,420,15.0g,14.0g,34.0g,1.5g,560mg
Undhiyu,50 ml,280,6.0g,32.0g,14.0g,8.0g,440mg
Cheese Garlic Bread - Home Style,500 g,310,11.0g,34.0g,15.0g,2.0g,520mg
Plum - Street Style,50 ml,30,0.5g,7.5g,0.2g,0.9g,0mg
Chicken Tikka (6 pcs) - Spicy,100 ml,420,42.0g,6.0g,25.0g,0.5g,680mg
Chicken Biryani - Restaurant Style,250 g,520,28.0g,65.0g,18.0g,2.0g,890mg
Cupcake (Vanilla) - Mild,150 ml,210,2.5g,32.0g,8.5g,0.5g,160mg
Sweet Potato - Spicy,100 ml,86,1.6g,20.1g,0.1g,3.0g,55mg
Peanuts (Raw) - Spicy,150 g,160,7.0g,5.0g,14.0g,2.5g,5mg
Fish Biryani - Street Style,200 ml,500,28.0g,63.0g,17.0g,1.5g,860mg
Cheddar Cheese - Extra Cheese,150 ml,120,7.0g,0.5g,10.0g,0g,180mg
Honey (1 tbsp),100 g,64,0.1g,17.3g,0g,0g,1mg
Soya Pulao - Street Style,250 g,310,12.0g,48.0g,8.0g,4.0g,480mg
Chicken Lollipop (4 pcs),50 ml,480,28.0g,22.0g,32.0g,1.0g,850mg
Steamed Rice - Extra Cheese,50 ml,260,5.0g,58.0g,0.5g,1.0g,5mg
Broccoli - Extra Cheese,250 g,34,2.8g,6.6g,0.4g,2.6g,33mg
Grapes,200 g,69,0.7g,18.0g,0.2g,0.9g,2mg
Lucknowi Biryani - Restaurant Style,100 ml,600,28.0g,68.0g,23.0g,2.0g,950mg
Bataka Vada - Mild,200 ml,290,6.0g,38.0g,12.0g,3.0g,480mg
Lobia - Extra Cheese,150 g,240,12.0g,36.0g,6.0g,8.5g,430mg
Goan Fish Curry,50 ml,330,21.0g,11.0g,22.0g,1.5g,570mg
Payasam - Restaurant Style,100 g,210,5.0g,38.0g,5.0g,0.5g,55mg
Undhiyu - Spicy,500 g,280,6.0g,32.0g,14.0g,8.0g,440mg
Onion - Home Style,300 g,40,1.1g,9.3g,0.1g,1.7g,4mg
Butter Chicken - Extra Cheese,100 g,485,22.4g,12.6g,38.2g,1.8g,720mg
Gatte ki Sabzi - Spicy,100 g,260,8.0g,20.0g,16.0g,4.0g,520mg
Mutton Rogan Josh - Street Style,150 g,520,28.0g,10.0g,42.0g,1.0g,680mg
Onion - Restaurant Style,200 g,40,1.1g,9.3g,0.1g,1.7g,4mg
Set Dosa (3 pcs) - Extra Cheese,100 g,340,8.0g,54.0g,9.0g,4.0g,560mg
Strawberries - Street Style,250 g,32,0.7g,7.7g,0.3g,2.0g,1mg
Chicken Spring Roll,50 ml,270,12.0g,28.0g,12.0g,2.0g,490mg
Garlic Fried Rice - Restaurant Style,200 ml,420,8.5g,60.0g,14.0g,2.5g,810mg
Tomato Rice - Mild,100 g,270,5.0g,50.0g,5.0g,2.5g,490mg
Pineapple - Extra Cheese,150 ml,50,0.5g,13.1g,0.1g,1.4g,1mg
Pomegranate - Street Style,100 ml,83,1.7g,18.7g,1.2g,4.0g,3mg
Corn (Sweet) - Street Style,300 g,86,3.3g,19.0g,1.2g,2.7g,15mg
Fish Biryani - Street Style,100 g,500,28.0g,63.0g,17.0g,1.5g,860mg
McVeggie Burger - Spicy,100 ml,380,9.0g,46.0g,17.0g,3.0g,680mg
Almonds (Badam) - Extra Cheese,300 g,173,6.0g,6.0g,15.0g,3.5g,0mg
Almond Milk - Restaurant Style,100 g,60,2.0g,8.0g,2.5g,1.0g,150mg
Grilled Chicken Sandwich - Home Style,150 g,380,24.0g,34.0g,16.0g,2.5g,680mg
Gobi Manchurian (Gravy) - Restaurant Style,100 ml,350,5.5g,38.0g,19.0g,4.5g,720mg
Spinach - Spicy,500 g,23,2.9g,3.6g,0.4g,2.2g,79mg
Celery - Restaurant Style,150 ml,16,0.7g,3.0g,0.2g,1.6g,80mg
Mutton Keema - Restaurant Style,50 ml,420,32.0g,6.0g,30.0g,0.5g,620mg
Raisins (Kishmish) - Mild,300 g,90,1.0g,24.0g,0.1g,1.0g,5mg
Aloo Tikki (2 pcs) - Street Style,100 ml,240,4.0g,32.0g,11.0g,3.0g,420mg
Thatte Idli - Home Style,250 g,200,5.5g,36.0g,4.5g,2.5g,360mg
Capsicum (Yellow) - Street Style,300 g,27,1.0g,6.3g,0.2g,1.8g,3mg
Bottle Gourd,300 g,14,0.6g,3.4g,0.1g,0.6g,2mg
Gobi Manchurian (Dry) - Street Style,100 g,380,6.0g,42.0g,21.0g,5.0g,680mg
Flavored Yogurt (Mango) - Mild,150 g,115,3.0g,19.0g,2.5g,0g,40mg
Tofu Matar - Restaurant Style,100 g,280,15.0g,18.0g,16.0g,4.0g,480mg
Chicken Vindaloo - Spicy,150 ml,420,24.0g,12.0g,30.0g,1.5g,820mg
Chicken Chettinad - Street Style,250 g,400,26.0g,10.0g,29.0g,2.0g,710mg
Lobia - Mild,200 ml,240,12.0g,36.0g,6.0g,8.5g,430mg
Pineapple - Street Style,250 g,50,0.5g,13.1g,0.1g,1.4g,1mg
Parle Biscuit (2 pcs),250 g,80,1.0g,12.0g,3.0g,0.3g,40mg
Matar Paneer - Extra Cheese,150 g,380,12.0g,16.0g,29.0g,3.5g,540mg
Goan Fish Curry - Extra Cheese,200 g,330,21.0g,11.0g,22.0g,1.5g,570mg
Prawn Dim Sums - Street Style,250 g,230,13.0g,28.0g,8.0g,1.0g,440mg
Veg Sandwich - Street Style,150 ml,250,8.0g,38.0g,7.0g,4.0g,420mg
Handvo - Home Style,300 g,210,7.0g,32.0g,7.0g,4.0g,390mg
Pepperoni Pizza (1 slice),300 g,310,14.0g,33.0g,14.0g,1.5g,680mg
Wonton Soup - Home Style,50 ml,140,8.0g,18.0g,4.5g,1.5g,610mg
Star Fruit - Restaurant Style,300 g,28,0.9g,6.0g,0.3g,2.5g,2mg
Pumpkin,150 g,26,1.0g,6.5g,0.1g,0.5g,1mg
Malai Chaap (2 pcs) - Spicy,200 g,440,22.0g,18.0g,32.0g,3.0g,560mg
Jeera Rice - Street Style,200 g,240,4.5g,48.0g,3.0g,1.0g,290mg
Salty Lassi - Restaurant Style,500 g,120,4.0g,20.0g,3.0g,0g,260mg
Gulab Jamun (2 pcs) - Extra Cheese,200 ml,200,3.0g,32.0g,7.0g,0.5g,60mg
Masala Dosa,150 ml,315,8.2g,48.5g,9.8g,4.2g,580mg
Yogurt (Plain) - Extra Cheese,200 ml,61,3.5g,4.7g,3.3g,0g,40mg
Ragi Mudde - Extra Cheese,200 ml,180,5.0g,38.0g,1.5g,4.5g,10mg
Tofu Kadai - Home Style,500 g,360,15.0g,16.0g,26.0g,3.5g,580mg
Dhokla (4 pcs) - Restaurant Style,100 ml,180,6.0g,28.0g,5.0g,2.5g,420mg
Bhindi Masala - Spicy,100 ml,160,3.0g,14.0g,10.0g,4.5g,380mg
Thepla (1 pc) - Restaurant Style,150 g,110,3.0g,15.0g,4.5g,2.0g,120mg
Brownie (1 piece) - Street Style,100 g,220,2.5g,28.0g,11.0g,1.0g,100mg
Aloo Tikki (2 pcs),200 ml,240,4.0g,32.0g,11.0g,3.0g,420mg
Bajra Roti - Spicy,200 ml,210,6.5g,37.0g,4.0g,5.0g,230mg
Gobi Manchurian (Gravy) - Street Style,200 g,350,5.5g,38.0g,19.0g,4.5g,720mg
Tofu (Firm) - Restaurant Style,250 g,145,15.0g,4.0g,8.0g,2.0g,10mg
Peach - Home Style,150 g,51,1.2g,12.4g,0.3g,2.0g,0mg
French Beans - Restaurant Style,500 g,31,1.8g,7.0g,0.1g,3.4g,6mg
Malai Chaap (2 pcs) - Extra Cheese,200 g,440,22.0g,18.0g,32.0g,3.0g,560mg
Flavored Yogurt (Mango) - Street Style,500 g,115,3.0g,19.0g,2.5g,0g,40mg
Sabudana Vada,100 g,230,4.0g,38.0g,7.0g,2.5g,340mg
Prawn Fried Rice - Mild,300 g,440,18.0g,58.0g,15.0g,1.5g,790mg
Onion Dosa - Street Style,250 g,310,6.5g,44.0g,11.5g,2.5g,490mg
Panchmel Dal - Street Style,300 g,240,10.0g,27.0g,10.5g,5.5g,470mg
Khandvi (4 pcs) - Home Style,300 g,150,5.0g,24.0g,4.0g,2.0g,380mg
Chicken Tikka (6 pcs) - Extra Cheese,200 ml,420,42.0g,6.0g,25.0g,0.5g,680mg
Pecans - Mild,50 ml,200,2.5g,4.0g,21.0g,2.5g,0mg
Cinnamon Roll - Street Style,500 g,290,5.0g,42.0g,11.0g,1.5g,250mg
Pistachios (Pista) - Extra Cheese,100 ml,160,5.8g,8.0g,12.5g,3.0g,1mg
Club Sandwich - Spicy,300 g,450,18.0g,44.0g,22.0g,3.0g,720mg
Tofu (Soft),250 g,70,7.0g,2.0g,4.0g,0.5g,8mg
Prawn Biryani - Mild,100 g,510,26.0g,64.0g,18.0g,1.5g,880mg
Samosa (1 pc) - Extra Cheese,300 g,210,3.5g,24.0g,11.0g,2.0g,290mg
Gulab Jamun (2 pcs) - Mild,100 g,200,3.0g,32.0g,7.0g,0.5g,60mg
Pani Puri (6 pieces),500 g,180,3.2g,32.0g,4.8g,2.0g,290mg
Prawn Biryani,250 g,510,26.0g,64.0g,18.0g,1.5g,880mg
Ridge Gourd - Mild,500 g,17,0.8g,3.8g,0.2g,1.2g,3mg
Kala Chana - Home Style,200 g,250,13.0g,34.0g,7.0g,9.0g,450mg
Ciabatta - Mild,200 g,210,7.0g,40.0g,3.0g,2.0g,350mg
Mayonnaise (1 tbsp),100 ml,94,0.1g,0.1g,10.0g,0g,90mg
Chilli Paneer (Dry) - Home Style,100 g,420,14.0g,28.0g,28.0g,3.0g,720mg
Aloo Gobi - Restaurant Style,300 g,170,4.0g,20.0g,8.0g,4.0g,350mg
Celery - Spicy,150 ml,16,0.7g,3.0g,0.2g,1.6g,80mg
Oats Porridge - Mild,250 g,160,6.0g,28.0g,3.0g,4.0g,40mg
Jowar Roti - Home Style,100 ml,200,6.0g,36.0g,3.5g,4.5g,220mg
Mutton Rogan Josh - Street Style,200 ml,520,28.0g,10.0g,42.0g,1.0g,680mg
Chocolate Chip Cookie - Street Style,500 g,120,1.5g,16.0g,6.0g,0.5g,50mg
Soya Chunk Biryani - Home Style,250 g,480,18.0g,70.0g,15.0g,6.0g,740mg
Butter Cookie (2 pcs) - Mild,150 ml,95,1.0g,12.0g,5.0g,0.2g,30mg
Mohanthal - Extra Cheese,150 g,240,5.0g,32.0g,11.0g,1.0g,30mg
Chikki (Peanut Brittle) - Home Style,250 g,140,4.0g,18.0g,6.0g,1.5g,15mg
Capsicum (Yellow) - Street Style,150 ml,27,1.0g,6.3g,0.2g,1.8g,3mg
Pecans - Spicy,200 g,200,2.5g,4.0g,21.0g,2.5g,0mg
Hot and Sour Soup - Restaurant Style,300 g,95,3.0g,13.0g,3.5g,1.5g,720mg
Passion Fruit - Spicy,300 g,17,0.4g,4.2g,0.1g,1.8g,5mg
Malai Tikka (6 pcs) - Extra Cheese,500 g,460,38.0g,8.0g,30.0g,0.5g,640mg
Butter (1 tbsp) - Street Style,150 g,102,0.1g,0g,11.5g,0g,1mg
Ragda Pattice - Mild,250 g,310,8.0g,48.0g,10.0g,6.0g,540mg
Egg Sandwich - Spicy,100 ml,320,14.0g,32.0g,15.0g,2.0g,540mg
Okra (Bhindi) - Restaurant Style,50 ml,33,1.9g,7.5g,0.2g,3.2g,7mg
Mutton Biryani - Extra Cheese,150 ml,580,32.0g,62.0g,22.0g,1.5g,920mg
Plum - Restaurant Style,150 ml,30,0.5g,7.5g,0.2g,0.9g,0mg
Salty Lassi,50 ml,120,4.0g,20.0g,3.0g,0g,260mg
McAloo Tikki Burger - Home Style,200 ml,345,8.0g,48.0g,14.0g,3.5g,650mg
Muffin (Chocolate) - Mild,500 g,250,4.0g,34.0g,11.0g,1.5g,190mg
French Toast - Spicy,100 ml,310,9.0g,32.0g,16.0g,1.0g,350mg
Palak Paneer - Mild,100 g,350,14.0g,12.0g,27.0g,4.0g,490mg
Bhindi Masala - Restaurant Style,500 g,160,3.0g,14.0g,10.0g,4.5g,380mg
Maharaja Mac Veg - Extra Cheese,100 g,520,16.0g,54.0g,27.0g,4.0g,920mg
Ragda Pattice - Spicy,50 ml,310,8.0g,48.0g,10.0g,6.0g,540mg
Guava - Restaurant Style,150 ml,68,2.6g,14.3g,1.0g,5.4g,2mg
Pomegranate - Spicy,100 g,83,1.7g,18.7g,1.2g,4.0g,3mg
Pani Puri (6 pieces) - Restaurant Style,200 g,180,3.2g,32.0g,4.8g,2.0g,290mg
Dal Fry - Street Style,300 g,230,9.5g,26.0g,10.0g,5.5g,490mg
Broccoli - Spicy,100 ml,34,2.8g,6.6g,0.4g,2.6g,33mg
Pear - Restaurant Style,250 g,81,0.6g,21.5g,0.2g,4.6g,1mg
Tofu Bhurji - Street Style,250 g,260,18.0g,10.0g,17.0g,2.5g,490mg
Tofu (Firm) - Restaurant Style,50 ml,145,15.0g,4.0g,8.0g,2.0g,10mg
Jalebi Fafda,50 ml,380,7.0g,50.0g,17.0g,2.5g,520mg
Flavored Yogurt (Mango) - Street Style,250 g,115,3.0g,19.0g,2.5g,0g,40mg
Chicken Tikka Masala - Mild,300 g,460,28.0g,14.0g,32.0g,1.5g,780mg
Lychee - Spicy,150 ml,66,0.8g,16.5g,0.4g,1.3g,1mg
Red Sauce Pasta - Street Style,100 g,310,9.0g,52.0g,8.0g,4.0g,490mg
Motichoor Laddu,100 g,145,3.0g,18.0g,7.0g,0.8g,22mg
Brown Bread (2 slices) - Home Style,200 g,140,6.0g,24.0g,2.0g,3.0g,280mg
Donut (Glazed) - Restaurant Style,200 g,270,4.0g,31.0g,15.0g,1.0g,220mg
Pine Nuts - Extra Cheese,150 g,190,4.0g,4.0g,19.0g,1.5g,1mg
Zucchini,300 g,17,1.2g,3.1g,0.3g,1.0g,8mg
Arrabbiata Pasta - Street Style,250 g,320,8.5g,52.0g,8.5g,4.5g,510mg
Prawn Malai Curry - Spicy,100 ml,420,22.0g,10.0g,32.0g,0.5g,560mg
Pongal - Home Style,150 g,340,8.0g,58.0g,8.5g,3.0g,420mg
Prawn Noodles,200 ml,420,20.0g,50.0g,16.0g,1.5g,840mg
Drumstick,150 ml,64,2.1g,8.5g,0.2g,3.2g,8mg
McVeggie Burger - Extra Cheese,100 g,380,9.0g,46.0g,17.0g,3.0g,680mg
Strawberries - Restaurant Style,200 g,32,0.7g,7.7g,0.3g,2.0g,1mg
Orange - Street Style,250 g,62,1.2g,15.4g,0.2g,3.1g,0mg
White Sauce Pasta - Street Style,150 g,380,10.0g,48.0g,16.0g,2.5g,450mg
Fafda - Home Style,300 g,220,5.0g,28.0g,10.0g,2.0g,480mg
Makki di Roti - Restaurant Style,150 g,240,6.5g,38.0g,7.0g,5.0g,260mg
Palak Paneer,100 ml,350,14.0g,12.0g,27.0g,4.0g,490mg
Jowar Roti - Spicy,150 g,200,6.0g,36.0g,3.5g,4.5g,220mg
Cinnamon Roll - Restaurant Style,250 g,290,5.0g,42.0g,11.0g,1.5g,250mg
French Toast,200 ml,310,9.0g,32.0g,16.0g,1.0g,350mg
Baingan Bharta - Mild,100 g,180,3.5g,16.0g,12.0g,5.0g,420mg
Dal Tadka - Extra Cheese,250 g,210,9.0g,24.0g,9.0g,5.0g,460mg
Broccoli - Home Style,200 g,34,2.8g,6.6g,0.4g,2.6g,33mg
Aloo Matar - Restaurant Style,100 ml,190,4.5g,20.0g,10.0g,4.0g,410mg
Brownie (1 piece) - Mild,100 ml,220,2.5g,28.0g,11.0g,1.0g,100mg
Kanda Bhaji - Home Style,500 g,280,4.0g,32.0g,15.0g,3.0g,460mg
Brown Bread (2 slices) - Restaurant Style,150 ml,140,6.0g,24.0g,2.0g,3.0g,280mg
Bhatura - Mild,250 g,320,7.0g,42.0g,14.0g,2.0g,410mg
Gobi Manchurian (Gravy) - Spicy,200 ml,350,5.5g,38.0g,19.0g,4.5g,720mg
Glucose Biscuit (2 pcs),100 g,85,1.0g,14.0g,2.5g,0.3g,50mg
Bitter Gourd - Restaurant Style,150 g,17,1.0g,3.7g,0.2g,2.8g,5mg
Garlic Fried Rice,100 g,420,8.5g,60.0g,14.0g,2.5g,810mg
Red Velvet Cake (1 slice) - Restaurant Style,150 g,320,4.5g,42.0g,15.0g,1.0g,220mg
Strawberries - Mild,50 ml,32,0.7g,7.7g,0.3g,2.0g,1mg
Veg McNuggets (6 pcs) - Extra Cheese,500 g,230,8.0g,22.0g,12.0g,2.5g,440mg
Chole Masala - Restaurant Style,250 g,280,11.0g,30.0g,12.0g,7.0g,520mg
Sabudana Vada - Extra Cheese,150 ml,230,4.0g,38.0g,7.0g,2.5g,340mg
Masala Chaas - Restaurant Style,500 g,55,2.5g,7.0g,2.0g,0.5g,220mg
Celery,100 g,16,0.7g,3.0g,0.2g,1.6g,80mg
Sarson ka Saag - Restaurant Style,200 g,220,7.0g,12.0g,16.0g,5.5g,480mg
Dahi (Curd) - Mild,100 g,70,3.5g,5.0g,4.0g,0g,45mg
Almonds (Badam) - Restaurant Style,100 ml,173,6.0g,6.0g,15.0g,3.5g,0mg
Onion Dosa - Street Style,50 ml,310,6.5g,44.0g,11.5g,2.5g,490mg
Pumpkin Seeds - Street Style,100 g,160,8.0g,4.0g,13.5g,1.5g,5mg
Mooli Paratha - Home Style,200 g,310,8.5g,45.0g,11.0g,4.5g,360mg
Deluxe Veggie (1 slice) - Extra Cheese,300 g,295,10.5g,36.0g,12.0g,2.8g,590mg
Guava - Spicy,500 g,68,2.6g,14.3g,1.0g,5.4g,2mg
Tofu Butter Masala,150 ml,400,14.0g,14.0g,32.0g,3.5g,590mg
Gobi Paratha - Mild,150 ml,320,9.0g,46.0g,11.0g,5.0g,350mg
Brinjal (Eggplant) - Mild,50 ml,25,1.0g,5.9g,0.2g,3.0g,2mg
Cashews (Kaju) - Restaurant Style,200 ml,160,5.2g,9.0g,12.0g,1.0g,5mg
Veg Sandwich - Home Style,200 ml,250,8.0g,38.0g,7.0g,4.0g,420mg
Veg Pasta - Street Style,150 ml,330,9.0g,50.0g,10.0g,3.5g,460mg
Paneer (Homemade) - Home Style,200 ml,265,18.0g,6.0g,18.0g,0g,150mg
Vanilla Cake (1 slice),200 g,220,3.0g,32.0g,9.0g,0.5g,180mg
Manchow Soup,300 g,90,3.0g,12.0g,3.5g,1.5g,680mg
Prawn Malai Curry - Extra Cheese,200 g,420,22.0g,10.0g,32.0g,0.5g,560mg
Cheese Spread (1 tbsp) - Extra Cheese,100 g,45,2.0g,1.5g,3.5g,0g,120mg
Pecans,250 g,200,2.5g,4.0g,21.0g,2.5g,0mg
Spring Rolls (2 pcs) - Home Style,150 g,220,5.0g,28.0g,10.0g,2.5g,410mg
Singapore Noodles - Street Style,150 g,370,9.0g,54.0g,12.5g,3.0g,740mg
Akki Roti - Street Style,150 ml,220,5.0g,40.0g,4.5g,3.0g,290mg
Egg Biryani - Restaurant Style,200 g,490,18.0g,68.0g,16.0g,2.5g,810mg
Peach,100 g,51,1.2g,12.4g,0.3g,2.0g,0mg
Brazil Nuts - Spicy,300 g,195,4.0g,3.5g,19.5g,2.0g,1mg
Cupcake (Vanilla) - Home Style,150 ml,210,2.5g,32.0g,8.5g,0.5g,160mg
Chicken Tikka Masala - Mild,100 g,460,28.0g,14.0g,32.0g,1.5g,780mg
Singapore Noodles - Mild,200 g,370,9.0g,54.0g,12.5g,3.0g,740mg
Peanut Butter (1 tbsp) - Spicy,300 g,95,4.0g,3.5g,8.0g,1.0g,65mg
Milk (Toned) - Spicy,200 ml,100,6.6g,9.8g,4.4g,0g,110mg
Methi Thepla - Street Style,150 g,115,3.2g,15.5g,4.8g,2.2g,125mg
Croissant - Restaurant Style,150 g,230,4.5g,26.0g,12.0g,1.5g,210mg
Brownie (1 piece) - Extra Cheese,150 ml,220,2.5g,28.0g,11.0g,1.0g,100mg
Sweet Potato,100 g,86,1.6g,20.1g,0.1g,3.0g,55mg
Pineapple - Extra Cheese,250 g,50,0.5g,13.1g,0.1g,1.4g,1mg
Celery - Spicy,200 g,16,0.7g,3.0g,0.2g,1.6g,80mg
Prawn Curry - Street Style,200 ml,350,24.0g,9.0g,24.0g,1.0g,580mg
Matar Paneer - Extra Cheese,250 g,380,12.0g,16.0g,29.0g,3.5g,540mg
Prawn Biryani - Restaurant Style,50 ml,510,26.0g,64.0g,18.0g,1.5g,880mg
Makki di Roti - Mild,500 g,240,6.5g,38.0g,7.0g,5.0g,260mg
Sweet Corn Soup - Mild,150 g,110,3.5g,18.0g,3.0g,1.5g,520mg
Thepla (1 pc),500 g,110,3.0g,15.0g,4.5g,2.0g,120mg
Pomegranate - Restaurant Style,150 g,83,1.7g,18.7g,1.2g,4.0g,3mg
Cluster Beans - Restaurant Style,300 g,41,3.2g,7.7g,0.2g,3.5g,4mg
Celery - Extra Cheese,150 g,16,0.7g,3.0g,0.2g,1.6g,80mg
Khakhra (1 pc),50 ml,70,2.0g,10.0g,2.5g,1.5g,80mg
Tofu Palak - Extra Cheese,200 g,300,16.0g,12.0g,22.0g,4.5g,510mg
Chicken Vindaloo,150 ml,420,24.0g,12.0g,30.0g,1.5g,820mg
Handvo - Street Style,300 g,210,7.0g,32.0g,7.0g,4.0g,390mg
Maharaja Mac Veg - Restaurant Style,100 g,520,16.0g,54.0g,27.0g,4.0g,920mg
Rasgulla (2 pcs) - Street Style,200 ml,150,4.0g,28.0g,2.5g,0g,35mg
Arrabbiata Pasta - Home Style,150 g,320,8.5g,52.0g,8.5g,4.5g,510mg
Moong Dal Halwa - Home Style,50 ml,350,8.0g,45.0g,16.0g,3.0g,40mg
Brown Bread (2 slices) - Street Style,250 g,140,6.0g,24.0g,2.0g,3.0g,280mg
Cheese N Corn Pizza (1 slice) - Extra Cheese,150 ml,290,10.0g,34.0g,13.0g,2.0g,550mg
Veg McNuggets (6 pcs) - Restaurant Style,250 g,230,8.0g,22.0g,12.0g,2.5g,440mg
Soya Chaap (2 pcs) - Street Style,200 g,350,28.0g,20.0g,18.0g,6.0g,490mg
Dragon Fruit - Street Style,50 ml,60,1.2g,13.0g,0.4g,3.0g,0mg
Jam (1 tbsp),150 g,55,0.1g,14.0g,0g,0.2g,2mg
Aloo Gobi,500 g,170,4.0g,20.0g,8.0g,4.0g,350mg
Chicken Tikka (6 pcs) - Extra Cheese,300 g,420,42.0g,6.0g,25.0g,0.5g,680mg
Corn (Sweet) - Restaurant Style,250 g,86,3.3g,19.0g,1.2g,2.7g,15mg
Ridge Gourd - Extra Cheese,150 g,17,0.8g,3.8g,0.2g,1.2g,3mg
Wonton Soup - Extra Cheese,150 ml,140,8.0g,18.0g,4.5g,1.5g,610mg
Mutton Biryani - Street Style,300 g,580,32.0g,62.0g,22.0g,1.5g,920mg
Lettuce - Restaurant Style,500 g,15,1.4g,2.9g,0.2g,1.3g,28mg
Prawn Dim Sums - Mild,200 g,230,13.0g,28.0g,8.0g,1.0g,440mg
BBQ Chicken Pizza (1 slice),100 ml,350,16.0g,34.0g,17.0g,1.5g,740mg
Lucknowi Biryani - Mild,100 g,600,28.0g,68.0g,23.0g,2.0g,950mg
Buttermilk (Chaas) - Home Style,200 g,50,2.5g,6.0g,2.0g,0g,180mg
Paneer Do Pyaza - Spicy,100 ml,430,13.0g,18.0g,34.0g,3.0g,590mg
Prawn Noodles - Spicy,100 ml,420,20.0g,50.0g,16.0g,1.5g,840mg
Pongal - Extra Cheese,200 ml,340,8.0g,58.0g,8.5g,3.0g,420mg
Tofu (Firm) - Restaurant Style,200 ml,145,15.0g,4.0g,8.0g,2.0g,10mg
Veg Extravaganza (1 slice) - Extra Cheese,200 g,320,12.0g,38.0g,13.5g,3.0g,620mg
Pineapple - Mild,500 g,50,0.5g,13.1g,0.1g,1.4g,1mg
Oreo (2 pcs) - Spicy,200 ml,110,1.0g,16.0g,5.0g,0.5g,75mg
Garlic Noodles - Restaurant Style,250 g,350,7.5g,52.0g,12.0g,2.5g,760mg
Paneer Paratha - Street Style,200 ml,400,12.0g,48.0g,18.0g,3.5g,420mg
Hash Brown - Restaurant Style,200 ml,150,1.5g,16.0g,9.0g,1.5g,280mg
Misal Pav,100 g,380,14.0g,48.0g,16.0g,7.0g,720mg
Pecans - Extra Cheese,200 g,200,2.5g,4.0g,21.0g,2.5g,0mg
Ciabatta - Mild,200 g,210,7.0g,40.0g,3.0g,2.0g,350mg
Pink Sauce Pasta - Restaurant Style,100 g,350,9.5g,50.0g,12.0g,3.0g,470mg
Cranberries - Mild,100 ml,46,0.4g,12.0g,0.1g,4.6g,2mg
Grilled Chicken Sandwich - Restaurant Style,100 g,380,24.0g,34.0g,16.0g,2.5g,680mg
Tandoori Chicken (2 pcs) - Restaurant Style,50 ml,480,48.0g,4.0g,30.0g,0g,720mg
Milk (Full Fat) - Mild,100 g,124,6.4g,9.6g,7.0g,0g,100mg
Dum Aloo - Mild,50 ml,240,4.0g,22.0g,15.0g,3.0g,460mg
Cherries - Extra Cheese,200 ml,50,1.0g,12.0g,0.3g,1.6g,0mg
Prawn Fried Rice - Spicy,150 ml,440,18.0g,58.0g,15.0g,1.5g,790mg
Garlic Noodles - Restaurant Style,150 g,350,7.5g,52.0g,12.0g,2.5g,760mg
Sarson ka Saag - Spicy,300 g,220,7.0g,12.0g,16.0g,5.5g,480mg
Ciabatta - Restaurant Style,150 g,210,7.0g,40.0g,3.0g,2.0g,350mg
Jeera Rice - Spicy,50 ml,240,4.5g,48.0g,3.0g,1.0g,290mg
Snake Gourd - Extra Cheese,200 ml,20,0.8g,4.5g,0.2g,1.0g,4mg
Gobi Paratha - Extra Cheese,300 g,320,9.0g,46.0g,11.0g,5.0g,350mg
Cheese Pizza (1 slice) - Home Style,200 g,300,11.5g,35.0g,13.0g,1.8g,560mg
Andhra Chicken Curry,150 ml,390,25.0g,9.0g,28.0g,1.5g,740mg
Makki di Roti - Street Style,100 g,240,6.5g,38.0g,7.0g,5.0g,260mg
Whole Wheat Bread (2 slices) - Street Style,200 ml,145,6.0g,26.0g,2.0g,4.0g,290mg
Chicken Chettinad - Restaurant Style,250 g,400,26.0g,10.0g,29.0g,2.0g,710mg
Deluxe Veggie (1 slice) - Street Style,100 g,295,10.5g,36.0g,12.0g,2.8g,590mg
Focaccia - Extra Cheese,250 g,230,6.5g,38.0g,6.0g,2.0g,370mg
Jeera Rice - Restaurant Style,300 g,240,4.5g,48.0g,3.0g,1.0g,290mg
Paneer Butter Masala - Spicy,100 g,450,14.5g,14.0g,36.0g,2.5g,650mg
Greek Yogurt,200 g,100,10.0g,4.0g,5.0g,0g,35mg
Drumstick - Restaurant Style,150 g,64,2.1g,8.5g,0.2g,3.2g,8mg
Almond Milk - Mild,300 g,60,2.0g,8.0g,2.5g,1.0g,150mg
Aloo Paratha - Street Style,100 g,350,8.0g,48.0g,14.0g,4.0g,380mg
Almond Milk - Restaurant Style,500 g,60,2.0g,8.0g,2.5g,1.0g,150mg
Hara Bhara Kabab (4 pcs) - Home Style,300 g,220,6.0g,28.0g,10.0g,4.5g,380mg
Coconut Rice - Home Style,250 g,340,4.0g,44.0g,17.0g,3.0g,280mg
Mysore Pak (1 pc) - Restaurant Style,150 ml,130,2.0g,16.0g,6.5g,0.2g,15mg
Pav (Ladi Pav 1 pc),100 ml,110,3.0g,20.0g,1.5g,1.0g,160mg
Prawn Biryani - Extra Cheese,200 ml,510,26.0g,64.0g,18.0g,1.5g,880mg
Chilli Chicken - Spicy,150 ml,450,28.0g,24.0g,28.0g,1.5g,860mg
Club Sandwich - Extra Cheese,250 g,450,18.0g,44.0g,22.0g,3.0g,720mg
Jowar Roti - Extra Cheese,250 g,200,6.0g,36.0g,3.5g,4.5g,220mg
Chicken Noodle Soup - Home Style,200 ml,160,10.0g,16.0g,6.0g,1.5g,640mg
Mutton Korma,50 ml,540,26.0g,14.0g,43.0g,1.0g,640mg
Dabeli - Mild,500 g,280,6.0g,42.0g,9.0g,3.5g,490mg
Macaron (1 pc),100 g,90,1.5g,12.0g,4.0g,0.2g,15mg
Chow Mein - Mild,100 g,360,8.5g,50.0g,14.0g,3.0g,750mg
McSpicy Paneer Burger,150 g,470,14.0g,48.0g,24.0g,2.5g,820mg
Samosa (1 pc) - Mild,50 ml,210,3.5g,24.0g,11.0g,2.0g,290mg
Puran Poli (with ghee) - Extra Cheese,100 ml,350,7.5g,58.0g,10.2g,3.5g,45mg
Nalli Nihari - Mild,500 g,560,30.0g,8.0g,46.0g,0.5g,780mg
French Fries (Medium) - Street Style,100 ml,320,4.5g,41.0g,15.5g,3.5g,190mg
Tangdi Kabab (2 pcs) - Street Style,200 ml,440,38.0g,5.0g,29.0g,0.5g,680mg
Capsicum (Green),150 ml,20,0.9g,4.6g,0.2g,1.7g,3mg
Danish Pastry - Spicy,500 g,280,4.5g,32.0g,15.0g,1.0g,200mg
Pongal - Spicy,100 ml,340,8.0g,58.0g,8.5g,3.0g,420mg
Veg Pasta - Street Style,50 ml,330,9.0g,50.0g,10.0g,3.5g,460mg
Mutton Korma - Spicy,500 g,540,26.0g,14.0g,43.0g,1.0g,640mg
Singapore Noodles - Spicy,50 ml,370,9.0g,54.0g,12.5g,3.0g,740mg
Undhiyu - Home Style,50 ml,280,6.0g,32.0g,14.0g,8.0g,440mg
Chole Bhature - Spicy,100 g,580,15.0g,78.0g,24.0g,8.0g,890mg
Peanut Butter (1 tbsp) - Mild,500 g,95,4.0g,3.5g,8.0g,1.0g,65mg
Broccoli - Home Style,250 g,34,2.8g,6.6g,0.4g,2.6g,33mg
Steamed Rice - Spicy,150 g,260,5.0g,58.0g,0.5g,1.0g,5mg
Pav (Ladi Pav 1 pc) - Restaurant Style,150 g,110,3.0g,20.0g,1.5g,1.0g,160mg
Prawn Noodles,150 g,420,20.0g,50.0g,16.0g,1.5g,840mg
Rajma Masala - Street Style,200 ml,260,12.0g,32.0g,9.0g,8.0g,490mg
Cheese Garlic Bread - Home Style,250 g,310,11.0g,34.0g,15.0g,2.0g,520mg
Vanilla Cake (1 slice) - Street Style,500 g,220,3.0g,32.0g,9.0g,0.5g,180mg
Bhel Puri - Spicy,250 g,210,4.0g,40.0g,5.0g,3.5g,340mg
Gobi Manchurian (Gravy) - Restaurant Style,100 g,350,5.5g,38.0g,19.0g,4.5g,720mg
Vada Pav - Mild,100 ml,290,6.5g,38.0g,12.5g,2.5g,520mg
Cinnamon Roll - Home Style,200 g,290,5.0g,42.0g,11.0g,1.5g,250mg
Dhokla (4 pcs) - Mild,200 ml,180,6.0g,28.0g,5.0g,2.5g,420mg
Coconut Rice - Mild,250 g,340,4.0g,44.0g,17.0g,3.0g,280mg
Kanda Bhaji,500 g,280,4.0g,32.0g,15.0g,3.0g,460mg
Shahi Paneer - Street Style,250 g,490,13.0g,14.0g,42.0g,2.5g,560mg
Matar Paneer - Mild,100 ml,380,12.0g,16.0g,29.0g,3.5g,540mg
Flavored Yogurt (Strawberry) - Spicy,250 g,110,3.0g,18.0g,2.5g,0g,40mg
Galouti Kabab (4 pcs) - Mild,50 ml,420,18.0g,14.0g,32.0g,1.5g,480mg
Grilled Chicken Sandwich - Restaurant Style,200 ml,380,24.0g,34.0g,16.0g,2.5g,680mg
Butter Chicken,150 ml,485,22.4g,12.6g,38.2g,1.8g,720mg
Kadhi Pakora - Extra Cheese,100 ml,300,10.0g,28.0g,16.0g,3.0g,580mg
Egg Curry - Street Style,150 g,290,12.0g,10.0g,22.0g,1.5g,490mg
Masala Dosa - Mild,50 ml,315,8.2g,48.5g,9.8g,4.2g,580mg
Lychee - Home Style,50 ml,66,0.8g,16.5g,0.4g,1.3g,1mg
Haryali Tikka,200 ml,400,40.0g,10.0g,23.0g,1.0g,660mg
Papaya - Home Style,300 g,59,0.7g,15.0g,0.2g,2.5g,2mg
Cinnamon Roll - Street Style,150 ml,290,5.0g,42.0g,11.0g,1.5g,250mg
Hyderabadi Biryani,50 ml,620,30.0g,70.0g,24.0g,2.5g,980mg
Kanchipuram Idli - Spicy,500 g,210,5.0g,34.0g,6.0g,2.0g,380mg
Hyderabadi Biryani - Restaurant Style,100 ml,620,30.0g,70.0g,24.0g,2.5g,980mg
Walnuts (Akhrot) - Mild,250 g,196,4.5g,4.0g,19.5g,2.0g,1mg
BLT Sandwich - Restaurant Style,250 g,430,18.0g,36.0g,24.0g,2.5g,760mg
Veg Pulao - Street Style,150 g,280,6.0g,52.0g,5.5g,3.0g,410mg
Peanuts (Roasted) - Home Style,150 ml,170,7.5g,6.0g,14.0g,2.5g,90mg
Dates (Khajoor),50 ml,90,0.8g,24.0g,0.2g,2.0g,1mg
Peanuts (Roasted),150 g,170,7.5g,6.0g,14.0g,2.5g,90mg
Kaju Katli (2 pcs) - Home Style,100 ml,110,2.0g,14.0g,5.5g,0.2g,10mg
Orange - Mild,150 ml,62,1.2g,15.4g,0.2g,3.1g,0mg
Chilli Fish - Extra Cheese,500 g,410,26.0g,26.0g,24.0g,1.5g,790mg
Broccoli,150 ml,34,2.8g,6.6g,0.4g,2.6g,33mg
Chilli Paneer (Gravy) - Restaurant Style,50 ml,390,13.0g,26.0g,26.0g,3.0g,740mg
Mooli Paratha - Home Style,50 ml,310,8.5g,45.0g,11.0g,4.5g,360mg
Lassi (Sweet) - Home Style,300 g,150,4.0g,28.0g,3.0g,0g,80mg
Fig (Fresh) - Home Style,150 g,37,0.4g,9.6g,0.2g,1.4g,1mg
Tofu Palak - Restaurant Style,300 g,300,16.0g,12.0g,22.0g,4.5g,510mg
Veg Noodle Soup - Mild,150 ml,120,4.0g,18.0g,3.5g,2.0g,580mg
Veg Noodles - Street Style,50 ml,320,8.0g,52.0g,8.5g,3.0g,680mg
Hung Curd - Mild,100 ml,120,11.0g,5.0g,6.5g,0g,50mg
Kiwi,100 g,61,1.1g,14.7g,0.5g,3.0g,3mg
Mango Lassi,100 ml,180,3.5g,32.0g,4.5g,0.5g,75mg
Gulab Jamun (2 pcs) - Extra Cheese,100 g,200,3.0g,32.0g,7.0g,0.5g,60mg
Dal Baati Churma - Extra Cheese,150 g,650,18.0g,88.0g,24.0g,10.0g,580mg
Goan Fish Curry - Mild,150 ml,330,21.0g,11.0g,22.0g,1.5g,570mg
Éclair - Extra Cheese,150 g,240,4.0g,26.0g,13.0g,0.5g,170mg
Dahi Puri (6 pieces),300 g,250,5.5g,36.0g,9.0g,2.5g,380mg
Sweet Corn Soup - Extra Cheese,150 ml,110,3.5g,18.0g,3.0g,1.5g,520mg
Hot and Sour Soup - Extra Cheese,50 ml,95,3.0g,13.0g,3.5g,1.5g,720mg
Schezwan Noodles - Spicy,100 ml,380,8.0g,56.0g,13.0g,3.5g,880mg
Cucumber Sandwich - Extra Cheese,250 g,180,5.0g,30.0g,4.5g,3.0g,310mg
Figs (Anjeer) - Restaurant Style,50 ml,75,1.0g,19.0g,0.3g,2.5g,2mg
Chilli Tofu - Restaurant Style,200 g,340,14.0g,26.0g,20.0g,3.0g,680mg
Brown Bread (2 slices) - Mild,50 ml,140,6.0g,24.0g,2.0g,3.0g,280mg
Aloo Gobi - Restaurant Style,50 ml,170,4.0g,20.0g,8.0g,4.0g,350mg
Marie Biscuit (4 pcs) - Restaurant Style,100 ml,90,1.5g,14.0g,3.0g,0.5g,60mg
Pineapple Cake (1 slice) - Street Style,150 g,260,3.0g,38.0g,10.0g,0.8g,170mg
Cinnamon Roll - Mild,300 g,290,5.0g,42.0g,11.0g,1.5g,250mg
Egg Biryani - Mild,100 g,490,18.0g,68.0g,16.0g,2.5g,810mg
Raj Kachori - Mild,150 ml,350,7.0g,48.0g,15.0g,4.5g,520mg
Veg Biryani - Extra Cheese,100 g,450,10.0g,72.0g,13.0g,5.0g,720mg
Tangdi Kabab (2 pcs) - Street Style,500 g,440,38.0g,5.0g,29.0g,0.5g,680mg
Goan Fish Curry - Extra Cheese,150 ml,330,21.0g,11.0g,22.0g,1.5g,570mg
Pistachios (Pista) - Street Style,150 g,160,5.8g,8.0g,12.5g,3.0g,1mg
Sweet Corn Soup - Mild,50 ml,110,3.5g,18.0g,3.0g,1.5g,520mg
McSpicy Paneer Burger - Extra Cheese,200 g,470,14.0g,48.0g,24.0g,2.5g,820mg
Club Sandwich - Restaurant Style,300 g,450,18.0g,44.0g,22.0g,3.0g,720mg
Parle Biscuit (2 pcs) - Mild,500 g,80,1.0g,12.0g,3.0g,0.3g,40mg
Prawn Malai Curry,250 g,420,22.0g,10.0g,32.0g,0.5g,560mg
McChicken Wrap - Mild,200 ml,480,18.0g,46.0g,25.0g,2.5g,790mg
Sarson ka Saag - Mild,150 g,220,7.0g,12.0g,16.0g,5.5g,480mg
Rye Bread (2 slices) - Mild,150 g,150,5.5g,28.0g,2.0g,4.0g,310mg
Oatmeal Cookie - Street Style,300 g,110,2.0g,16.0g,4.5g,1.5g,65mg
Paneer Tikka Pizza (1 slice) - Street Style,250 g,325,13.0g,35.0g,14.5g,2.0g,610mg
BLT Sandwich - Home Style,300 g,430,18.0g,36.0g,24.0g,2.5g,760mg
Manchow Soup - Restaurant Style,300 g,90,3.0g,12.0g,3.5g,1.5g,680mg
Cashews (Kaju) - Street Style,100 g,160,5.2g,9.0g,12.0g,1.0g,5mg
Upma - Street Style,100 ml,280,6.0g,48.0g,7.0g,3.5g,480mg
Sunflower Seeds - Home Style,200 ml,175,6.0g,6.0g,15.5g,3.0g,2mg
Sabudana Khichdi - Mild,300 g,250,3.5g,48.0g,5.0g,2.0g,280mg
Mango Lassi - Street Style,100 g,180,3.5g,32.0g,4.5g,0.5g,75mg
Macaron (1 pc) - Restaurant Style,100 g,90,1.5g,12.0g,4.0g,0.2g,15mg
Glucose Biscuit (2 pcs) - Restaurant Style,500 g,85,1.0g,14.0g,2.5g,0.3g,50mg
Mutton Biryani,150 ml,580,32.0g,62.0g,22.0g,1.5g,920mg
Prawn Dim Sums - Street Style,150 ml,230,13.0g,28.0g,8.0g,1.0g,440mg
Paneer Biryani - Restaurant Style,200 ml,520,14.0g,68.0g,20.0g,4.0g,780mg
Malai Tikka (6 pcs) - Spicy,150 g,460,38.0g,8.0g,30.0g,0.5g,640mg
Raj Kachori,250 g,350,7.0g,48.0g,15.0g,4.5g,520mg
Sabudana Khichdi - Street Style,250 g,250,3.5g,48.0g,5.0g,2.0g,280mg
Lucknowi Biryani - Spicy,150 g,600,28.0g,68.0g,23.0g,2.0g,950mg
Cupcake (Vanilla) - Mild,100 g,210,2.5g,32.0g,8.5g,0.5g,160mg
Kadai Paneer - Extra Cheese,300 g,420,12.5g,15.0g,34.0g,3.0g,610mg
Kiwi - Home Style,500 g,61,1.1g,14.7g,0.5g,3.0g,3mg
Jackfruit - Home Style,50 ml,95,1.7g,23.3g,0.6g,1.5g,2mg
Fafda - Spicy,250 g,220,5.0g,28.0g,10.0g,2.0g,480mg
Sesame Seeds (Til) - Mild,50 ml,90,2.5g,4.0g,8.0g,1.5g,2mg
Strawberries - Home Style,200 g,32,0.7g,7.7g,0.3g,2.0g,1mg
Flavored Yogurt (Mango) - Mild,150 g,115,3.0g,19.0g,2.5g,0g,40mg
Chicken Spring Roll - Street Style,100 g,270,12.0g,28.0g,12.0g,2.0g,490mg
Onion - Restaurant Style,200 g,40,1.1g,9.3g,0.1g,1.7g,4mg
Semiya Upma - Extra Cheese,300 g,240,5.0g,42.0g,5.5g,2.5g,410mg
McEgg Burger - Mild,100 g,350,13.0g,40.0g,16.0g,2.0g,590mg
Methi Thepla,200 ml,115,3.2g,15.5g,4.8g,2.2g,125mg
Peanuts (Raw),150 ml,160,7.0g,5.0g,14.0g,2.5g,5mg
Palak Paneer - Extra Cheese,300 g,350,14.0g,12.0g,27.0g,4.0g,490mg
Capsicum (Red) - Extra Cheese,200 ml,31,1.0g,6.0g,0.3g,2.1g,4mg
Veg Spring Roll - Extra Cheese,150 g,210,4.5g,30.0g,8.5g,3.0g,430mg
Ragi Roti - Extra Cheese,500 g,210,6.0g,38.0g,4.0g,5.0g,250mg
Paneer Lababdar - Spicy,100 g,480,14.0g,15.0g,40.0g,2.0g,620mg
Celery - Home Style,100 g,16,0.7g,3.0g,0.2g,1.6g,80mg
Grapes,100 ml,69,0.7g,18.0g,0.2g,0.9g,2mg
Pav (Ladi Pav 1 pc) - Mild,50 ml,110,3.0g,20.0g,1.5g,1.0g,160mg
Jam (1 tbsp),150 g,55,0.1g,14.0g,0g,0.2g,2mg
Cheese Spread (1 tbsp) - Spicy,50 ml,45,2.0g,1.5g,3.5g,0g,120mg
Aloo Tikki (2 pcs) - Mild,150 g,240,4.0g,32.0g,11.0g,3.0g,420mg
Star Fruit - Street Style,50 ml,28,0.9g,6.0g,0.3g,2.5g,2mg
McVeggie Wrap,100 ml,420,11.0g,48.0g,20.0g,4.0g,720mg
Malai Chaap (2 pcs) - Mild,200 ml,440,22.0g,18.0g,32.0g,3.0g,560mg
Broccoli,200 g,34,2.8g,6.6g,0.4g,2.6g,33mg
BBQ Chicken Pizza (1 slice) - Street Style,250 g,350,16.0g,34.0g,17.0g,1.5g,740mg
Hazelnuts - Street Style,300 g,176,4.5g,5.0g,17.0g,3.0g,0mg
Cashews (Kaju) - Spicy,50 ml,160,5.2g,9.0g,12.0g,1.0g,5mg
Pav Bhaji - Mild,100 ml,380,9.0g,52.0g,16.0g,7.0g,620mg
Oreo (2 pcs) - Spicy,300 g,110,1.0g,16.0g,5.0g,0.5g,75mg
Mutter Mushroom - Extra Cheese,100 g,200,5.0g,18.0g,11.0g,4.5g,430mg
Egg Sandwich - Mild,200 g,320,14.0g,32.0g,15.0g,2.0g,540mg
Chicken Pasta - Extra Cheese,50 ml,420,22.0g,48.0g,16.0g,2.5g,590mg
Veg Spring Roll - Extra Cheese,500 g,210,4.5g,30.0g,8.5g,3.0g,430mg
Pongal,100 g,340,8.0g,58.0g,8.5g,3.0g,420mg
Chicken Dim Sums - Street Style,200 g,240,14.0g,28.0g,8.0g,1.5g,420mg
Carrot - Spicy,500 g,41,0.9g,9.6g,0.2g,2.8g,69mg
Chilli Chicken - Mild,200 g,450,28.0g,24.0g,28.0g,1.5g,860mg
Peanut Butter (1 tbsp) - Restaurant Style,50 ml,95,4.0g,3.5g,8.0g,1.0g,65mg
Moong Dal Halwa - Home Style,50 ml,350,8.0g,45.0g,16.0g,3.0g,40mg
Cheese Pizza (1 slice) - Extra Cheese,200 ml,300,11.5g,35.0g,13.0g,1.8g,560mg
Chicken Vindaloo - Home Style,500 g,420,24.0g,12.0g,30.0g,1.5g,820mg
Soya Chunk Biryani - Mild,500 g,480,18.0g,70.0g,15.0g,6.0g,740mg
Salted Butter (1 tbsp) - Extra Cheese,500 g,102,0.1g,0g,11.5g,0g,90mg
Cupcake (Vanilla) - Home Style,100 ml,210,2.5g,32.0g,8.5g,0.5g,160mg
Corn (Sweet) - Home Style,500 g,86,3.3g,19.0g,1.2g,2.7g,15mg
Navratna Korma - Mild,150 g,380,8.0g,22.0g,30.0g,4.5g,520mg
Egg Masala - Home Style,300 g,310,13.0g,12.0g,23.0g,1.5g,520mg
Motichoor Laddu - Spicy,150 ml,145,3.0g,18.0g,7.0g,0.8g,22mg
Misal Pav - Mild,200 ml,380,14.0g,48.0g,16.0g,7.0g,720mg
Pine Nuts - Restaurant Style,100 ml,190,4.0g,4.0g,19.0g,1.5g,1mg
Banana - Home Style,200 ml,105,1.3g,27.0g,0.4g,3.1g,1mg
Cucumber - Street Style,500 g,15,0.7g,3.6g,0.1g,0.5g,2mg
Carrot Cake (1 slice) - Extra Cheese,100 g,310,4.5g,40.0g,15.0g,2.0g,230mg
Grilled Chicken Sandwich - Spicy,200 ml,380,24.0g,34.0g,16.0g,2.5g,680mg
Sesame Seeds (Til) - Spicy,150 ml,90,2.5g,4.0g,8.0g,1.5g,2mg
Aloo Chaat - Spicy,100 ml,220,4.0g,36.0g,7.0g,4.0g,380mg
Egg Sandwich - Street Style,50 ml,320,14.0g,32.0g,15.0g,2.0g,540mg
Tofu (Firm),100 g,145,15.0g,4.0g,8.0g,2.0g,10mg
Rajasthani Dal - Home Style,100 ml,250,10.5g,26.0g,11.0g,5.5g,510mg
Rasgulla (2 pcs) - Mild,250 g,150,4.0g,28.0g,2.5g,0g,35mg
Matar Paneer,100 ml,380,12.0g,16.0g,29.0g,3.5g,540mg
Cluster Beans - Home Style,100 g,41,3.2g,7.7g,0.2g,3.5g,4mg
Capsicum (Yellow) - Street Style,250 g,27,1.0g,6.3g,0.2g,1.8g,3mg
Pani Puri (6 pieces) - Street Style,150 ml,180,3.2g,32.0g,4.8g,2.0g,290mg
Methi Thepla - Restaurant Style,150 g,115,3.2g,15.5g,4.8g,2.2g,125mg
Persimmon - Street Style,100 ml,70,0.6g,18.6g,0.2g,3.6g,1mg
Panchmel Dal - Home Style,150 g,240,10.0g,27.0g,10.5g,5.5g,470mg
Methi Thepla - Street Style,100 ml,115,3.2g,15.5g,4.8g,2.2g,125mg
French Toast - Restaurant Style,150 ml,310,9.0g,32.0g,16.0g,1.0g,350mg
Filet-O-Fish,250 g,360,15.0g,38.0g,17.0g,1.5g,660mg
French Beans - Extra Cheese,300 g,31,1.8g,7.0g,0.1g,3.4g,6mg
Bitter Gourd,300 g,17,1.0g,3.7g,0.2g,2.8g,5mg
Egg Noodles - Spicy,200 g,390,14.0g,52.0g,14.0g,2.0g,780mg
Fish Biryani,500 g,500,28.0g,63.0g,17.0g,1.5g,860mg
Semiya Upma - Restaurant Style,500 g,240,5.0g,42.0g,5.5g,2.5g,410mg
French Fries (Medium) - Mild,500 g,320,4.5g,41.0g,15.5g,3.5g,190mg
Butter Cookie (2 pcs) - Spicy,250 g,95,1.0g,12.0g,5.0g,0.2g,30mg
Ridge Gourd - Spicy,150 g,17,0.8g,3.8g,0.2g,1.2g,3mg
Fish Moilee - Street Style,150 ml,360,20.0g,12.0g,25.0g,1.0g,510mg
Multigrain Bread (2 slices) - Home Style,200 g,150,6.5g,25.0g,2.5g,3.5g,270mg
Poori (2 pieces) - Restaurant Style,150 g,240,4.0g,32.0g,11.0g,1.5g,280mg
Chicken Tikka Masala,300 g,460,28.0g,14.0g,32.0g,1.5g,780mg
Plain Dosa - Spicy,200 g,230,5.0g,38.0g,6.0g,2.5g,420mg
Hara Bhara Kabab (4 pcs) - Restaurant Style,50 ml,220,6.0g,28.0g,10.0g,4.5g,380mg
Masala Dosa - Street Style,300 g,315,8.2g,48.5g,9.8g,4.2g,580mg
Nalli Nihari - Restaurant Style,300 g,560,30.0g,8.0g,46.0g,0.5g,780mg
Chocolate Chip Cookie - Extra Cheese,100 ml,120,1.5g,16.0g,6.0g,0.5g,50mg
Singapore Noodles - Spicy,100 ml,370,9.0g,54.0g,12.5g,3.0g,740mg
Patra - Restaurant Style,100 ml,170,3.0g,28.0g,5.5g,3.0g,410mg
Idli (2 pieces) - Home Style,150 ml,120,4.0g,24.0g,0.5g,2.0g,280mg
Chicken Pasta - Mild,500 g,420,22.0g,48.0g,16.0g,2.5g,590mg
Club Sandwich - Restaurant Style,200 g,450,18.0g,44.0g,22.0g,3.0g,720mg
Tangdi Kabab (2 pcs) - Mild,200 g,440,38.0g,5.0g,29.0g,0.5g,680mg
Almonds (Badam) - Mild,50 ml,173,6.0g,6.0g,15.0g,3.5g,0mg
Pad Thai Noodles - Restaurant Style,100 g,400,10.0g,58.0g,15.0g,3.0g,690mg
Cheese Garlic Bread,500 g,310,11.0g,34.0g,15.0g,2.0g,520mg
Veg Noodles - Home Style,150 g,320,8.0g,52.0g,8.5g,3.0g,680mg
Onion - Spicy,100 g,40,1.1g,9.3g,0.1g,1.7g,4mg
Salted Butter (1 tbsp) - Home Style,300 g,102,0.1g,0g,11.5g,0g,90mg
Dum Aloo - Mild,300 g,240,4.0g,22.0g,15.0g,3.0g,460mg
Pink Sauce Pasta - Spicy,300 g,350,9.5g,50.0g,12.0g,3.0g,470mg
Dim Sums (4 pcs) - Street Style,500 g,210,8.0g,30.0g,6.0g,2.0g,380mg
Cluster Beans - Restaurant Style,150 ml,41,3.2g,7.7g,0.2g,3.5g,4mg
Aloo Paratha - Restaurant Style,150 g,350,8.0g,48.0g,14.0g,4.0g,380mg
Mango - Mild,100 g,90,1.4g,22.0g,0.5g,2.6g,1mg
Focaccia,300 g,230,6.5g,38.0g,6.0g,2.0g,370mg
Puran Poli (with ghee) - Spicy,200 g,350,7.5g,58.0g,10.2g,3.5g,45mg
Malai Chaap (2 pcs) - Spicy,150 ml,440,22.0g,18.0g,32.0g,3.0g,560mg
BBQ Chicken Pizza (1 slice) - Restaurant Style,100 ml,350,16.0g,34.0g,17.0g,1.5g,740mg
Milk (Toned) - Restaurant Style,300 g,100,6.6g,9.8g,4.4g,0g,110mg
Kadhi Pakora - Spicy,100 g,300,10.0g,28.0g,16.0g,3.0g,580mg
Banana - Extra Cheese,250 g,105,1.3g,27.0g,0.4g,3.1g,1mg
Almond Milk - Mild,150 g,60,2.0g,8.0g,2.5g,1.0g,150mg
Nutella (1 tbsp),150 g,100,1.2g,11.0g,5.5g,0.5g,8mg
Prunes - Mild,50 ml,70,0.8g,18.5g,0.1g,2.0g,1mg
Mutton Korma - Street Style,200 ml,540,26.0g,14.0g,43.0g,1.0g,640mg
Aloo Matar - Street Style,300 g,190,4.5g,20.0g,10.0g,4.0g,410mg
Soya Chaap (2 pcs) - Extra Cheese,100 ml,350,28.0g,20.0g,18.0g,6.0g,490mg
Croissant - Home Style,500 g,230,4.5g,26.0g,12.0g,1.5g,210mg
Shami Kabab (4 pcs) - Street Style,500 g,380,22.0g,16.0g,25.0g,2.0g,540mg
Soy Milk - Mild,100 g,80,6.0g,8.0g,4.0g,1.0g,120mg
Fruit Chaat - Street Style,150 g,130,2.0g,30.0g,1.0g,3.5g,40mg
Bhatura - Home Style,100 ml,320,7.0g,42.0g,14.0g,2.0g,410mg
Mutton Rogan Josh - Extra Cheese,500 g,520,28.0g,10.0g,42.0g,1.0g,680mg
Arrabbiata Pasta,150 g,320,8.5g,52.0g,8.5g,4.5g,510mg
Egg Sandwich - Street Style,250 g,320,14.0g,32.0g,15.0g,2.0g,540mg
Soya Chunk Biryani - Restaurant Style,100 g,480,18.0g,70.0g,15.0g,6.0g,740mg
Semiya Upma - Home Style,100 g,240,5.0g,42.0g,5.5g,2.5g,410mg
Milk (Full Fat) - Extra Cheese,200 g,124,6.4g,9.6g,7.0g,0g,100mg
Sambar Vada - Mild,50 ml,310,7.5g,38.0g,14.0g,4.0g,520mg
Tofu Matar - Extra Cheese,100 ml,280,15.0g,18.0g,16.0g,4.0g,480mg
McSpicy Chicken Burger - Mild,50 ml,510,22.0g,46.0g,27.0g,2.0g,890mg
Gajar Ka Halwa - Home Style,500 g,260,4.0g,38.0g,10.0g,2.5g,50mg
Blueberries - Street Style,150 ml,57,0.7g,14.5g,0.3g,2.4g,1mg
Fafda - Home Style,100 ml,220,5.0g,28.0g,10.0g,2.0g,480mg
Kesari Bath - Extra Cheese,50 ml,350,3.0g,62.0g,10.0g,1.0g,15mg
Éclair - Mild,250 g,240,4.0g,26.0g,13.0g,0.5g,170mg
Fried Rice (Veg) - Mild,200 ml,380,8.0g,62.0g,11.0g,3.0g,720mg
Kiwi - Home Style,200 ml,61,1.1g,14.7g,0.5g,3.0g,3mg
Chicken Club Sandwich,150 ml,500,26.0g,42.0g,25.0g,2.5g,790mg
Hung Curd - Restaurant Style,300 g,120,11.0g,5.0g,6.5g,0g,50mg
Almond Milk - Restaurant Style,100 g,60,2.0g,8.0g,2.5g,1.0g,150mg
Roasted Chana - Mild,150 g,120,7.0g,18.0g,3.0g,4.5g,80mg
Gobi Paratha - Mild,250 g,320,9.0g,46.0g,11.0g,5.0g,350mg
Kadai Paneer - Street Style,150 ml,420,12.5g,15.0g,34.0g,3.0g,610mg
Flavored Yogurt (Strawberry),300 g,110,3.0g,18.0g,2.5g,0g,40mg
Kiwi - Home Style,100 ml,61,1.1g,14.7g,0.5g,3.0g,3mg
Kiwi,150 g,61,1.1g,14.7g,0.5g,3.0g,3mg
Plain Dosa,200 g,230,5.0g,38.0g,6.0g,2.5g,420mg
Schezwan Fried Rice - Mild,200 ml,440,9.0g,64.0g,15.0g,3.5g,890mg
Mexican Green Wave (1 slice),200 ml,280,9.0g,34.0g,12.0g,3.0g,540mg
Jam (1 tbsp),50 ml,55,0.1g,14.0g,0g,0.2g,2mg
Baingan Bharta - Mild,100 ml,180,3.5g,16.0g,12.0g,5.0g,420mg
Pecans,250 g,200,2.5g,4.0g,21.0g,2.5g,0mg
Gobi Paratha - Spicy,500 g,320,9.0g,46.0g,11.0g,5.0g,350mg
Khakhra (1 pc) - Restaurant Style,50 ml,70,2.0g,10.0g,2.5g,1.5g,80mg
Nutella (1 tbsp) - Mild,150 g,100,1.2g,11.0g,5.5g,0.5g,8mg
Vada (2 pieces) - Spicy,300 g,250,6.0g,28.0g,13.0g,3.0g,450mg
Chicken Noodles - Mild,50 ml,440,22.0g,50.0g,17.0g,2.0g,820mg
Fish Biryani - Extra Cheese,150 g,500,28.0g,63.0g,17.0g,1.5g,860mg
Khandvi (4 pcs) - Mild,100 ml,150,5.0g,24.0g,4.0g,2.0g,380mg
Hide & Seek (2 pcs) - Home Style,300 g,105,1.5g,14.0g,5.0g,0.5g,35mg
Tofu (Firm) - Extra Cheese,50 ml,145,15.0g,4.0g,8.0g,2.0g,10mg
Bhel Puri - Mild,200 ml,210,4.0g,40.0g,5.0g,3.5g,340mg
Muffin (Chocolate) - Home Style,150 ml,250,4.0g,34.0g,11.0g,1.5g,190mg
Paneer Paratha,100 ml,400,12.0g,48.0g,18.0g,3.5g,420mg
Whole Wheat Bread (2 slices) - Extra Cheese,150 ml,145,6.0g,26.0g,2.0g,4.0g,290mg
Mutter Mushroom - Extra Cheese,100 g,200,5.0g,18.0g,11.0g,4.5g,430mg
Dabeli - Mild,500 g,280,6.0g,42.0g,9.0g,3.5g,490mg
Poori (2 pieces) - Home Style,150 g,240,4.0g,32.0g,11.0g,1.5g,280mg
Nectarine - Home Style,300 g,62,1.5g,15.0g,0.5g,2.4g,0mg
Peanut Butter (1 tbsp),300 g,95,4.0g,3.5g,8.0g,1.0g,65mg
Beetroot - Street Style,150 g,43,1.6g,9.6g,0.2g,2.8g,78mg
Corn (Sweet) - Mild,250 g,86,3.3g,19.0g,1.2g,2.7g,15mg
Pumpkin Seeds,100 ml,160,8.0g,4.0g,13.5g,1.5g,5mg
Chicken Dim Sums - Street Style,200 g,240,14.0g,28.0g,8.0g,1.5g,420mg
Panchmel Dal - Extra Cheese,50 ml,240,10.0g,27.0g,10.5g,5.5g,470mg
Cheese Garlic Bread - Home Style,150 g,310,11.0g,34.0g,15.0g,2.0g,520mg
Pani Puri (6 pieces) - Extra Cheese,250 g,180,3.2g,32.0g,4.8g,2.0g,290mg
Macadamia Nuts - Extra Cheese,500 g,215,2.5g,4.0g,22.5g,2.5g,1mg
Chicken Korma - Extra Cheese,200 g,440,24.0g,16.0g,31.0g,1.5g,650mg
Capsicum (Yellow) - Restaurant Style,250 g,27,1.0g,6.3g,0.2g,1.8g,3mg
Glucose Biscuit (2 pcs) - Mild,100 g,85,1.0g,14.0g,2.5g,0.3g,50mg
Pav Bhaji - Mild,100 ml,380,9.0g,52.0g,16.0g,7.0g,620mg
Matar Paneer - Spicy,200 g,380,12.0g,16.0g,29.0g,3.5g,540mg
Sambar Vada - Mild,200 g,310,7.5g,38.0g,14.0g,4.0g,520mg
Bitter Gourd - Spicy,200 ml,17,1.0g,3.7g,0.2g,2.8g,5mg
Butter Cookie (2 pcs) - Mild,150 g,95,1.0g,12.0g,5.0g,0.2g,30mg
Ridge Gourd - Extra Cheese,200 g,17,0.8g,3.8g,0.2g,1.2g,3mg
Kanchipuram Idli - Extra Cheese,500 g,210,5.0g,34.0g,6.0g,2.0g,380mg
Butterscotch Cake (1 slice),100 g,300,3.5g,40.0g,14.0g,0.5g,190mg
Mac and Cheese - Street Style,100 ml,410,14.0g,48.0g,18.0g,1.5g,560mg
Cabbage - Street Style,200 ml,25,1.3g,5.8g,0.1g,2.5g,18mg
McFlurry Oreo - Home Style,200 g,340,7.0g,48.0g,13.0g,1.0g,140mg
Matar Pulao - Home Style,150 g,290,7.5g,52.0g,6.0g,3.5g,400mg
Kaju Katli (2 pcs) - Street Style,50 ml,110,2.0g,14.0g,5.5g,0.2g,10mg
Hide & Seek (2 pcs) - Spicy,500 g,105,1.5g,14.0g,5.0g,0.5g,35mg
Rye Bread (2 slices) - Restaurant Style,300 g,150,5.5g,28.0g,2.0g,4.0g,310mg
Flavored Yogurt (Mango) - Extra Cheese,200 ml,115,3.0g,19.0g,2.5g,0g,40mg
Croissant (Chocolate) - Spicy,250 g,280,5.0g,30.0g,16.0g,1.5g,230mg
Pecans - Home Style,200 ml,200,2.5g,4.0g,21.0g,2.5g,0mg
Maharaja Mac Veg - Home Style,250 g,520,16.0g,54.0g,27.0g,4.0g,920mg
Undhiyu - Mild,150 ml,280,6.0g,32.0g,14.0g,8.0g,440mg
Kanchipuram Idli,200 ml,210,5.0g,34.0g,6.0g,2.0g,380mg
Rye Bread (2 slices) - Spicy,200 g,150,5.5g,28.0g,2.0g,4.0g,310mg
Chicken Fried Rice - Restaurant Style,500 g,460,20.0g,58.0g,16.0g,1.5g,780mg
Chilli Tofu - Extra Cheese,300 g,340,14.0g,26.0g,20.0g,3.0g,680mg
BLT Sandwich - Extra Cheese,200 g,430,18.0g,36.0g,24.0g,2.5g,760mg
Deluxe Veggie (1 slice) - Mild,100 g,295,10.5g,36.0g,12.0g,2.8g,590mg
McFlurry KitKat - Restaurant Style,50 ml,350,7.5g,49.0g,14.0g,1.0g,150mg
Moong Dal Halwa - Spicy,150 ml,350,8.0g,45.0g,16.0g,3.0g,40mg
Raisins (Kishmish) - Street Style,50 ml,90,1.0g,24.0g,0.1g,1.0g,5mg
Spinach - Spicy,150 ml,23,2.9g,3.6g,0.4g,2.2g,79mg
Dragon Fruit - Spicy,150 g,60,1.2g,13.0g,0.4g,3.0g,0mg
Jeera Rice - Street Style,300 g,240,4.5g,48.0g,3.0g,1.0g,290mg
Haryali Tikka - Spicy,200 ml,400,40.0g,10.0g,23.0g,1.0g,660mg
Goan Fish Curry - Home Style,200 ml,330,21.0g,11.0g,22.0g,1.5g,570mg
Prawn Malai Curry - Home Style,300 g,420,22.0g,10.0g,32.0g,0.5g,560mg
Peas (Green),200 g,81,5.4g,14.5g,0.4g,5.1g,5mg
Bhatura - Home Style,50 ml,320,7.0g,42.0g,14.0g,2.0g,410mg
Aloo Gobi,50 ml,170,4.0g,20.0g,8.0g,4.0g,350mg
Galouti Kabab (4 pcs) - Restaurant Style,200 g,420,18.0g,14.0g,32.0g,1.5g,480mg
Chicken Curry - Spicy,100 ml,380,26.0g,8.0g,27.0g,1.0g,620mg
Malai Chaap (2 pcs),100 ml,440,22.0g,18.0g,32.0g,3.0g,560mg
Rajasthani Dal - Home Style,100 ml,250,10.5g,26.0g,11.0g,5.5g,510mg
Kaju Katli (2 pcs) - Street Style,150 ml,110,2.0g,14.0g,5.5g,0.2g,10mg
Upma - Extra Cheese,100 g,280,6.0g,48.0g,7.0g,3.5g,480mg
Ragi Roti,150 g,210,6.0g,38.0g,4.0g,5.0g,250mg
Cinnamon Roll - Restaurant Style,150 ml,290,5.0g,42.0g,11.0g,1.5g,250mg
Wonton Soup,100 g,140,8.0g,18.0g,4.5g,1.5g,610mg
Croissant,250 g,230,4.5g,26.0g,12.0g,1.5g,210mg
Maharaja Mac Chicken - Home Style,150 ml,580,28.0g,52.0g,30.0g,3.0g,980mg
Kanda Bhaji - Street Style,100 g,280,4.0g,32.0g,15.0g,3.0g,460mg
Peas (Green) - Street Style,100 g,81,5.4g,14.5g,0.4g,5.1g,5mg
Brinjal (Eggplant) - Extra Cheese,150 ml,25,1.0g,5.9g,0.2g,3.0g,2mg
Croissant (Chocolate) - Street Style,200 g,280,5.0g,30.0g,16.0g,1.5g,230mg
Veg Korma,200 g,340,7.0g,24.0g,25.0g,4.0g,480mg
Tofu Palak - Spicy,200 g,300,16.0g,12.0g,22.0g,4.5g,510mg
Pongal - Spicy,300 g,340,8.0g,58.0g,8.5g,3.0g,420mg
Mohanthal - Street Style,150 ml,240,5.0g,32.0g,11.0g,1.0g,30mg
Ragi Roti - Restaurant Style,150 ml,210,6.0g,38.0g,4.0g,5.0g,250mg
Kaju Katli (2 pcs) - Mild,100 ml,110,2.0g,14.0g,5.5g,0.2g,10mg
Kolkata Biryani - Street Style,250 g,560,24.0g,72.0g,20.0g,2.5g,890mg
Egg Bhurji,100 ml,210,14.0g,4.0g,15.0g,0.5g,420mg
Beetroot - Restaurant Style,50 ml,43,1.6g,9.6g,0.2g,2.8g,78mg
Egg Noodles,150 ml,390,14.0g,52.0g,14.0g,2.0g,780mg
Veg Pasta - Spicy,150 g,330,9.0g,50.0g,10.0g,3.5g,460mg
Peanuts (Roasted) - Mild,100 g,170,7.5g,6.0g,14.0g,2.5g,90mg
Aloo Gobi - Spicy,500 g,170,4.0g,20.0g,8.0g,4.0g,350mg
Ragda Pattice,200 ml,310,8.0g,48.0g,10.0g,6.0g,540mg
Brinjal (Eggplant) - Mild,50 ml,25,1.0g,5.9g,0.2g,3.0g,2mg
Mooli Paratha - Street Style,100 ml,310,8.5g,45.0g,11.0g,4.5g,360mg
Pumpkin - Street Style,100 g,26,1.0g,6.5g,0.1g,0.5g,1mg
Pedha (2 pcs) - Restaurant Style,150 ml,130,3.0g,18.0g,5.5g,0g,35mg
Milk (Skimmed) - Mild,150 g,68,6.8g,9.8g,0.4g,0g,120mg
Honey (1 tbsp) - Extra Cheese,300 g,64,0.1g,17.3g,0g,0g,1mg
Peanuts (Roasted) - Mild,100 ml,170,7.5g,6.0g,14.0g,2.5g,90mg
Apricot - Home Style,50 ml,17,0.5g,3.9g,0.1g,0.7g,0mg
Dal Baati Churma,150 ml,650,18.0g,88.0g,24.0g,10.0g,580mg
Afghani Chaap - Mild,150 ml,420,24.0g,16.0g,30.0g,3.5g,540mg
Rajma Masala - Restaurant Style,150 ml,260,12.0g,32.0g,9.0g,8.0g,490mg
Egg Curry - Street Style,200 g,290,12.0g,10.0g,22.0g,1.5g,490mg
Chicken Vindaloo - Spicy,150 ml,420,24.0g,12.0g,30.0g,1.5g,820mg
Undhiyu - Spicy,100 g,280,6.0g,32.0g,14.0g,8.0g,440mg
Sarson ka Saag - Restaurant Style,200 ml,220,7.0g,12.0g,16.0g,5.5g,480mg
Khandvi (4 pcs) - Street Style,150 g,150,5.0g,24.0g,4.0g,2.0g,380mg
Puran Poli (with ghee) - Mild,150 g,350,7.5g,58.0g,10.2g,3.5g,45mg
Blackberries - Mild,150 ml,43,1.4g,10.0g,0.5g,5.3g,1mg
Gujarati Dal - Extra Cheese,200 ml,200,8.0g,28.0g,6.0g,5.0g,440mg
Cottage Cheese (Paneer) - Street Style,250 g,265,18.0g,6.0g,18.0g,0g,150mg
Almond Milk - Extra Cheese,100 g,60,2.0g,8.0g,2.5g,1.0g,150mg
Sabudana Vada,50 ml,230,4.0g,38.0g,7.0g,2.5g,340mg
Pomegranate - Extra Cheese,50 ml,83,1.7g,18.7g,1.2g,4.0g,3mg
Drumstick - Restaurant Style,100 g,64,2.1g,8.5g,0.2g,3.2g,8mg
Papaya - Street Style,500 g,59,0.7g,15.0g,0.2g,2.5g,2mg
Passion Fruit - Restaurant Style,200 ml,17,0.4g,4.2g,0.1g,1.8g,5mg
Motichoor Laddu - Home Style,200 ml,145,3.0g,18.0g,7.0g,0.8g,22mg
Schezwan Fried Rice - Spicy,200 ml,440,9.0g,64.0g,15.0g,3.5g,890mg
Chicken Tikka Masala - Extra Cheese,150 ml,460,28.0g,14.0g,32.0g,1.5g,780mg
Mac and Cheese - Spicy,100 ml,410,14.0g,48.0g,18.0g,1.5g,560mg
Sabudana Vada - Extra Cheese,250 g,230,4.0g,38.0g,7.0g,2.5g,340mg
Spring Rolls (2 pcs) - Spicy,100 ml,220,5.0g,28.0g,10.0g,2.5g,410mg
Club Sandwich - Street Style,150 g,450,18.0g,44.0g,22.0g,3.0g,720mg
Moong Dal Halwa - Home Style,300 g,350,8.0g,45.0g,16.0g,3.0g,40mg
Butter Cookie (2 pcs) - Mild,150 ml,95,1.0g,12.0g,5.0g,0.2g,30mg
Okra (Bhindi) - Spicy,100 ml,33,1.9g,7.5g,0.2g,3.2g,7mg
Veg Biryani - Mild,250 g,450,10.0g,72.0g,13.0g,5.0g,720mg
Manchow Soup - Spicy,150 g,90,3.0g,12.0g,3.5g,1.5g,680mg
Pomegranate - Street Style,200 ml,83,1.7g,18.7g,1.2g,4.0g,3mg
Dahi (Curd) - Spicy,100 g,70,3.5g,5.0g,4.0g,0g,45mg
Bitter Gourd - Restaurant Style,50 ml,17,1.0g,3.7g,0.2g,2.8g,5mg
Veg Noodle Soup - Extra Cheese,150 g,120,4.0g,18.0g,3.5g,2.0g,580mg
Carrot Cake (1 slice) - Street Style,150 g,310,4.5g,40.0g,15.0g,2.0g,230mg
Prawn Malai Curry,500 g,420,22.0g,10.0g,32.0g,0.5g,560mg
Patra - Street Style,100 g,170,3.0g,28.0g,5.5g,3.0g,410mg
Bhel Puri - Street Style,250 g,210,4.0g,40.0g,5.0g,3.5g,340mg
Soan Papdi (2 pcs) - Street Style,200 ml,100,1.5g,12.0g,5.5g,0.2g,10mg
Masala Chaas - Mild,250 g,55,2.5g,7.0g,2.0g,0.5g,220mg
Good Day (2 pcs) - Home Style,250 g,100,1.2g,13.0g,4.8g,0.4g,40mg
Gobi Manchurian (Gravy) - Spicy,150 ml,350,5.5g,38.0g,19.0g,4.5g,720mg
Prawn Fried Rice,150 ml,440,18.0g,58.0g,15.0g,1.5g,790mg
Club Sandwich - Street Style,150 g,450,18.0g,44.0g,22.0g,3.0g,720mg
Onion - Street Style,250 g,40,1.1g,9.3g,0.1g,1.7g,4mg
Chow Mein - Home Style,250 g,360,8.5g,50.0g,14.0g,3.0g,750mg
French Beans - Street Style,150 g,31,1.8g,7.0g,0.1g,3.4g,6mg
Chia Seeds - Mild,150 g,70,2.5g,6.0g,4.5g,5.0g,2mg
Cottage Cheese (Paneer) - Mild,150 g,265,18.0g,6.0g,18.0g,0g,150mg
Egg Masala - Restaurant Style,300 g,310,13.0g,12.0g,23.0g,1.5g,520mg
Prawn Biryani - Spicy,200 ml,510,26.0g,64.0g,18.0g,1.5g,880mg
Cherries - Extra Cheese,150 g,50,1.0g,12.0g,0.3g,1.6g,0mg
Kachori (1 pc) - Spicy,50 ml,260,5.0g,30.0g,13.0g,2.5g,340mg
Poha Jalebi - Home Style,500 g,380,5.0g,62.0g,13.0g,2.5g,360mg
Mix Veg - Restaurant Style,250 g,150,4.0g,18.0g,7.0g,4.5g,390mg
Sabudana Vada,200 g,230,4.0g,38.0g,7.0g,2.5g,340mg
Chicken Sausage Pizza (1 slice) - Street Style,150 g,330,15.0g,32.0g,16.0g,1.5g,720mg
Spinach - Extra Cheese,200 ml,23,2.9g,3.6g,0.4g,2.2g,79mg
Cashews (Kaju) - Home Style,200 g,160,5.2g,9.0g,12.0g,1.0g,5mg
Paneer Biryani - Street Style,100 g,520,14.0g,68.0g,20.0g,4.0g,780mg
Multigrain Bread (2 slices) - Street Style,100 g,150,6.5g,25.0g,2.5g,3.5g,270mg
Macadamia Nuts,200 ml,215,2.5g,4.0g,22.5g,2.5g,1mg
Chicken McNuggets (6 pcs) - Home Style,100 g,270,15.0g,16.0g,16.0g,1.0g,500mg
Sev Puri (6 pieces) - Mild,150 ml,220,4.0g,34.0g,8.0g,2.5g,350mg
Okra (Bhindi) - Street Style,150 ml,33,1.9g,7.5g,0.2g,3.2g,7mg
Brazil Nuts - Street Style,200 ml,195,4.0g,3.5g,19.5g,2.0g,1mg
Paneer Butter Masala - Street Style,100 g,450,14.5g,14.0g,36.0g,2.5g,650mg
Ragda Pattice - Home Style,100 ml,310,8.0g,48.0g,10.0g,6.0g,540mg
Dahi (Curd) - Spicy,150 g,70,3.5g,5.0g,4.0g,0g,45mg
Tangdi Kabab (2 pcs) - Mild,200 g,440,38.0g,5.0g,29.0g,0.5g,680mg
Almond Milk - Mild,50 ml,60,2.0g,8.0g,2.5g,1.0g,150mg
Kiwi - Extra Cheese,150 ml,61,1.1g,14.7g,0.5g,3.0g,3mg
Lucknowi Biryani,250 g,600,28.0g,68.0g,23.0g,2.0g,950mg
Poha Jalebi - Mild,300 g,380,5.0g,62.0g,13.0g,2.5g,360mg
Rava Dosa - Home Style,500 g,290,6.0g,42.0g,10.0g,2.0g,510mg
Chocolate Cake (1 slice),100 ml,280,4.0g,38.0g,12.0g,1.0g,200mg
Ragi Roti - Home Style,250 g,210,6.0g,38.0g,4.0g,5.0g,250mg
Undhiyu - Extra Cheese,150 g,280,6.0g,32.0g,14.0g,8.0g,440mg
Bread Omlette - Extra Cheese,200 g,290,12.0g,28.0g,15.0g,2.0g,480mg
Capsicum (Yellow) - Spicy,100 g,27,1.0g,6.3g,0.2g,1.8g,3mg
Pistachios (Pista) - Extra Cheese,150 g,160,5.8g,8.0g,12.5g,3.0g,1mg
Rajma Masala,300 g,260,12.0g,32.0g,9.0g,8.0g,490mg
Veg Spring Roll - Mild,200 g,210,4.5g,30.0g,8.5g,3.0g,430mg
Fafda - Extra Cheese,300 g,220,5.0g,28.0g,10.0g,2.0g,480mg
Shahi Paneer - Extra Cheese,250 g,490,13.0g,14.0g,42.0g,2.5g,560mg
Brazil Nuts - Spicy,300 g,195,4.0g,3.5g,19.5g,2.0g,1mg
Kaju Katli (2 pcs) - Restaurant Style,150 ml,110,2.0g,14.0g,5.5g,0.2g,10mg
Poha - Restaurant Style,100 g,210,4.5g,38.0g,5.0g,3.5g,320mg
Flavored Yogurt (Mango),250 g,115,3.0g,19.0g,2.5g,0g,40mg
Oatmeal Cookie - Home Style,250 g,110,2.0g,16.0g,4.5g,1.5g,65mg
McFlurry Oreo - Home Style,300 g,340,7.0g,48.0g,13.0g,1.0g,140mg
Tofu Korma - Spicy,500 g,340,14.0g,20.0g,24.0g,3.0g,540mg
Soy Milk - Street Style,150 ml,80,6.0g,8.0g,4.0g,1.0g,120mg
Mutton Keema - Extra Cheese,500 g,420,32.0g,6.0g,30.0g,0.5g,620mg
Almond Milk,200 g,60,2.0g,8.0g,2.5g,1.0g,150mg
Tandoori Paneer Tikka - Extra Cheese,50 ml,380,16.0g,12.0g,30.0g,2.0g,540mg
Khandvi (4 pcs) - Extra Cheese,300 g,150,5.0g,24.0g,4.0g,2.0g,380mg
Gobi Manchurian (Gravy) - Street Style,200 g,350,5.5g,38.0g,19.0g,4.5g,720mg
Onion Dosa - Extra Cheese,500 g,310,6.5g,44.0g,11.5g,2.5g,490mg
Bhel Puri - Restaurant Style,150 g,210,4.0g,40.0g,5.0g,3.5g,340mg
Cauliflower - Home Style,300 g,25,1.9g,5.0g,0.3g,2.0g,30mg
Khandvi (4 pcs) - Mild,200 g,150,5.0g,24.0g,4.0g,2.0g,380mg
McVeggie Burger - Extra Cheese,150 ml,380,9.0g,46.0g,17.0g,3.0g,680mg
Butterscotch Cake (1 slice) - Mild,200 g,300,3.5g,40.0g,14.0g,0.5g,190mg
Shahi Paneer,300 g,490,13.0g,14.0g,42.0g,2.5g,560mg
Almond Milk - Home Style,200 ml,60,2.0g,8.0g,2.5g,1.0g,150mg
Veg Biryani - Home Style,50 ml,450,10.0g,72.0g,13.0g,5.0g,720mg
Aloo Tikki (2 pcs) - Restaurant Style,200 g,240,4.0g,32.0g,11.0g,3.0g,420mg
Chicken McNuggets (6 pcs) - Extra Cheese,150 g,270,15.0g,16.0g,16.0g,1.0g,500mg
Dal Fry - Street Style,150 g,230,9.5g,26.0g,10.0g,5.5g,490mg
Donut (Chocolate) - Restaurant Style,100 g,300,5.0g,34.0g,16.0g,1.0g,240mg
Oatmeal Cookie,500 g,110,2.0g,16.0g,4.5g,1.5g,65mg
Shortbread Cookie - Mild,100 g,105,1.0g,12.0g,6.0g,0.2g,30mg
Nectarine - Home Style,300 g,62,1.5g,15.0g,0.5g,2.4g,0mg
Steamed Rice - Mild,200 g,260,5.0g,58.0g,0.5g,1.0g,5mg
Rye Bread (2 slices) - Mild,150 g,150,5.5g,28.0g,2.0g,4.0g,310mg
Lobia - Extra Cheese,300 g,240,12.0g,36.0g,6.0g,8.5g,430mg
Flavored Yogurt (Mango) - Extra Cheese,500 g,115,3.0g,19.0g,2.5g,0g,40mg
Chocolate Chip Cookie - Extra Cheese,100 ml,120,1.5g,16.0g,6.0g,0.5g,50mg
Pesto Pasta - Extra Cheese,500 g,400,10.0g,44.0g,21.0g,4.0g,360mg
Sweet Corn Soup - Home Style,500 g,110,3.5g,18.0g,3.0g,1.5g,520mg
Tamarind Rice - Restaurant Style,300 g,280,4.5g,52.0g,5.0g,2.5g,510mg
Chicken Spring Roll - Spicy,150 g,270,12.0g,28.0g,12.0g,2.0g,490mg
Sesame Seeds (Til),150 g,90,2.5g,4.0g,8.0g,1.5g,2mg
McAloo Tikki Burger - Spicy,150 g,345,8.0g,48.0g,14.0g,3.5g,650mg
Butter Cookie (2 pcs) - Mild,200 ml,95,1.0g,12.0g,5.0g,0.2g,30mg
Mushroom Pulao - Spicy,500 g,300,7.0g,50.0g,8.0g,3.5g,440mg
Chilli Paneer (Dry) - Street Style,50 ml,420,14.0g,28.0g,28.0g,3.0g,720mg
Onion - Street Style,200 ml,40,1.1g,9.3g,0.1g,1.7g,4mg
Aloo Chaat - Home Style,200 g,220,4.0g,36.0g,7.0g,4.0g,380mg
Dim Sums (4 pcs) - Mild,150 ml,210,8.0g,30.0g,6.0g,2.0g,380mg
Dal Tadka - Mild,500 g,210,9.0g,24.0g,9.0g,5.0g,460mg
Macadamia Nuts - Extra Cheese,50 ml,215,2.5g,4.0g,22.5g,2.5g,1mg
Kheer,500 g,220,6.0g,36.0g,6.0g,0.5g,60mg
Fruit Chaat - Home Style,300 g,130,2.0g,30.0g,1.0g,3.5g,40mg
Chicken Fried Rice - Street Style,200 g,460,20.0g,58.0g,16.0g,1.5g,780mg
Cranberries - Home Style,100 g,46,0.4g,12.0g,0.1g,4.6g,2mg
Hazelnuts - Spicy,50 ml,176,4.5g,5.0g,17.0g,3.0g,0mg
Brownie (1 piece) - Home Style,500 g,220,2.5g,28.0g,11.0g,1.0g,100mg
Ghee Rice - Home Style,100 g,320,4.0g,50.0g,11.0g,1.0g,310mg
Chilli Paneer (Dry) - Home Style,200 g,420,14.0g,28.0g,28.0g,3.0g,720mg
Onion,250 g,40,1.1g,9.3g,0.1g,1.7g,4mg
Chicken Noodles - Street Style,200 g,440,22.0g,50.0g,17.0g,2.0g,820mg
Almonds (Badam) - Restaurant Style,300 g,173,6.0g,6.0g,15.0g,3.5g,0mg
Mozzarella Cheese - Home Style,100 ml,85,6.0g,1.0g,6.0g,0g,140mg
Cupcake (Vanilla) - Street Style,100 ml,210,2.5g,32.0g,8.5g,0.5g,160mg
Farmhouse Pizza (1 slice) - Mild,100 g,300,11.0g,36.0g,12.5g,2.5g,580mg
Mushroom - Home Style,50 ml,22,3.1g,3.3g,0.3g,1.0g,5mg
Pani Puri (6 pieces) - Extra Cheese,150 ml,180,3.2g,32.0g,4.8g,2.0g,290mg
Egg Biryani - Street Style,200 ml,490,18.0g,68.0g,16.0g,2.5g,810mg
Bitter Gourd - Home Style,150 ml,17,1.0g,3.7g,0.2g,2.8g,5mg
McSpicy Chicken Burger - Extra Cheese,50 ml,510,22.0g,46.0g,27.0g,2.0g,890mg
Aloo Paratha - Home Style,150 g,350,8.0g,48.0g,14.0g,4.0g,380mg
Gobi Paratha - Home Style,150 g,320,9.0g,46.0g,11.0g,5.0g,350mg
Alfredo Pasta - Restaurant Style,50 ml,420,12.0g,46.0g,20.0g,2.0g,520mg
Mac and Cheese - Restaurant Style,200 g,410,14.0g,48.0g,18.0g,1.5g,560mg
Dragon Fruit - Extra Cheese,500 g,60,1.2g,13.0g,0.4g,3.0g,0mg
Coconut Rice - Extra Cheese,100 ml,340,4.0g,44.0g,17.0g,3.0g,280mg
Lassi (Sweet) - Restaurant Style,500 g,150,4.0g,28.0g,3.0g,0g,80mg
Panchmel Dal - Home Style,150 ml,240,10.0g,27.0g,10.5g,5.5g,470mg
Deluxe Veggie (1 slice) - Restaurant Style,250 g,295,10.5g,36.0g,12.0g,2.8g,590mg
Corn Flakes with Milk - Spicy,100 ml,210,7.0g,38.0g,4.0g,2.0g,180mg
Soya Chunk Biryani - Mild,100 ml,480,18.0g,70.0g,15.0g,6.0g,740mg
Strawberries - Home Style,500 g,32,0.7g,7.7g,0.3g,2.0g,1mg
Sunflower Seeds - Home Style,100 ml,175,6.0g,6.0g,15.5g,3.0g,2mg
Sweet Corn Soup - Restaurant Style,100 g,110,3.5g,18.0g,3.0g,1.5g,520mg
Dal Baati Churma - Restaurant Style,250 g,650,18.0g,88.0g,24.0g,10.0g,580mg
Cheese Pizza (1 slice) - Restaurant Style,200 ml,300,11.5g,35.0g,13.0g,1.8g,560mg
Nectarine - Restaurant Style,500 g,62,1.5g,15.0g,0.5g,2.4g,0mg
Gulab Jamun (2 pcs) - Restaurant Style,150 ml,200,3.0g,32.0g,7.0g,0.5g,60mg
Shortbread Cookie - Street Style,100 ml,105,1.0g,12.0g,6.0g,0.2g,30mg
Tofu (Soft) - Restaurant Style,150 ml,70,7.0g,2.0g,4.0g,0.5g,8mg
Hazelnuts - Home Style,250 g,176,4.5g,5.0g,17.0g,3.0g,0mg
Cheese Pizza (1 slice),500 g,300,11.5g,35.0g,13.0g,1.8g,560mg
Salty Lassi - Spicy,500 g,120,4.0g,20.0g,3.0g,0g,260mg
Blackberries - Mild,50 ml,43,1.4g,10.0g,0.5g,5.3g,1mg
Farmhouse Pizza (1 slice) - Spicy,250 g,300,11.0g,36.0g,12.5g,2.5g,580mg
Aloo Chaat - Spicy,150 ml,220,4.0g,36.0g,7.0g,4.0g,380mg
Dhokla (4 pcs) - Extra Cheese,150 ml,180,6.0g,28.0g,5.0g,2.5g,420mg
Lettuce - Home Style,200 g,15,1.4g,2.9g,0.2g,1.3g,28mg
Soft Serve Cone - Extra Cheese,50 ml,150,3.5g,24.0g,4.5g,0g,80mg
Gobi Manchurian (Gravy) - Mild,100 ml,350,5.5g,38.0g,19.0g,4.5g,720mg
Soya Pulao - Restaurant Style,500 g,310,12.0g,48.0g,8.0g,4.0g,480mg
Tomato Soup - Home Style,200 ml,80,2.0g,14.0g,2.0g,1.5g,490mg
Dhokla (4 pcs) - Restaurant Style,50 ml,180,6.0g,28.0g,5.0g,2.5g,420mg
Paneer Do Pyaza - Restaurant Style,500 g,430,13.0g,18.0g,34.0g,3.0g,590mg
Pink Sauce Pasta - Mild,100 ml,350,9.5g,50.0g,12.0g,3.0g,470mg
Veg McNuggets (6 pcs) - Street Style,500 g,230,8.0g,22.0g,12.0g,2.5g,440mg
Rajma Masala - Street Style,50 ml,260,12.0g,32.0g,9.0g,8.0g,490mg
Sesame Seeds (Til) - Street Style,100 ml,90,2.5g,4.0g,8.0g,1.5g,2mg
Chole Masala - Restaurant Style,300 g,280,11.0g,30.0g,12.0g,7.0g,520mg
Onion - Mild,500 g,40,1.1g,9.3g,0.1g,1.7g,4mg
Tofu Matar - Street Style,50 ml,280,15.0g,18.0g,16.0g,4.0g,480mg
Peach - Mild,500 g,51,1.2g,12.4g,0.3g,2.0g,0mg
Reshmi Kabab (4 pcs) - Restaurant Style,200 ml,400,28.0g,6.0g,29.0g,0.5g,560mg
Cucumber Sandwich - Extra Cheese,150 ml,180,5.0g,30.0g,4.5g,3.0g,310mg
Masala Chaas - Extra Cheese,300 g,55,2.5g,7.0g,2.0g,0.5g,220mg
Milk (Buffalo) - Mild,200 ml,180,7.6g,10.0g,13.0g,0g,130mg
Moong Dal Halwa - Restaurant Style,250 g,350,8.0g,45.0g,16.0g,3.0g,40mg
Soan Papdi (2 pcs) - Street Style,50 ml,100,1.5g,12.0g,5.5g,0.2g,10mg
Prawn Noodles,200 ml,420,20.0g,50.0g,16.0g,1.5g,840mg
Farmhouse Pizza (1 slice) - Spicy,100 g,300,11.0g,36.0g,12.5g,2.5g,580mg
Aloo Chaat - Mild,150 g,220,4.0g,36.0g,7.0g,4.0g,380mg
Coconut Rice - Mild,300 g,340,4.0g,44.0g,17.0g,3.0g,280mg
Butter Chicken - Street Style,100 ml,485,22.4g,12.6g,38.2g,1.8g,720mg
McAloo Tikki Burger - Mild,200 ml,345,8.0g,48.0g,14.0g,3.5g,650mg
Cranberries - Restaurant Style,100 g,46,0.4g,12.0g,0.1g,4.6g,2mg
Butter (1 tbsp) - Restaurant Style,150 ml,102,0.1g,0g,11.5g,0g,1mg
Pav (Ladi Pav 1 pc) - Extra Cheese,150 g,110,3.0g,20.0g,1.5g,1.0g,160mg
Fox Nuts (Makhana) - Home Style,150 ml,110,4.5g,20.0g,1.5g,4.0g,8mg
Sweet Corn Soup,250 g,110,3.5g,18.0g,3.0g,1.5g,520mg
Tofu Kadai - Home Style,100 g,360,15.0g,16.0g,26.0g,3.5g,580mg
Blackberries - Spicy,100 ml,43,1.4g,10.0g,0.5g,5.3g,1mg
Jowar Roti - Mild,200 g,200,6.0g,36.0g,3.5g,4.5g,220mg
Whole Wheat Bread (2 slices) - Spicy,500 g,145,6.0g,26.0g,2.0g,4.0g,290mg
Paneer Paratha - Mild,300 g,400,12.0g,48.0g,18.0g,3.5g,420mg
Bataka Vada - Mild,300 g,290,6.0g,38.0g,12.0g,3.0g,480mg
Paneer Paratha - Restaurant Style,100 g,400,12.0g,48.0g,18.0g,3.5g,420mg
Carrot Cake (1 slice),200 ml,310,4.5g,40.0g,15.0g,2.0g,230mg
Chicken Tikka (6 pcs) - Spicy,100 g,420,42.0g,6.0g,25.0g,0.5g,680mg
Cheese Slice - Home Style,250 g,70,4.5g,1.0g,5.5g,0g,180mg
Arrabbiata Pasta - Spicy,100 g,320,8.5g,52.0g,8.5g,4.5g,510mg
Sourdough (2 slices) - Street Style,200 ml,180,6.0g,34.0g,1.5g,1.5g,340mg
Prawn Curry,100 ml,350,24.0g,9.0g,24.0g,1.0g,580mg
Makki di Roti - Spicy,50 ml,240,6.5g,38.0g,7.0g,5.0g,260mg
Tuna Sandwich - Home Style,100 ml,380,22.0g,34.0g,18.0g,2.0g,620mg
Paneer Tikka Masala - Restaurant Style,250 g,460,15.0g,16.0g,38.0g,2.5g,680mg
Butterscotch Cake (1 slice) - Mild,100 ml,300,3.5g,40.0g,14.0g,0.5g,190mg
Carrot Cake (1 slice) - Home Style,150 ml,310,4.5g,40.0g,15.0g,2.0g,230mg
French Fries (Large) - Street Style,100 g,430,6.0g,55.0g,21.0g,4.5g,260mg
Masala Chaas - Mild,500 g,55,2.5g,7.0g,2.0g,0.5g,220mg
Walnuts (Akhrot) - Spicy,200 ml,196,4.5g,4.0g,19.5g,2.0g,1mg
Kheer - Extra Cheese,150 ml,220,6.0g,36.0g,6.0g,0.5g,60mg
Shami Kabab (4 pcs) - Spicy,250 g,380,22.0g,16.0g,25.0g,2.0g,540mg
Paneer Do Pyaza - Extra Cheese,150 ml,430,13.0g,18.0g,34.0g,3.0g,590mg
Mayonnaise (1 tbsp),150 g,94,0.1g,0.1g,10.0g,0g,90mg
Kala Chana - Extra Cheese,250 g,250,13.0g,34.0g,7.0g,9.0g,450mg
Undhiyu - Mild,150 g,280,6.0g,32.0g,14.0g,8.0g,440mg
Honey (1 tbsp) - Mild,100 g,64,0.1g,17.3g,0g,0g,1mg
Cottage Cheese (Paneer) - Spicy,300 g,265,18.0g,6.0g,18.0g,0g,150mg
Multigrain Bread (2 slices) - Extra Cheese,250 g,150,6.5g,25.0g,2.5g,3.5g,270mg
Hazelnuts - Home Style,200 ml,176,4.5g,5.0g,17.0g,3.0g,0mg
Milk Biscuit (2 pcs) - Extra Cheese,100 g,85,1.5g,12.0g,3.5g,0.3g,45mg
Banana - Mild,150 ml,105,1.3g,27.0g,0.4g,3.1g,1mg
Prawn Biryani - Restaurant Style,300 g,510,26.0g,64.0g,18.0g,1.5g,880mg
Panchmel Dal - Extra Cheese,100 ml,240,10.0g,27.0g,10.5g,5.5g,470mg
Egg Bhurji - Street Style,100 g,210,14.0g,4.0g,15.0g,0.5g,420mg
Sourdough (2 slices) - Spicy,300 g,180,6.0g,34.0g,1.5g,1.5g,340mg
McEgg Burger - Home Style,50 ml,350,13.0g,40.0g,16.0g,2.0g,590mg
Chicken Curry - Extra Cheese,100 ml,380,26.0g,8.0g,27.0g,1.0g,620mg
White Sauce Pasta - Home Style,150 g,380,10.0g,48.0g,16.0g,2.5g,450mg
Soya Chaap (2 pcs),200 g,350,28.0g,20.0g,18.0g,6.0g,490mg
Andhra Chicken Curry - Restaurant Style,500 g,390,25.0g,9.0g,28.0g,1.5g,740mg
McChicken Burger - Spicy,50 ml,450,16.0g,44.0g,22.0g,2.0g,780mg
Celery - Street Style,300 g,16,0.7g,3.0g,0.2g,1.6g,80mg
Ghee Rice - Spicy,100 ml,320,4.0g,50.0g,11.0g,1.0g,310mg
Cabbage - Restaurant Style,200 g,25,1.3g,5.8g,0.1g,2.5g,18mg
Matar Paneer - Restaurant Style,100 g,380,12.0g,16.0g,29.0g,3.5g,540mg
Raj Kachori - Street Style,100 g,350,7.0g,48.0g,15.0g,4.5g,520mg
Fox Nuts (Makhana),250 g,110,4.5g,20.0g,1.5g,4.0g,8mg
Nectarine - Street Style,250 g,62,1.5g,15.0g,0.5g,2.4g,0mg
Papaya - Spicy,200 g,59,0.7g,15.0g,0.2g,2.5g,2mg
Fish Moilee - Home Style,200 ml,360,20.0g,12.0g,25.0g,1.0g,510mg
Rava Idli - Restaurant Style,50 ml,190,4.5g,32.0g,5.0g,1.5g,350mg
Capsicum (Yellow) - Street Style,250 g,27,1.0g,6.3g,0.2g,1.8g,3mg
Bhatura - Restaurant Style,500 g,320,7.0g,42.0g,14.0g,2.0g,410mg
Corn Flakes with Milk - Extra Cheese,200 ml,210,7.0g,38.0g,4.0g,2.0g,180mg
Pesto Pasta - Spicy,150 g,400,10.0g,44.0g,21.0g,4.0g,360mg
McVeggie Wrap - Home Style,500 g,420,11.0g,48.0g,20.0g,4.0g,720mg
Fruit Chaat - Extra Cheese,100 g,130,2.0g,30.0g,1.0g,3.5g,40mg
McAloo Tikki Burger,250 g,345,8.0g,48.0g,14.0g,3.5g,650mg
Spinach - Extra Cheese,200 ml,23,2.9g,3.6g,0.4g,2.2g,79mg
French Fries (Large) - Spicy,100 ml,430,6.0g,55.0g,21.0g,4.5g,260mg
Matar Paneer - Spicy,100 g,380,12.0g,16.0g,29.0g,3.5g,540mg
Schezwan Noodles - Street Style,150 ml,380,8.0g,56.0g,13.0g,3.5g,880mg
Kanda Bhaji - Restaurant Style,100 ml,280,4.0g,32.0g,15.0g,3.0g,460mg
Shortbread Cookie - Spicy,50 ml,105,1.0g,12.0g,6.0g,0.2g,30mg
Kachori (1 pc) - Street Style,200 g,260,5.0g,30.0g,13.0g,2.5g,340mg
Veg Pasta - Mild,250 g,330,9.0g,50.0g,10.0g,3.5g,460mg
Mozzarella Cheese - Extra Cheese,500 g,85,6.0g,1.0g,6.0g,0g,140mg
Pineapple - Spicy,250 g,50,0.5g,13.1g,0.1g,1.4g,1mg
Veg Noodle Soup - Spicy,200 g,120,4.0g,18.0g,3.5g,2.0g,580mg
Flavored Yogurt (Mango) - Home Style,200 ml,115,3.0g,19.0g,2.5g,0g,40mg
Tofu Palak - Home Style,100 ml,300,16.0g,12.0g,22.0g,4.5g,510mg
Jalebi Fafda - Home Style,200 ml,380,7.0g,50.0g,17.0g,2.5g,520mg
Egg Noodles - Home Style,100 g,390,14.0g,52.0g,14.0g,2.0g,780mg
Mooli Paratha - Street Style,100 g,310,8.5g,45.0g,11.0g,4.5g,360mg
Baingan Bharta - Spicy,500 g,180,3.5g,16.0g,12.0g,5.0g,420mg
Kadai Paneer - Street Style,300 g,420,12.5g,15.0g,34.0g,3.0g,610mg
Litchi - Home Style,50 ml,66,0.8g,16.5g,0.4g,1.3g,1mg
Brown Bread (2 slices) - Street Style,500 g,140,6.0g,24.0g,2.0g,3.0g,280mg
Masala Chaas - Mild,250 g,55,2.5g,7.0g,2.0g,0.5g,220mg
Ridge Gourd - Mild,100 g,17,0.8g,3.8g,0.2g,1.2g,3mg
Sabudana Vada - Extra Cheese,50 ml,230,4.0g,38.0g,7.0g,2.5g,340mg
Bread Roll - Spicy,200 ml,140,4.0g,25.0g,2.5g,1.2g,190mg
Sabudana Khichdi - Mild,100 ml,250,3.5g,48.0g,5.0g,2.0g,280mg
Salted Butter (1 tbsp) - Restaurant Style,300 g,102,0.1g,0g,11.5g,0g,90mg
Paneer Tikka Pizza (1 slice) - Extra Cheese,100 g,325,13.0g,35.0g,14.5g,2.0g,610mg
Upma - Mild,200 g,280,6.0g,48.0g,7.0g,3.5g,480mg
Cherries,200 ml,50,1.0g,12.0g,0.3g,1.6g,0mg
Rye Bread (2 slices) - Home Style,200 g,150,5.5g,28.0g,2.0g,4.0g,310mg
Mexican Green Wave (1 slice) - Extra Cheese,100 ml,280,9.0g,34.0g,12.0g,3.0g,540mg
Sambar Vada - Street Style,150 g,310,7.5g,38.0g,14.0g,4.0g,520mg
French Toast - Extra Cheese,200 g,310,9.0g,32.0g,16.0g,1.0g,350mg
Kadai Paneer - Home Style,150 ml,420,12.5g,15.0g,34.0g,3.0g,610mg
Reshmi Kabab (4 pcs) - Home Style,300 g,400,28.0g,6.0g,29.0g,0.5g,560mg
Chole Bhature - Restaurant Style,250 g,580,15.0g,78.0g,24.0g,8.0g,890mg
Spinach,150 g,23,2.9g,3.6g,0.4g,2.2g,79mg
Chocolate Chip Cookie - Mild,500 g,120,1.5g,16.0g,6.0g,0.5g,50mg
Ciabatta - Home Style,50 ml,210,7.0g,40.0g,3.0g,2.0g,350mg
Veg McNuggets (6 pcs) - Extra Cheese,300 g,230,8.0g,22.0g,12.0g,2.5g,440mg
Carrot Cake (1 slice) - Extra Cheese,150 ml,310,4.5g,40.0g,15.0g,2.0g,230mg
Tofu Kadai - Extra Cheese,100 g,360,15.0g,16.0g,26.0g,3.5g,580mg
Tofu Matar - Street Style,300 g,280,15.0g,18.0g,16.0g,4.0g,480mg
Dim Sums (4 pcs) - Spicy,50 ml,210,8.0g,30.0g,6.0g,2.0g,380mg
Peach - Home Style,150 g,51,1.2g,12.4g,0.3g,2.0g,0mg
Motichoor Laddu - Spicy,200 g,145,3.0g,18.0g,7.0g,0.8g,22mg
Steamed Rice - Restaurant Style,500 g,260,5.0g,58.0g,0.5g,1.0g,5mg
Seekh Kabab (4 pcs) - Spicy,250 g,340,24.0g,8.0g,24.0g,2.0g,520mg
Dahi (Curd) - Spicy,250 g,70,3.5g,5.0g,4.0g,0g,45mg
Broccoli - Spicy,200 ml,34,2.8g,6.6g,0.4g,2.6g,33mg
Fish Curry - Home Style,100 g,340,22.0g,10.0g,23.0g,1.5g,540mg
Mutton Rogan Josh - Home Style,300 g,520,28.0g,10.0g,42.0g,1.0g,680mg
Fafda - Spicy,100 ml,220,5.0g,28.0g,10.0g,2.0g,480mg
Kadai Chicken - Mild,250 g,420,27.0g,12.0g,30.0g,1.5g,690mg
Pepperoni Pizza (1 slice),150 ml,310,14.0g,33.0g,14.0g,1.5g,680mg
Plum - Mild,300 g,30,0.5g,7.5g,0.2g,0.9g,0mg
Ghee Rice - Mild,100 ml,320,4.0g,50.0g,11.0g,1.0g,310mg
Grilled Chicken Sandwich - Restaurant Style,200 ml,380,24.0g,34.0g,16.0g,2.5g,680mg
Misal Pav - Extra Cheese,100 g,380,14.0g,48.0g,16.0g,7.0g,720mg
Paneer Tikka Masala,250 g,460,15.0g,16.0g,38.0g,2.5g,680mg
Papaya - Spicy,200 ml,59,0.7g,15.0g,0.2g,2.5g,2mg
Cheesecake (1 slice) - Extra Cheese,150 g,350,7.0g,30.0g,22.0g,0.5g,280mg
Almond Milk - Extra Cheese,100 ml,60,2.0g,8.0g,2.5g,1.0g,150mg
McChicken Wrap - Restaurant Style,100 g,480,18.0g,46.0g,25.0g,2.5g,790mg
Muffin (Blueberry),300 g,240,3.5g,36.0g,9.0g,1.5g,180mg
Donut (Chocolate) - Mild,200 ml,300,5.0g,34.0g,16.0g,1.0g,240mg
Jalebi (2 pcs) - Extra Cheese,300 g,180,2.0g,30.0g,6.0g,0.5g,40mg
Capsicum (Red) - Street Style,150 g,31,1.0g,6.0g,0.3g,2.1g,4mg
Sweet Potato - Home Style,100 g,86,1.6g,20.1g,0.1g,3.0g,55mg
Mohanthal - Restaurant Style,100 ml,240,5.0g,32.0g,11.0g,1.0g,30mg
Muskmelon - Spicy,200 ml,51,1.3g,12.0g,0.3g,1.1g,16mg
Mutton Keema - Extra Cheese,150 g,420,32.0g,6.0g,30.0g,0.5g,620mg
Cauliflower,200 g,25,1.9g,5.0g,0.3g,2.0g,30mg
McChicken Burger - Mild,200 g,450,16.0g,44.0g,22.0g,2.0g,780mg
French Fries (Large) - Home Style,100 ml,430,6.0g,55.0g,21.0g,4.5g,260mg
Hot and Sour Soup,150 g,95,3.0g,13.0g,3.5g,1.5g,720mg
Akki Roti,250 g,220,5.0g,40.0g,4.5g,3.0g,290mg
Kadai Chicken - Home Style,100 g,420,27.0g,12.0g,30.0g,1.5g,690mg
Fish Curry - Extra Cheese,100 g,340,22.0g,10.0g,23.0g,1.5g,540mg
Arrabbiata Pasta - Spicy,250 g,320,8.5g,52.0g,8.5g,4.5g,510mg
Dum Aloo - Street Style,150 g,240,4.0g,22.0g,15.0g,3.0g,460mg
Butter Cookie (2 pcs) - Mild,100 ml,95,1.0g,12.0g,5.0g,0.2g,30mg
Gulab Jamun (2 pcs) - Home Style,500 g,200,3.0g,32.0g,7.0g,0.5g,60mg
Reshmi Kabab (4 pcs) - Street Style,150 ml,400,28.0g,6.0g,29.0g,0.5g,560mg
Fried Rice (Veg) - Spicy,100 g,380,8.0g,62.0g,11.0g,3.0g,720mg
Misal Pav - Street Style,250 g,380,14.0g,48.0g,16.0g,7.0g,720mg
Pink Sauce Pasta - Extra Cheese,150 g,350,9.5g,50.0g,12.0g,3.0g,470mg
McChicken Burger - Mild,300 g,450,16.0g,44.0g,22.0g,2.0g,780mg
Garlic Noodles - Home Style,300 g,350,7.5g,52.0g,12.0g,2.5g,760mg
Filet-O-Fish - Mild,50 ml,360,15.0g,38.0g,17.0g,1.5g,660mg
Guava - Mild,150 g,68,2.6g,14.3g,1.0g,5.4g,2mg
Cinnamon Roll - Spicy,150 g,290,5.0g,42.0g,11.0g,1.5g,250mg
Samosa (1 pc) - Street Style,100 g,210,3.5g,24.0g,11.0g,2.0g,290mg
Aloo Paratha - Street Style,150 g,350,8.0g,48.0g,14.0g,4.0g,380mg
Chilli Paneer (Gravy) - Spicy,150 g,390,13.0g,26.0g,26.0g,3.0g,740mg
Hung Curd,100 g,120,11.0g,5.0g,6.5g,0g,50mg
Pani Puri (6 pieces) - Spicy,200 ml,180,3.2g,32.0g,4.8g,2.0g,290mg
Carrot - Home Style,50 ml,41,0.9g,9.6g,0.2g,2.8g,69mg
Bajra Roti - Extra Cheese,50 ml,210,6.5g,37.0g,4.0g,5.0g,230mg
Methi Thepla - Home Style,150 g,115,3.2g,15.5g,4.8g,2.2g,125mg
Chicken Biryani - Street Style,150 ml,520,28.0g,65.0g,18.0g,2.0g,890mg
McAloo Tikki Burger - Street Style,300 g,345,8.0g,48.0g,14.0g,3.5g,650mg
Paneer (Homemade) - Street Style,150 ml,265,18.0g,6.0g,18.0g,0g,150mg
Paneer Sandwich - Home Style,100 ml,340,12.0g,36.0g,16.0g,2.0g,520mg
Multigrain Bread (2 slices),100 ml,150,6.5g,25.0g,2.5g,3.5g,270mg
Prawn Malai Curry,150 g,420,22.0g,10.0g,32.0g,0.5g,560mg
Chocolate Chip Cookie - Street Style,200 ml,120,1.5g,16.0g,6.0g,0.5g,50mg
Dahi Bhalla,200 g,270,6.0g,38.0g,10.0g,3.0g,440mg
Chicken Noodle Soup - Home Style,150 ml,160,10.0g,16.0g,6.0g,1.5g,640mg
Haryali Tikka - Street Style,200 g,400,40.0g,10.0g,23.0g,1.0g,660mg
Garlic Noodles - Spicy,50 ml,350,7.5g,52.0g,12.0g,2.5g,760mg
Cupcake (Vanilla),100 ml,210,2.5g,32.0g,8.5g,0.5g,160mg
Capsicum (Yellow) - Home Style,50 ml,27,1.0g,6.3g,0.2g,1.8g,3mg
Gujarati Dal,50 ml,200,8.0g,28.0g,6.0g,5.0g,440mg
Vanilla Cake (1 slice) - Extra Cheese,200 ml,220,3.0g,32.0g,9.0g,0.5g,180mg
Focaccia,50 ml,230,6.5g,38.0g,6.0g,2.0g,370mg
Mix Veg - Spicy,500 g,150,4.0g,18.0g,7.0g,4.5g,390mg
Hyderabadi Biryani - Home Style,50 ml,620,30.0g,70.0g,24.0g,2.5g,980mg
Mac and Cheese - Street Style,100 ml,410,14.0g,48.0g,18.0g,1.5g,560mg
Tofu Tikka Masala - Street Style,100 g,370,16.0g,16.0g,28.0g,3.5g,620mg
Bajra Roti - Restaurant Style,150 g,210,6.5g,37.0g,4.0g,5.0g,230mg
Bagel - Street Style,200 g,190,7.0g,36.0g,1.5g,2.0g,280mg
Prunes - Home Style,250 g,70,0.8g,18.5g,0.1g,2.0g,1mg
Bhindi Masala,100 ml,160,3.0g,14.0g,10.0g,4.5g,380mg
Grilled Chicken Sandwich - Home Style,500 g,380,24.0g,34.0g,16.0g,2.5g,680mg
McVeggie Burger - Spicy,150 ml,380,9.0g,46.0g,17.0g,3.0g,680mg
Soya Chaap (2 pcs),150 ml,350,28.0g,20.0g,18.0g,6.0g,490mg
Hot and Sour Soup - Street Style,100 ml,95,3.0g,13.0g,3.5g,1.5g,720mg
Undhiyu - Home Style,50 ml,280,6.0g,32.0g,14.0g,8.0g,440mg
Pineapple Cake (1 slice) - Street Style,50 ml,260,3.0g,38.0g,10.0g,0.8g,170mg
Egg Bhurji - Street Style,150 g,210,14.0g,4.0g,15.0g,0.5g,420mg
Garlic Noodles - Home Style,500 g,350,7.5g,52.0g,12.0g,2.5g,760mg
Dates (Khajoor),50 ml,90,0.8g,24.0g,0.2g,2.0g,1mg
Egg Bhurji - Mild,300 g,210,14.0g,4.0g,15.0g,0.5g,420mg
Chicken Korma - Spicy,200 ml,440,24.0g,16.0g,31.0g,1.5g,650mg
Sourdough (2 slices) - Spicy,150 g,180,6.0g,34.0g,1.5g,1.5g,340mg
Chicken Curry - Mild,150 g,380,26.0g,8.0g,27.0g,1.0g,620mg
Veg Biryani - Extra Cheese,100 ml,450,10.0g,72.0g,13.0g,5.0g,720mg
Glucose Biscuit (2 pcs) - Spicy,150 ml,85,1.0g,14.0g,2.5g,0.3g,50mg
French Fries (Large) - Home Style,250 g,430,6.0g,55.0g,21.0g,4.5g,260mg
Mayonnaise (1 tbsp) - Home Style,50 ml,94,0.1g,0.1g,10.0g,0g,90mg
Pistachios (Pista),150 g,160,5.8g,8.0g,12.5g,3.0g,1mg
Cheddar Cheese - Street Style,150 ml,120,7.0g,0.5g,10.0g,0g,180mg
Apple ,50 mg,78,0.4g,20.8g,0.2g,3.6g,1mg
Chilli Fish - Home Style,150 g,410,26.0g,26.0g,24.0g,1.5g,790mg
Fish Curry - Spicy,100 g,340,22.0g,10.0g,23.0g,1.5g,540mg
Cauliflower - Mild,50 ml,25,1.9g,5.0g,0.3g,2.0g,30mg
Malai Tikka (6 pcs) - Street Style,300 g,460,38.0g,8.0g,30.0g,0.5g,640mg
BBQ Chicken Pizza (1 slice),100 ml,350,16.0g,34.0g,17.0g,1.5g,740mg
White Bread (2 slices) - Home Style,100 g,160,5.0g,28.0g,2.5g,1.0g,300mg
Cinnamon Roll - Mild,500 g,290,5.0g,42.0g,11.0g,1.5g,250mg
Malai Chaap (2 pcs) - Mild,100 g,440,22.0g,18.0g,32.0g,3.0g,560mg
Garlic Bread (2 pcs) - Spicy,100 g,260,7.0g,34.0g,11.0g,2.0g,440mg
Corn (Sweet) - Mild,150 ml,86,3.3g,19.0g,1.2g,2.7g,15mg
Sabudana Vada - Extra Cheese,150 ml,230,4.0g,38.0g,7.0g,2.5g,340mg
Fried Rice (Veg) - Street Style,200 g,380,8.0g,62.0g,11.0g,3.0g,720mg
Grilled Chicken Sandwich - Home Style,250 g,380,24.0g,34.0g,16.0g,2.5g,680mg
Prawn Noodles - Mild,150 g,420,20.0g,50.0g,16.0g,1.5g,840mg
Custard Apple - Home Style,150 ml,101,2.1g,23.5g,0.6g,2.4g,4mg
Dal Fry - Home Style,200 ml,230,9.5g,26.0g,10.0g,5.5g,490mg
Egg Sandwich - Home Style,150 ml,320,14.0g,32.0g,15.0g,2.0g,540mg
Prunes,50 ml,70,0.8g,18.5g,0.1g,2.0g,1mg
Pedha (2 pcs),250 g,130,3.0g,18.0g,5.5g,0g,35mg
Sourdough (2 slices) - Street Style,200 ml,180,6.0g,34.0g,1.5g,1.5g,340mg
Onion Dosa,100 ml,310,6.5g,44.0g,11.5g,2.5g,490mg
Dum Aloo - Home Style,200 g,240,4.0g,22.0g,15.0g,3.0g,460mg
Arrabbiata Pasta ,200 ml,320,8.5g,52.0g,8.5g,4.5g,510mg
Fish Biryani - Mild,150 ml,500,28.0g,63.0g,17.0g,1.5g,860mg
Okra (Bhindi) - Home Style,150 ml,33,1.9g,7.5g,0.2g,3.2g,7mg
Afghani Chaap - Home Style,500 g,420,24.0g,16.0g,30.0g,3.5g,540mg
Pomegranate - Mild,150 g,83,1.7g,18.7g,1.2g,4.0g,3mg
Kachori (1 pc),300 g,260,5.0g,30.0g,13.0g,2.5g,340mg
Lemon Rice - Home Style,150 g,260,4.5g,48.0g,5.5g,2.0g,420mg
Cheesecake (1 slice) - Restaurant Style,50 ml,350,7.0g,30.0g,22.0g,0.5g,280mg
Khandvi (4 pcs) - Street Style,150 ml,150,5.0g,24.0g,4.0g,2.0g,380mg
Poori (2 pieces),500 g,240,4.0g,32.0g,11.0g,1.5g,280mg
Khakhra (1 pc) - Street Style,200 g,70,2.0g,10.0g,2.5g,1.5g,80mg
Yogurt (Plain) - Mild,150 g,61,3.5g,4.7g,3.3g,0g,40mg
McSpicy Chicken Burger - Street Style,200 g,510,22.0g,46.0g,27.0g,2.0g,890mg
Carrot ,500 g,41,0.9g,9.6g,0.2g,2.8g,69mg
Hide & Seek (2 pcs),150 g,105,1.5g,14.0g,5.0g,0.5g,35mg
Peanuts (Roasted) - Spicy,500 g,170,7.5g,6.0g,14.0g,2.5g,90mg
Fig (Fresh) - Street Style,100 ml,37,0.4g,9.6g,0.2g,1.4g,1mg
Malai Kofta - Spicy,150 ml,520,10.0g,38.0g,36.0g,5.0g,480mg
Dum Aloo - Home Style,150 g,240,4.0g,22.0g,15.0g,3.0g,460mg 
Butter Chicken - Spicy,150 g,485,22.4g,12.6g,38.2g,1.8g,720mg
Drumstick - Street Style,200 g,64,2.1g,8.5g,0.2g,3.2g,8mg 
Passion Fruit - Street Style,100 g,17,0.4g,4.2g,0.1g,1.8g,5mg
Raspberries,200 ml,52,1.2g,12.0g,0.7g,6.5g,1mg
Kala Chana - Mild,300 g,250,13.0g,34.0g,7.0g,9.0g,450mg
Tandoori Chicken (2 pcs) - Home Style,500 g,480,48.0g,4.0g,30.0g,0g,720mg
Gatte ki Sabzi - Mild,300 g,260,8.0g,20.0g,16.0g,4.0g,520mg
Pineapple Cake (1 slice) - Extra Cheese,300 g,260,3.0g,38.0g,10.0g,0.8g,170mg
Chilli Fish - Spicy,100 g,410,26.0g,26.0g,24.0g,1.5g,790mg
Vada Pav - Mild,150 g,290,6.5g,38.0g,12.5g,2.5g,520mg
Mutter Mushroom,300 g,200,5.0g,18.0g,11.0g,4.5g,430mg
Fig (Fresh) - Street Style,250 g,37,0.4g,9.6g,0.2g,1.4g,1mg
Upma - Home Style,100 ml,280,6.0g,48.0g,7.0g,3.5g,480mg
Cucumber - Extra Cheese,300 g,15,0.7g,3.6g,0.1g,0.5g,2mg
Croissant - Home Style,150 ml,230,4.5g,26.0g,12.0g,1.5g,210mg
Blackberries - Street Style,100 ml,43,1.4g,10.0g,0.5g,5.3g,1mg
Garlic Fried Rice - Extra Cheese,300 g,420,8.5g,60.0g,14.0g,2.5g,810mg
Dal Baati Churma - Mild,200 g,650,18.0g,88.0g,24.0g,10.0g,580mg
Capsicum (Yellow) - Restaurant Style,250 g,27,1.0g,6.3g,0.2g,1.8g,3mg
Vada (2 pieces) - Street Style,50 ml,250,6.0g,28.0g,13.0g,3.0g,450mg
Rava Idli - Restaurant Style,100 g,190,4.5g,32.0g,5.0g,1.5g,350mg
Tandoori Chicken (2 pcs) - Extra Cheese,150 ml,480,48.0g,4.0g,30.0g,0g,720mg
Plum - Home Style,100 g,30,0.5g,7.5g,0.2g,0.9g,0mg
Tomato - Spicy,500 g,18,0.9g,3.9g,0.2g,1.2g,5mg
Pistachios (Pista),250 g,160,5.8g,8.0g,12.5g,3.0g,1mg
Vada Pav - Home Style,100 g,290,6.5g,38.0g,12.5g,2.5g,520mg 
Chicken Biryani,50 ml,520,28.0g,65.0g,18.0g,2.0g,890mg
Afghani Chaap - Street Style,200 g,420,24.0g,16.0g,30.0g,3.5g,540mg
Brioche Bun,200 g,220,6.0g,28.0g,10.0g,1.0g,230mg
Hide & Seek (2 pcs) - Spicy,200 g,105,1.5g,14.0g,5.0g,0.5g,35mg
Afghani Chaap - Restaurant Style,150 g,420,24.0g,16.0g,30.0g,3.5g,540mg
Fig (Fresh) - Spicy,300 g,37,0.4g,9.6g,0.2g,1.4g,1mg
Vada Pav - Extra Cheese,150 ml,290,6.5g,38.0g,12.5g,2.5g,520mg
Bajra Roti - Spicy,500 g,210,6.5g,37.0g,4.0g,5.0g,230mg
Sarson ka Saag ,300 g,220,7.0g,12.0g,16.0g,5.5g,480mg
Spring Rolls (2 pcs),100 ml,220,5.0g,28.0g,10.0g,2.5g,410mg
Veg Spring Roll - Street Style,250 g,210,4.5g,30.0g,8.5g,3.0g,430mg
McAloo Tikki Burger - Home Style,250 g,345,8.0g,48.0g,14.0g,3.5g,650mg
BBQ Chicken Pizza (1 slice) - Restaurant Style,500 g,350,16.0g,34.0g,17.0g,1.5g,740mg
Good Day (2 pcs) - Street Style,200 g,100,1.2g,13.0g,4.8g,0.4g,40mg
Chicken McNuggets (6 pcs) - Home Style,300 g,270,15.0g,16.0g,16.0g,1.0g,500mg
Chicken Lollipop (4 pcs),300 g,480,28.0g,22.0g,32.0g,1.0g,850mg
Gatte ki Sabzi - Extra Cheese,200 ml,260,8.0g,20.0g,16.0g,4.0g,520mg
Cauliflower - Restaurant Style,300 g,25,1.9g,5.0g,0.3g,2.0g,30mg
Chicken Dim Sums - Spicy,200 ml,240,14.0g,28.0g,8.0g,1.5g,420mg
Soya Chunk Biryani - Restaurant Style,100 g,480,18.0g,70.0g,15.0g,6.0g,740mg
Oreo (2 pcs) - Street Style,500 g,110,1.0g,16.0g,5.0g,0.5g,75mg
Peanuts (Raw) - Home Style,100 ml,160,7.0g,5.0g,14.0g,2.5g,5mg
Akki Roti - Home Style,200 g,220,5.0g,40.0g,4.5g,3.0g,290mg
Masala Chaas - Street Style,300 g,55,2.5g,7.0g,2.0g,0.5g,220mg
Éclair - Mild,200 g,240,4.0g,26.0g,13.0g,0.5g,170mg
Egg Biryani - Spicy,500 g,490,18.0g,68.0g,16.0g,2.5g,810mg
Egg Masala - Home Style,200 ml,310,13.0g,12.0g,23.0g,1.5g,520mg
Jackfruit,150 g,95,1.7g,23.3g,0.6g,1.5g,2mg
Mysore Pak (1 pc),200 g,130,2.0g,16.0g,6.5g,0.2g,15mg
Gulab Jamun (2 pcs),150 g,200,3.0g,32.0g,7.0g,0.5g,60mg
Set Dosa (3 pcs),250 g,340,8.0g,54.0g,9.0g,4.0g,560mg
Malai Tikka (6 pcs) - Street Style,200 ml,460,38.0g,8.0g,30.0g,0.5g,640mg
Hakka Noodles - Street Style,300 g,340,7.5g,54.0g,10.0g,2.5g,720mg
Dal Baati Churma - Mild,250 g,650,18.0g,88.0g,24.0g,10.0g,580mg
Sweet Potato - Restaurant Style,100 g,86,1.6g,20.1g,0.1g,3.0g,55mg
Flavored Yogurt (Strawberry) - Extra Cheese,100 g,110,3.0g,18.0g,2.5g,0g,40mg
Matar Pulao - Home Style,150 ml,290,7.5g,52.0g,6.0g,3.5g,400mg
Blackberries - Home Style,150 g,43,1.4g,10.0g,0.5g,5.3g,1mg
Mayonnaise (1 tbsp) - Street Style,500 g,94,0.1g,0.1g,10.0g,0g,90mg
Cheese Spread (1 tbsp) - Home Style,100 g,45,2.0g,1.5g,3.5g,0g,120mg
Chilli Paneer (Dry) - Street Style,150 g,420,14.0g,28.0g,28.0g,3.0g,720mg
Hot and Sour Soup - Extra Cheese,200 g,95,3.0g,13.0g,3.5g,1.5g,720mg
Soya Chaap (2 pcs) - Home Style,200 g,350,28.0g,20.0g,18.0g,6.0g,490mg
Motichoor Laddu - Mild,100 g,145,3.0g,18.0g,7.0g,0.8g,22mg
Pedha (2 pcs) - Street Style,100 g,130,3.0g,18.0g,5.5g,0g,35mg
Ridge Gourd - Extra Cheese,100 ml,17,0.8g,3.8g,0.2g,1.2g,3mg
Rava Idli,200 g,190,4.5g,32.0g,5.0g,1.5g,350mg
Pepperoni Pizza (1 slice) - Mild,300 g,310,14.0g,33.0g,14.0g,1.5g,680mg
Coconut Rice - Mild,300 g,340,4.0g,44.0g,17.0g,3.0g,280mg
Chicken Noodle Soup - Extra Cheese,150 g,160,10.0g,16.0g,6.0g,1.5g,640mg
Veg Spring Roll - Home Style,100 ml,210,4.5g,30.0g,8.5g,3.0g,430mg
Pav Bhaji - Extra Cheese,150 ml,380,9.0g,52.0g,16.0g,7.0g,620mg
Chicken Club Sandwich - Home Style,100 ml,500,26.0g,42.0g,25.0g,2.5g,790mg
Veg Biryani,150 ml,450,10.0g,72.0g,13.0g,5.0g,720mg
Tomato Soup - Street Style,150 ml,80,2.0g,14.0g,2.0g,1.5g,490mg
Puran Poli (with ghee) - Mild,150 ml,350,7.5g,58.0g,10.2g,3.5g,45mg
Rajma Masala - Street Style,300 g,260,12.0g,32.0g,9.0g,8.0g,490mg
Gulab Jamun (2 pcs) - Mild,500 g,200,3.0g,32.0g,7.0g,0.5g,60mg
Kaju Katli (2 pcs) - Mild,150 ml,110,2.0g,14.0g,5.5g,0.2g,10mg
Cheese Garlic Bread - Home Style,200 g,310,11.0g,34.0g,15.0g,2.0g,520mg
Maharaja Mac Veg - Restaurant Style,500 g,520,16.0g,54.0g,27.0g,4.0g,920mg
Veg Noodles - Restaurant Style,200 ml,320,8.0g,52.0g,8.5g,3.0g,680mg
Chole Masala - Mild,500 g,280,11.0g,30.0g,12.0g,7.0g,520mg
Chicken Fried Rice - Mild,200 ml,460,20.0g,58.0g,16.0g,1.5g,780mg
Gajar Ka Halwa - Restaurant Style,300 g,260,4.0g,38.0g,10.0g,2.5g,50mg
Apricots (Dried) - Mild,150 g,70,1.0g,18.0g,0.1g,2.0g,2mg
Egg Sandwich - Restaurant Style,150 ml,320,14.0g,32.0g,15.0g,2.0g,540mg
Mysore Pak (1 pc),150 ml,130,2.0g,16.0g,6.5g,0.2g,15mg
Pine Nuts - Extra Cheese,200 g,190,4.0g,4.0g,19.0g,1.5g,1mg
Shortbread Cookie - Home Style,500 g,105,1.0g,12.0g,6.0g,0.2g,30mg
BLT Sandwich - Extra Cheese,150 ml,430,18.0g,36.0g,24.0g,2.5g,760mg
French Toast - Extra Cheese,50 ml,310,9.0g,32.0g,16.0g,1.0g,350mg
Cauliflower - Restaurant Style,200 ml,25,1.9g,5.0g,0.3g,2.0g,30mg
Guava,50 ml,68,2.6g,14.3g,1.0g,5.4g,2mg
Kadai Paneer - Spicy,250 g,420,12.5g,15.0g,34.0g,3.0g,610mg
Dabeli - Street Style,200 g,280,6.0g,42.0g,9.0g,3.5g,490mg
Watermelon - Extra Cheese,150 ml,46,0.9g,11.5g,0.2g,0.6g,1mg
Egg Biryani - Restaurant Style,250 g,490,18.0g,68.0g,16.0g,2.5g,810mg
Galouti Kabab (4 pcs) ,150 ml,420,18.0g,14.0g,32.0g,1.5g,480mg
Khandvi (4 pcs),100 g,150,5.0g,24.0g,4.0g,2.0g,380mg
Veg Extravaganza (1 slice),200 ml,320,12.0g,38.0g,13.5g,3.0g,620mg
Tangdi Kabab (2 pcs) - Home Style,200 ml,440,38.0g,5.0g,29.0g,0.5g,680mg
Dum Aloo,50 ml,240,4.0g,22.0g,15.0g,3.0g,460mg
Rajasthani Dal,100 ml,250,10.5g,26.0g,11.0g,5.5g,510mg
Spring Rolls (2 pcs) - Street Style,200 ml,220,5.0g,28.0g,10.0g,2.5g,410mg
Cream Crackers (2 pcs) - Street Style,150 g,75,1.2g,10.0g,3.0g,0.5g,70mg
Apricot - Mild,200 g,17,0.5g,3.9g,0.1g,0.7g,0mg
Okra (Bhindi) - Spicy,200 ml,33,1.9g,7.5g,0.2g,3.2g,7mg
Jackfruit,200 ml,95,1.7g,23.3g,0.6g,1.5g,2mg
Pumpkin - Spicy,250 g,26,1.0g,6.5g,0.1g,0.5g,1mg
Chole Masala - Home Style,200 g,280,11.0g,30.0g,12.0g,7.0g,520mg
Capsicum (Red) - Extra Cheese,250 g,31,1.0g,6.0g,0.3g,2.1g,4mg
Kala Chana,150 g,250,13.0g,34.0g,7.0g,9.0g,450mg
Malai Kofta - Extra Cheese,200 ml,520,10.0g,38.0g,36.0g,5.0g,480mg
Thepla (1 pc) - Extra Cheese,150 g,110,3.0g,15.0g,4.5g,2.0g,120mg
Bitter Gourd - Home Style,300 g,17,1.0g,3.7g,0.2g,2.8g,5mg
Malai Chaap (2 pcs) - Home Style,250 g,440,22.0g,18.0g,32.0g,3.0g,560mg
Rajasthani Dal - Street Style,200 ml,250,10.5g,26.0g,11.0g,5.5g,510mg
Dates (Khajoor) - Mild,150 g,90,0.8g,24.0g,0.2g,2.0g,1mg
Apricot - Restaurant Style,150 ml,17,0.5g,3.9g,0.1g,0.7g,0mg
Kala Chana - Street Style,250 g,250,13.0g,34.0g,7.0g,9.0g,450mg
Veg Pulao - Street Style,150 g,280,6.0g,52.0g,5.5g,3.0g,410mg
Thepla (1 pc) - Restaurant Style,300 g,110,3.0g,15.0g,4.5g,2.0g,120mg
Brioche Bun - Street Style,150 g,220,6.0g,28.0g,10.0g,1.0g,230mg
McFlurry KitKat - Street Style,150 g,350,7.5g,49.0g,14.0g,1.0g,150mg
French Fries (Large) - Extra Cheese,150 g,430,6.0g,55.0g,21.0g,4.5g,260mg
Bitter Gourd,50 ml,17,1.0g,3.7g,0.2g,2.8g,5mg
Gatte ki Sabzi - Street Style,200 ml,260,8.0g,20.0g,16.0g,4.0g,520mg
Banana - Mild,150 ml,105,1.3g,27.0g,0.4g,3.1g,1mg
Haryali Tikka - Street Style,500 g,400,40.0g,10.0g,23.0g,1.0g,660mg
Tamarind Rice - Restaurant Style,200 g,280,4.5g,52.0g,5.0g,2.5g,510mg
Flavored Yogurt (Mango) - Restaurant Style,250 g,115,3.0g,19.0g,2.5g,0g,40mg
Cranberries,150 ml,46,0.4g,12.0g,0.1g,4.6g,2mg
Undhiyu - Home Style,500 g,280,6.0g,32.0g,14.0g,8.0g,440mg
Milk (Skimmed) - Extra Cheese,50 ml,68,6.8g,9.8g,0.4g,0g,120mg
Dahi Bhalla,100 g,270,6.0g,38.0g,10.0g,3.0g,440mg
Salted Butter (1 tbsp) - Extra Cheese,100 g,102,0.1g,0g,11.5g,0g,90mg
Tamarind Rice - Home Style,100 ml,280,4.5g,52.0g,5.0g,2.5g,510mg
McAloo Tikki Burger - Mild,250 g,345,8.0g,48.0g,14.0g,3.5g,650mg
Chole Bhature - Home Style,250 g,580,15.0g,78.0g,24.0g,8.0g,890mg
Mutton Curry - Spicy,200 g,500,27.0g,9.0g,40.0g,1.0g,660mg
Kolkata Biryani - Spicy,200 ml,560,24.0g,72.0g,20.0g,2.5g,890mg
Nalli Nihari - Restaurant Style,100 g,560,30.0g,8.0g,46.0g,0.5g,780mg
Hash Brown - Restaurant Style,100 ml,150,1.5g,16.0g,9.0g,1.5g,280mg
Chicken Spring Roll,100 ml,270,12.0g,28.0g,12.0g,2.0g,490mg
Peas (Green) - Mild,100 g,81,5.4g,14.5g,0.4g,5.1g,5mg
Andhra Chicken Curry - Street Style,150 g,390,25.0g,9.0g,28.0g,1.5g,740mg
Chicken Lollipop (4 pcs) - Spicy,100 g,480,28.0g,22.0g,32.0g,1.0g,850mg
Hash Brown - Restaurant Style,150 g,150,1.5g,16.0g,9.0g,1.5g,280mg
Makki di Roti - Street Style,150 g,240,6.5g,38.0g,7.0g,5.0g,260mg
Rasgulla (2 pcs) - Restaurant Style,100 ml,150,4.0g,28.0g,2.5g,0g,35mg
Sourdough (2 slices) - Street Style,200 g,180,6.0g,34.0g,1.5g,1.5g,340mg
Payasam - Restaurant Style,100 ml,210,5.0g,38.0g,5.0g,0.5g,55mg
Chicken Spring Roll - Street Style,500 g,270,12.0g,28.0g,12.0g,2.0g,490mg
Paneer Lababdar - Mild,200 ml,480,14.0g,15.0g,40.0g,2.0g,620mg
Watermelon - Extra Cheese,300 g,46,0.9g,11.5g,0.2g,0.6g,1mg
Danish Pastry ,100 ml,280,4.5g,32.0g,15.0g,1.0g,200mg
Laddu (1 pc) - Extra Cheese,300 g,150,3.5g,18.0g,7.5g,1.0g,20mg
Jackfruit - Mild,500 g,95,1.7g,23.3g,0.6g,1.5g,2mg
Red Sauce Pasta - Home Style,100 ml,310,9.0g,52.0g,8.0g,4.0g,490mg
Cauliflower,100 ml,25,1.9g,5.0g,0.3g,2.0g,30mg
Strawberries - Extra Cheese,50 ml,32,0.7g,7.7g,0.3g,2.0g,1mg
Roasted Chana - Mild,100 ml,120,7.0g,18.0g,3.0g,4.5g,80mg
Hara Bhara Kabab (4 pcs) - Restaurant Style,150 ml,220,6.0g,28.0g,10.0g,4.5g,380mg
Pistachios (Pista) - Restaurant Style,500 g,160,5.8g,8.0g,12.5g,3.0g,1mg
Parle Biscuit (2 pcs) - Extra Cheese,200 g,80,1.0g,12.0g,3.0g,0.3g,40mg
Veg Korma - Extra Cheese,150 g,340,7.0g,24.0g,25.0g,4.0g,480mg
McFlurry KitKat - Mild,100 g,350,7.5g,49.0g,14.0g,1.0g,150mg
Fox Nuts (Makhana) - Home Style,150 ml,110,4.5g,20.0g,1.5g,4.0g,8mg
Pear ,50 ml,81,0.6g,21.5g,0.2g,4.6g,1mg
Chicken Sausage Pizza (1 slice) - Mild,50 ml,330,15.0g,32.0g,16.0g,1.5g,720mg
Donut (Glazed) - Mild,300 g,270,4.0g,31.0g,15.0g,1.0g,220mg
Black Forest Cake (1 slice) - Home Style,100 ml,330,4.0g,44.0g,15.5g,1.0g,210mg
Persimmon,100 ml,70,0.6g,18.6g,0.2g,3.6g,1mg
Chicken Curry - Extra Cheese,250 g,380,26.0g,8.0g,27.0g,1.0g,620mg
Buttermilk (Chaas),200 g,50,2.5g,6.0g,2.0g,0g,180mg
Sambar Vada,200 ml,310,7.5g,38.0g,14.0g,4.0g,520mg
Bagel - Street Style,150 g,190,7.0g,36.0g,1.5g,2.0g,280mg
Ragi Mudde - Street Style,100 g,180,5.0g,38.0g,1.5g,4.5g,10mg
Kesari Bath - Extra Cheese,100 g,350,3.0g,62.0g,10.0g,1.0g,15mg
Jam (1 tbsp) - Mild,100 ml,55,0.1g,14.0g,0g,0.2g,2mg
Raj Kachori - Spicy,150 g,350,7.0g,48.0g,15.0g,4.5g,520mg
Pink Sauce Pasta - Spicy,200 ml,350,9.5g,50.0g,12.0g,3.0g,470mg
Masala Dosa - Extra Cheese,250 g,315,8.2g,48.5g,9.8g,4.2g,580mg
Lobia - Home Style,200 g,240,12.0g,36.0g,6.0g,8.5g,430mg
Rava Idli - Street Style,300 g,190,4.5g,32.0g,5.0g,1.5g,350mg
Chicken Tikka (6 pcs) - Mild,100 ml,420,42.0g,6.0g,25.0g,0.5g,680mg
Flax Seeds (Alsi),150 ml,75,2.5g,4.0g,6.0g,4.0g,2mg
Egg Noodles - Mild,50 ml,390,14.0g,52.0g,14.0g,2.0g,780mg
Handvo - Home Style,150 ml,210,7.0g,32.0g,7.0g,4.0g,390mg
Hung Curd - Street Style,150 ml,120,11.0g,5.0g,6.5g,0g,50mg
Yogurt (Plain) - Extra Cheese,100 g,61,3.5g,4.7g,3.3g,0g,40mg
Dal Fry - Spicy,500 g,230,9.5g,26.0g,10.0g,5.5g,490mg
Wonton Soup - Mild,200 g,140,8.0g,18.0g,4.5g,1.5g,610mg
Bourbon Biscuit (2 pcs),200 ml,90,1.0g,12.0g,4.5g,0.5g,35mg
Persimmon - Restaurant Style,250 g,70,0.6g,18.6g,0.2g,3.6g,1mg
Butter Cookie (2 pcs) - Street Style,250 g,95,1.0g,12.0g,5.0g,0.2g,30mg
Cabbage - Mild,150 g,25,1.3g,5.8g,0.1g,2.5g,18mg
Singapore Noodles,200 ml,370,9.0g,54.0g,12.5g,3.0g,740mg
Malai Kofta,200 ml,520,10.0g,38.0g,36.0g,5.0g,480mg
Sev Puri (6 pieces) - Home Style,500 g,220,4.0g,34.0g,8.0g,2.5g,350mg
Bhel Puri - Restaurant Style,500 g,210,4.0g,40.0g,5.0g,3.5g,340mg
Veg Spring Roll,150 g,210,4.5g,30.0g,8.5g,3.0g,430mg
Shortbread Cookie - Mild,500 g,105,1.0g,12.0g,6.0g,0.2g,30mg
Okra (Bhindi) - Restaurant Style,500 g,33,1.9g,7.5g,0.2g,3.2g,7mg
Chilli Chicken - Extra Cheese,250 g,450,28.0g,24.0g,28.0g,1.5g,860mg
Filet-O-Fish - Home Style,150 ml,360,15.0g,38.0g,17.0g,1.5g,660mg
Nutella (1 tbsp) - Extra Cheese,50 ml,100,1.2g,11.0g,5.5g,0.5g,8mg
Tomato - Home Style,200 ml,18,0.9g,3.9g,0.2g,1.2g,5mg
Mutton Keema - Restaurant Style,150 ml,420,32.0g,6.0g,30.0g,0.5g,620mg
Tofu (Soft) - Mild,200 g,70,7.0g,2.0g,4.0g,0.5g,8mg
Mooli Paratha - Extra Cheese,150 g,310,8.5g,45.0g,11.0g,4.5g,360mg
Apple,150 g,78,0.4g,20.8g,0.2g,3.6g,1mg
Pineapple Cake (1 slice),500 g,260,3.0g,38.0g,10.0g,0.8g,170mg
Chicken Chettinad - Extra Cheese,200 g,400,26.0g,10.0g,29.0g,2.0g,710mg
Goan Fish Curry - Mild,150 ml,330,21.0g,11.0g,22.0g,1.5g,570mg
Mutton Curry - Extra Cheese,200 g,500,27.0g,9.0g,40.0g,1.0g,660mg
Cheese Garlic Bread - Street Style,150 ml,310,11.0g,34.0g,15.0g,2.0g,520mg
Good Day (2 pcs) - Mild,100 g,100,1.2g,13.0g,4.8g,0.4g,40mg
Curd Rice - Mild,150 g,220,6.0g,38.0g,4.5g,2.0g,310mg
Apricots (Dried) - Street Style,100 ml,70,1.0g,18.0g,0.1g,2.0g,2mg
McChicken Wrap,300 g,480,18.0g,46.0g,25.0g,2.5g,790mg
Dahi Vada - Mild,50 ml,290,7.0g,38.0g,12.0g,3.0g,420mg
Fish Moilee - Extra Cheese,200 g,360,20.0g,12.0g,25.0g,1.0g,510mg
Good Day (2 pcs),150 g,100,1.2g,13.0g,4.8g,0.4g,40mg
Poha Jalebi - Spicy,300 g,380,5.0g,62.0g,13.0g,2.5g,360mg
Afghani Chaap,100 ml,420,24.0g,16.0g,30.0g,3.5g,540mg
Mayonnaise (1 tbsp) - Mild,500 g,94,0.1g,0.1g,10.0g,0g,90mg
Carrot - Mild,150 ml,41,0.9g,9.6g,0.2g,2.8g,69mg
Poha Jalebi - Home Style,150 g,380,5.0g,62.0g,13.0g,2.5g,360mg
McChicken Burger - Spicy,300 g,450,16.0g,44.0g,22.0g,2.0g,780mg
Peach - Extra Cheese,200 g,51,1.2g,12.4g,0.3g,2.0g,0mg
Kala Chana - Spicy,500 g,250,13.0g,34.0g,7.0g,9.0g,450mg
Fox Nuts (Makhana),200 ml,110,4.5g,20.0g,1.5g,4.0g,8mg
Walnuts (Akhrot),200 ml,196,4.5g,4.0g,19.5g,2.0g,1mg
Palak Dal,150 ml,220,10.0g,22.0g,10.0g,5.0g,460mg
Andhra Chicken Curry - Restaurant Style,200 ml,390,25.0g,9.0g,28.0g,1.5g,740mg
Pistachios (Pista),500 g,160,5.8g,8.0g,12.5g,3.0g,1mg
Malai Kofta - Street Style,200 g,520,10.0g,38.0g,36.0g,5.0g,480mg
Flavored Yogurt (Strawberry) - Street Style,250 g,110,3.0g,18.0g,2.5g,0g,40mg
Onion - Mild,200 g,40,1.1g,9.3g,0.1g,1.7g,4mg
BLT Sandwich - Mild,100 ml,430,18.0g,36.0g,24.0g,2.5g,760mg
Red Sauce Pasta,150 ml,310,9.0g,52.0g,8.0g,4.0g,490mg
Star Fruit - Home Style,100 ml,28,0.9g,6.0g,0.3g,2.5g,2mg
French Beans - Street Style,100 g,31,1.8g,7.0g,0.1g,3.4g,6mg
Dahi Vada - Street Style,100 g,290,7.0g,38.0g,12.0g,3.0g,420mg
Egg Sandwich - Spicy,50 ml,320,14.0g,32.0g,15.0g,2.0g,540mg
Kadai Paneer,200 g,420,12.5g,15.0g,34.0g,3.0g,610mg
Walnuts (Akhrot),100 ml,196,4.5g,4.0g,19.5g,2.0g,1mg
Cottage Cheese (Paneer) - Street Style,500 g,265,18.0g,6.0g,18.0g,0g,150mg
Vada Pav - Street Style,200 ml,290,6.5g,38.0g,12.5g,2.5g,520mg
Mutton Curry - Extra Cheese,150 ml,500,27.0g,9.0g,40.0g,1.0g,660mg
Cheese N Corn Pizza (1 slice) - Street Style,50 ml,290,10.0g,34.0g,13.0g,2.0g,550mg
Cheese Garlic Bread - Mild,300 g,310,11.0g,34.0g,15.0g,2.0g,520mg
Macadamia Nuts - Home Style,50 ml,215,2.5g,4.0g,22.5g,2.5g,1mg
Aglio Olio Pasta - Mild,150 g,340,8.0g,50.0g,11.0g,3.0g,380mg
Mint Rice - Extra Cheese,100 g,290,5.5g,48.0g,7.5g,3.0g,460mg
Khakhra (1 pc) - Restaurant Style,250 g,70,2.0g,10.0g,2.5g,1.5g,80mg
Cupcake (Vanilla) - Restaurant Style,300 g,210,2.5g,32.0g,8.5g,0.5g,160mg
Flavored Yogurt (Strawberry) - Restaurant Style,150 ml,110,3.0g,18.0g,2.5g,0g,40mg
Okra (Bhindi) - Street Style,200 ml,33,1.9g,7.5g,0.2g,3.2g,7mg
Bitter Gourd - Spicy,150 g,17,1.0g,3.7g,0.2g,2.8g,5mg
Veg Biryani - Street Style,200 ml,450,10.0g,72.0g,13.0g,5.0g,720mg
Ciabatta,50 ml,210,7.0g,40.0g,3.0g,2.0g,350mg
Mayonnaise (1 tbsp),200 ml,94,0.1g,0.1g,10.0g,0g,90mg
Jeera Rice - Home Style,300 g,240,4.5g,48.0g,3.0g,1.0g,290mg
Chole Bhature - Spicy,100 ml,580,15.0g,78.0g,24.0g,8.0g,890mg
Pad Thai Noodles - Mild,150 g,400,10.0g,58.0g,15.0g,3.0g,690mg
Aglio Olio Pasta - Street Style,150 g,340,8.0g,50.0g,11.0g,3.0g,380mg
Kachori (1 pc) - Street Style,100 ml,260,5.0g,30.0g,13.0g,2.5g,340mg
McFlurry KitKat,500 g,350,7.5g,49.0g,14.0g,1.0g,150mg
Maharaja Mac Veg - Street Style,500 g,520,16.0g,54.0g,27.0g,4.0g,920mg
Apricot ,50 ml,17,0.5g,3.9g,0.1g,0.7g,0mg
Matar Pulao,100 g,290,7.5g,52.0g,6.0g,3.5g,400mg
Almonds (Badam,150 g,173,6.0g,6.0g,15.0g,3.5g,0mg
Roasted Chana - Street Style,200 ml,120,7.0g,18.0g,3.0g,4.5g,80mg
Sourdough (2 slices) - Mild,300 g,180,6.0g,34.0g,1.5g,1.5g,340mg
Malai Kofta - Home Style,150 g,520,10.0g,38.0g,36.0g,5.0g,480mg
Sambar Vada - Street Style,250 g,310,7.5g,38.0g,14.0g,4.0g,520mg
Paneer Biryani - Street Style,200 g,520,14.0g,68.0g,20.0g,4.0g,780mg
Jalebi (2 pcs) - Home Style,300 g,180,2.0g,30.0g,6.0g,0.5g,40mg
Hazelnuts,250 g,176,4.5g,5.0g,17.0g,3.0g,0mg
Corn (Sweet),200 g,86,3.3g,19.0g,1.2g,2.7g,15mg
Brazil Nuts - Extra Cheese,200 g,195,4.0g,3.5g,19.5g,2.0g,1mg
Pongal - Restaurant Style,50 ml,340,8.0g,58.0g,8.5g,3.0g,420mg
Samosa (1 pc) - Mild,200 g,210,3.5g,24.0g,11.0g,2.0g,290mg
Dates (Khajoor) - Street Style,250 g,90,0.8g,24.0g,0.2g,2.0g,1mg
Onion Dosa - Home Style,150 ml,310,6.5g,44.0g,11.5g,2.5g,490mg
Fish Curry - Home Style,250 g,340,22.0g,10.0g,23.0g,1.5g,540mg
Egg Biryani - Home Style,200 g,490,18.0g,68.0g,16.0g,2.5g,810mg
Club Sandwich - Home Style,250 g,450,18.0g,44.0g,22.0g,3.0g,720mg
Ridge Gourd - Mild,100 g,17,0.8g,3.8g,0.2g,1.2g,3mg
Watermelon - Extra Cheese,200 ml,46,0.9g,11.5g,0.2g,0.6g,1mg
Chilli Chicken - Home Style,300 g,450,28.0g,24.0g,28.0g,1.5g,860mg
Tangdi Kabab (2 pcs) - Street Style,500 g,440,38.0g,5.0g,29.0g,0.5g,680mg
Veg Extravaganza (1 slice) - Street Style,150 ml,320,12.0g,38.0g,13.5g,3.0g,620mg
Navratna Korma - Spicy,150 ml,380,8.0g,22.0g,30.0g,4.5g,520mg
Apricots (Dried) - Mild,250 g,70,1.0g,18.0g,0.1g,2.0g,2mg
Milk (50 ml),50 ml,25,1.5g,2.5g,1.0g,0g,30mg
Milk (100 ml),100 ml,50,3.0g,5.0g,2.0g,0g,60mg
Milk (200 ml),200 ml,100,6.0g,10.0g,4.0g,0g,120mg
Coffee (50 ml),50 ml,2,0.2g,0.3g,0.1g,0g,2mg
Coffee (100 ml),100 ml,4,0.4g,0.6g,0.2g,0g,4mg
Coffee (200 ml),200 ml,8,0.8g,1.2g,0.4g,0g,8mg
Cold Coffee (50 ml),50 ml,35,1.0g,5.0g,1.5g,0g,25mg
Cold Coffee (100 ml),100 ml,70,2.0g,10.0g,3.0g,0g,50mg
Cold Coffee (200 ml),200 ml,140,4.0g,20.0g,6.0g,0g,100mg
Turmeric Latte (50 ml),50 ml,30,0.5g,4.0g,1.5g,0.2g,15mg
Turmeric Latte (100 ml),100 ml,60,1.0g,8.0g,3.0g,0.4g,30mg
Turmeric Latte (200 ml),200 ml,120,2.0g,16.0g,6.0g,0.8g,60mg
Chai (50 ml),50 ml,25,0.5g,4.0g,1.0g,0g,20mg
Chai (100 ml),100 ml,50,1.0g,8.0g,2.0g,0g,40mg
Chai (200 ml),200 ml,100,2.0g,16.0g,4.0g,0g,80mg
Ice Cream (50 ml),50 ml,90,1.5g,12.0g,4.5g,0g,30mg
Ice Cream (100 ml),100 ml,180,3.0g,24.0g,9.0g,0g,60mg
Ice Cream (200 ml),200 ml,360,6.0g,48.0g,18.0g,0g,120mg
